:020000041000EA
:10000000002008205D0100101B0100101D010010E0
:100010001101001011010010110100101101001058
:100020001901001019010010190100101F01001022
:10003000110100101901001021010010230100100E
:100040001101001011010010110100101101001028
:100050001101001011010010110100101101001018
:100060001101001011010010110100101101001008
:1000700011010010110100101101001011010010F8
:1000800011010010110100101101001011010010E8
:1000900011010010110100101101001011010010D8
:1000A00011010010110100101101001011010010C8
:1000B00011010010110100101101001011010010B8
:1000C00011010010110100101101001011010010A8
:1000D0001101001011010010110100101101001098
:1000E0001101001011010010110100101101001088
:1000F0001101001011010010110100101101001078
:100100001101001011010010110100101101001067
:10011000EFF30580103800BE00BE00BE00BE00BE7A
:1001200000BE00BEF2EB8871E40705100808051058
:10013000A001001090A31AE7D3DEFFFF42012110B7
:10014000FF010000681F0500793512AB4FF0000079
:100150001E49086006C881F3088810474FF05040D8
:10016000006810B14FF00000F2E70DA40ECC00299A
:1001700002D000F012F8F9E71549164A002000E015
:1001800001C19142FCD11449884714498847144958
:10019000884700BEFDE701C901C29A42FBD3704700
:1001A0000808051020010020B8190020A020051023
:1001B0000000082000000820A020051000100820E2
:1001C00000100820000000007047000008ED00E06B
:1001D000B8190020F0E00020E13800108103001081
:1001E000D9380010F8B500BF064B0749C91A891065
:1001F00048BF0131491003D0044B0BB101481847E7
:10020000704700BFB8190020B81900200000000096
:1002100008B5054B1BB105490548AFF30080BDE8A3
:100220000840FFF7E1BF00BF0000000048D00020F9
:10023000706C0110014803F03FBD00BF706C0110ED
:10024000014803F039BD00BF906C011070B53F2A22
:1002500092B03ED8144602A816F0FAFB00236C4474
:1002600023729DF8080002AD18B906E015F8010FD9
:1002700018B116F0ABFA0028F8D1284616F05EFC4B
:100280002C18AC4202D809E0AC4207D0264614F83C
:10029000010D16F09BFA0028F6D13446002301A97F
:1002A00023700A222846019316F07AFA2B78014629
:1002B0001BB1019B0BB11B78BBB100210F4B084652
:1002C000196011F019FD29460D4803F0F5FC12B034
:1002D00070BD0021094B0846196011F00DFD094859
:1002E00012B0BDE8704003F067BC0028E5DD034BA9
:1002F0000548196003F0E0FCE9E700BF881B002017
:10030000F86C0110B46C0110D86C011070B5144673
:10031000054682B01146134803F0CEFC24B10022FA
:10032000114B1A7002B070BD01260F4B0F481E70A2
:1003300003F042FC22460E492846CDE900460D4B0B
:1003400006F0FEFE0A49024628B90B4802B0BDE895
:10035000704003F0B1BC094802B0BDE8704003F042
:10036000ABBC00BF206D0110DAE00020486D011029
:100370005C6D011035020010786D0110886D011060
:100380002DE9F04F2DED048B93B003F0D1FB40F637
:10039000B83001F0EBF911F0BDFC002840F093807B
:1003A00011F060FC744803F007FC47F23053734AC5
:1003B0007349744811F062FC0446002879D1022583
:1003C000714803F0F9FB16F0E7F87049704B0D60C7
:1003D0001B68704A83F4804303F47043136005A9DB
:1003E0006D4811F055FA07F069F88246002800F0D0
:1003F000BF802346694A6A4907F054F8694805A94D
:10040000CDE9004040F25B725046674B07F05CF864
:100410000146002840F0A78011F06EFC01F098FA28
:10042000002954D14FF47A73B0FBF3F74FF0000B6F
:100430009FED5E9ADFED5E8A9FED5E8A5E46DFF895
:10044000A4915D4DDFF8A08101F082FA69B34FF409
:100450007A72002316F0BCFB044616F0B5F858B1CA
:10046000A4EB0B03FA2B07D999F80030002B3CD1F1
:10047000524803F0A1FBA3462B68002B2EDD4FF45E
:100480007A722B6802FB03F3E21B9A4206D386F0D2
:1004900001063146002011F02FFC2746322001F0E2
:1004A00065F901F055FA0029D1D1A8FB0034A4095F
:1004B000D3E7434803F080FB4FF0FF3013B0BDECAF
:1004C000048BBDE8F08F3F4803F076FBF4E74FF470
:1004D0007A72002316F07CFB0746A7E70021084646
:1004E00011F00AFC00262746D8E70423274A1360A8
:1004F000A2F500521368DB05FCD55368F0EE686A7C
:100500009BB207EE903AF8EEE77AE7EE896AB3EE2F
:100510000B7AC6EE887A77EE677A17EE900A16F0B5
:100520004FFB294ACDE90001302106A803F090F9DC
:1005300006A816F003FB0022244BCDE9002202930B
:10054000039283B22249504606AA06F05DFC28B900
:100550001F4906AA1F4803F0AFFB8CE701461E485F
:1005600003F0AAFB87E71D4803F0A6FB0120A5E7DF
:100570001B4803F021FBF9E7C46D011004004000A3
:10058000DC6D0110E46D0110086E011000200A40BE
:1005900000000A4000100A40186E01104D020010C1
:1005A00041020010501700200D0300103333533A5E
:1005B0006ABC34BF2D93E13A881B0020EC6E011019
:1005C000EC6D0110A86D0110706E01103502001065
:1005D000786E01109C6E0110C06E0110446E011007
:1005E000286E0110DAE00020D34D621010B44FF4F1
:1005F00080740C4B53F8202003EB8003C00082F082
:10060000400200F1804003F5805C02F0C00200F57A
:10061000203003F54053CCF8002041601C605DF8A9
:10062000044B70470480034010B4084CC90041EAF1
:10063000820154F8202004EB8003514003F58053DD
:1006400001F00C015DF8044B196070470480034011
:10065000064B022203EB800319B103F500531A6025
:10066000704703F540531A60704700BF0480034091
:100670004FF050431B6893B10C4B4FEAD00C00F085
:100680000700800081400A4803EB8C030CF18C0CBE
:1006900040F82C102AB103F5005319607047054B40
:1006A000EBE703F540531960704700BF90820240AA
:1006B00000800240488202402DE9F0414FF050484E
:1006C0000D4FD8F80030164657F823200446024252
:1006D0000D4609D114432946324647F823401520D8
:1006E000BDE8F04100F0CAB901F0E4FAD8F80030F2
:1006F00057F82320EEE700BF44E0002010B5044681
:10070000152000F0AFFA4FF05043044A196852F830
:10071000213023EA040342F8213010BD44E00020D8
:1007200030B44FF0000343EC440043EC4000052597
:100730004FF480740B4BC20053F8201003EB800081
:1007400081F0400102F1804303F5203301F0C00243
:1007500000F5805100F540500A605D60046030BCD7
:10076000704700BF048003400FB400B583B0049C01
:10077000074803F021FA3CB105A92046019103F096
:1007800091F8044803F018FA012003F0A3F800BF21
:10079000186F0110348D0110EFF3108072B6064B04
:1007A000D3E8CF1F01220029FAD1C3E8412F002945
:1007B000F6D1BFF35F8F7047731E00200023034AFA
:1007C000C2E88F3F80F31088704700BF731E00207F
:1007D00070B58646EFF3108572B6124CD4E8CF6F31
:1007E0000120002EFAD1C4E8460F002EF6D1BFF347
:1007F0005F8F4FF0010CC80801F007030CFA03F3F8
:100800001EF800C01CEA030608D14CEA030C0EF8DF
:1008100000C0C4E88F6F85F3108870BD1046FFF7E5
:10082000A3FF00BF731E0020F8B5EFF3108772B668
:100830001C4ED6E8CF5F0124002DFAD1C6E8454F03
:10084000002DF6D1BFF35F8F9A421BD8012502E03D
:100850000132934222D3D40810F804E002F0070CCE
:1008600005FA0CFC1EEA0C0FF2D14EEA0C0E00F851
:1008700004E010460023C6E88F3F87F310889842B3
:1008800007DBF8BD0023C6E88F3F87F310884FF0E1
:10089000FF300029F5D00698FFF766FF4FF0FF30D4
:1008A000E8E700BF731E002000B5EFF3108E72B6AC
:1008B000104BD3E8CFCF0122BCF1000FF9D1C3E830
:1008C0004C2FBCF1000FF4D1BFF35F8F01224FEA30
:1008D000D10C01F0070102FA01F110F80C2022EA14
:1008E000010200F80C200022C3E88F2F8EF310883D
:1008F0005DF804FB731E0020044A1078431CDBB231
:10090000182B28BF10231370704700BF6C170020EE
:1009100010B5054C82B001461F23182200940348ED
:10092000FFF782FF02B010BD286F0110B023002036
:100930004FF0E022936843F000539360704700BF8C
:100940000021044B03F12002C3E88F1F01339342BF
:10095000FAD17047681E00204FF0E0234FF080323C
:10096000C3F80024C3F80424C3F80824C3F80C24F3
:10097000C3F81024C3F81424C3F81824C3F81C24A3
:10098000C3F82024C3F82424C3F82824C3F82C2453
:10099000C3F8302462B67047012300F01F02934071
:1009A000400941B1800000F1604000F56140C0F8AD
:1009B000803103607047024A203042F8203070478F
:1009C00000E100E00123064A410952F8212000F02D
:1009D0001F0003FA00F01040003818BF01207047D4
:1009E00000E100E001224309034900F01F008240BA
:1009F000403341F82320704700E100E0054A103001
:100A00009268054B52F82000C01A2F288CBF002096
:100A10000120704700ED00E070170020F8B50D468A
:100A2000EFF3108772B6124ED6E8CF2F0123002ABB
:100A3000FAD1C6E8423F002AF6D1BFF35F8F0D4BD3
:100A400000F110049B680C4A53F82430934203D001
:100A5000994201D001F02EF9064B9B6843F82450CF
:100A6000BFF35F8F0023C6E88F3F87F31088F8BD80
:100A7000711E002000ED00E0110100102DE9F04F83
:100A800081468B46164683B0EFF3108372B6DFF8CB
:100A9000D0A10093DAE8CF1F01230029FAD1CAE8D8
:100AA000413F0029F6D1BFF35F8F664B93F90040B9
:100AB000002CC0F2A080644D04EB440705EB8708CE
:100AC00098F8061009F110091970604BBF009B6877
:100AD00053F829006300411B2F292FD95C49884214
:100AE00040F0A4801C445B4B02372F44043BDB1BCB
:100AF000C3F34A036FEAC3434FF421416FEAD34380
:100B000025F8241005EB840463804BF60153A38081
:100B1000FF2348F00100E671C4F808B0A3714B4B05
:100B20009B6843F82900BFF35F8F0023CAE88F3F1B
:100B3000009B83F3108803B0BDE8F08F20F0010E16
:100B40009EF80710B1422ED84FF42143EB53414B8E
:100B5000B91C2944043B04375B1A2F44AEF104014D
:100B6000C91BC1F34A043C49C3F34A030B43214365
:100B7000A8F804103949A8F802304AF6AA207346AA
:100B80005B1B5B415843000D88F8076088F806003E
:100B9000C8F808B048F00100CEF80010BFE7D179DE
:100BA000B1422ED996469EF906C00CEB4C02BCF120
:100BB000000F05EB8202F2DA4BF601510EF104024E
:100BC000A8F10407BF1AC7F34A076FEAC7476FEADD
:100BD000D7478EF8064003EB0408204C05EB88034A
:100BE000AEF8047045F82840998083F806C0DE719D
:100BF000C3F808B093E701F05DF8124B93F9004099
:100C000059E7724632F8041F490514D449150231D8
:100C100002EB410101916FF00701C91B019F491BC4
:100C20003944C1F34A0141F46041C9E7019301F03D
:100C300041F8019B56E701F5FF1101F5FF511F3106
:100C4000E4E700BFE3E000207017002000ED00E0C3
:100C500011010010A017002000E0FFFF01488047AD
:100C6000711E00202DE9F04F83B0EFF3108A72B6A9
:100C7000714ED6E8CF2F0123002AFAD1C6E8423FB1
:100C8000002AF6D1BFF35F8F6C4B00F110089B6810
:100C90006B4A53F82850954245D08D420C4650D0AF
:100CA000684FEB1B2F2B3ED801214FEA50194FEA1A
:100CB000890909F1604909F5614900F01F0301FA4A
:100CC00003F0D9F80030C9F8800000EA030BBFF345
:100CD0005F8FEFF30581C9B2002934D0884505D074
:100CE000CDE9001000F0E6FFDDE9001025F0010E6F
:100CF000DEF808C0644505D189E0D3F808C0644532
:100D000031D09E469EF9062002EB4203002A07EBF3
:100D10008303F2DA644561D0BBF1000F20D0C9F83B
:100D20008001C9F80000454B9B6843F82850BFF389
:100D30005F8F0023C6E88F3F8AF3108803B0BDE8B9
:100D4000F08F1546EFE725F0010EDEF808C0644588
:100D5000D8D19EF906407346002C08DA154646E0C5
:100D6000C9F88000DFE793F90640002C37DB04EB7D
:100D7000440C07EB8C0C9CF80710DCF80820D971A8
:100D80009A609CF906206100002A9A713DDBBCF84C
:100D900004E05FEA4E5E05D50EF5FF1E0EF5FF5E20
:100DA0000EF11F0E6FF0070C0A194FEA6E5E9200EB
:100DB00002EB4E0208323A44ACEB030C6244C2F33D
:100DC0004A026FEAC2426FEAD2429A801E4B214425
:100DD0001A7807EB81011C708A719DE77346D9B9B7
:100DE000FF228EF806204BF60152AEF80420164C76
:100DF0004AF6AA2294F800C01946C91B49414A4341
:100E0000120D83F806C0227086E7104ADDE79EF9CE
:100E100006407346002CAADA0D4A0E4CD21A083A44
:100E2000C2F30A316FEA01516FEA115144EA5202EA
:100E3000DA80998070E700BF711E002000ED00E0AD
:100E40001101001070170020E3E0002001BDFFFF3A
:100E5000AA17002000F8FFFF4FF0FF0C20F003035B
:100E600003F1604303F5644300F003001A68C00017
:100E70000CFA00FC22EA0C0281400A431A60704717
:100E8000F0B5EFF30585EDB2EFF3108C72B626499D
:100E9000D1E8CF2F0123002AFAD1C1E8423F002A2E
:100EA000F6D1BFF35F8F214E40F0010EB4684AF6D1
:100EB000AA2354F825701E4A0446A41A64416343C9
:100EC0001B0D77455BB21BD092F906409C421CD0AB
:100ED00092F912409C4223D092F91E409C4221D0AC
:100EE00092F92A409C4208BF03240FD0114A0024E3
:100EF000157813708571C1E88F4F8CF31088F0BDA1
:100F0000B2680D4C42F82540F0E7002404EB44049D
:100F100002EB8402FF2494714BF601549480E5E7C0
:100F20000124F3E70224F1E7711E002000ED00E048
:100F300070170020E3E00020110100100146024874
:100F4000C1F13301FFF7B0BCEFE0002010B5074C52
:100F500082B001460523002200940548FFF764FC97
:100F60000028A8BFC0F1330002B010BD446F0110CB
:100F7000EFE0002070B504460E461546FFF7BCFCB6
:100F80000146204600F006F8A680E580BFF35F8F9B
:100F900070BD00BF014B0B4403607047681E00200A
:100FA00070B5104C104DAC420ED2FF26236863B1D1
:100FB000FFF7A2FC01462046FFF7ECFFA680BFF337
:100FC0005F8F0834AC42F1D370BDFFF795FC01464A
:100FD0002046FFF7DFFF2671BFF35F8F0834AC4276
:100FE000E4D370BDB0190020B819002010B5044634
:100FF000FFF782FC01462046FFF7CCFFFF23237159
:10100000BFF35F8F10BD00BF10B50446FFF774FC3F
:1010100001462046FFF7BEFFFF23A380BFF35F8F8B
:1010200010BD00BF10B504460120FFF771FC034B53
:1010300003442360BFF35F8F10BD00BF681E002014
:10104000024B0B440360BFF35F8F7047681E0020A4
:101050000D4B1A68EFF3108172B6D2E8CFCF0120A2
:10106000BCF1000FF9D1C2E84C0FBCF1000FF4D174
:10107000BFF35F8F00221B68C3E88F2F81F31088B6
:1010800040BF00200021704764E000200000000005
:101090002DE9F04F2DED028B85B0EFF30583DBB228
:1010A000103B9A0818BF01224FF0010103F0030B17
:1010B00018BFAF4DAF4B08BFAF4D0BEB820253F8DB
:1010C000226001FA0BF205F541539FEDA78B0192C7
:1010D0005A602FE0B3881C0440F19380B379002B51
:1010E00040F0DD80B6F90820002AC0F21E81736945
:1010F00002EB420203EBC203D3E90247B7F1FF3F21
:1011000008BFB4F1FF3F0ED005EB8B01AB6A0A6953
:10111000D21AE31A934205D301232A6A03FA0BF386
:10112000134200D10C61284600F00AFCA042B941EC
:10113000C0F2FB80B6F90830019A002B0093EA63F5
:10114000C8DBD6F8148003EB4309284608EBC9072F
:10115000D7E9024A00F0F4FBA04271EB0A01B9DBC7
:10116000BAF1000FC0F2C380D7E90431834A934239
:1011700000F0ED807A88B6F9080092B242EA0040A9
:10118000984702460B4652EA030100F0B080002B5C
:1011900080F2D180B4EB020E6AEB030A38F93930E1
:1011A000C7E902EA002B95DB716903EB430201EB0F
:1011B000C202D2E90270BE457AEB000C4FEA43024C
:1011C00088DBB4462CF8083F06E003EB430001EB54
:1011D000C0005A00D0E90270BE451A447AEB000004
:1011E00001EBC20404DB31F93230A446002BECDA07
:1011F00028F83930009BACF80030B3881C043FF568
:101200006DAF3369EFF3108272B6D3E8CF0F0121CF
:101210000028FAD1C3E8401F0028F6D1BFF35F8F42
:101220004FF6FF74B0880023316900B2B480C1E882
:101230008F3F82F310889842FFF650AF0746A946C9
:10124000746906F1080807EB470E04EBCE03D3E9F7
:101250000250B6F90830C446002B13DBB2460097A3
:1012600004E034F936309446002B09DB03EB4306E7
:1012700004EBC602D2E90271BD4270EB0101F0DA63
:101280005646009FACF8007034F93E7024F83E30AA
:10129000002FD8DAB3794D46002B3FF423AF00235B
:1012A000B371B6F9083006F10808581C3DD01A464B
:1012B000776903E08046591C3FF416AF03EB430106
:1012C00007EBC100B0F802C01C461CF4004F9E465C
:1012D00037F93130EED0944280ED028B05D0A8F87A
:1012E0000030328927F8312034817246E3E738F83C
:1012F000393033813369EFF3108272B6D3E8CF0F00
:1013000001210028FAD1C3E8401F0028F6D1BFF31D
:101310005F8F7388316928F83930009B7380002310
:10132000C1E88F3F82F31088D4E640BF05B0BDEC22
:10133000028BBDE8F08F2846CDE9022300F000FBC8
:10134000029A039B10EB020E43EB010A26E70846C4
:101350000B69029198470028C9D00299D1E900236E
:1013600011E700BFAFF30080FFFFFFFFFFFFFFFFAC
:1013700000800B4068D0002000000B40911000104E
:101380002DE9F84F364C25692DB1BDE8F84F0A21FB
:101390003448FFF7FFBDDFF8E4800321404600F04A
:1013A000BDFA0326C4F80C80FFF7A6FA4FF0504CA4
:1013B0002D4B267003442361DCF800300F2163704D
:1013C000636961801D834FF00405A3F878504FF0E6
:1013D0000505A3F890504FF00605A3F8A8504FF06C
:1013E00007050E214FF6FF7208274FF00A0EA3F8EB
:1013F000C0504FF001094FF00C0C4FF0020B4FF0B2
:10140000090A0D204FF00B05A3F868111749A280B7
:10141000A3F808E1A160A3F848B0A3F8F0A0A3F8EE
:101420002051A3F838C1A3F85001A3F83090A3F8D5
:101430006060A3F8D8701A800D4B3046C8F8207051
:101440000C49DC60FFF7EAFA49463046FFF7A4FA98
:10145000094B0A211F640348BDE8F84FFFF79ABD06
:10146000B817002064E00020681E0020FFFF100075
:1014700068D000209110001000200B4000000B40AD
:1014800000487047B8170020F8B59DF82050044672
:1014900017461E4635B900F05BFA874266EB01013C
:1014A00000295CDB2169EFF3108372B6D1E8CF0F1E
:1014B00001220028FAD1C1E8402F0028F6D1BFF35D
:1014C0005F8FB4F90220656902EB4201002A4FEAFE
:1014D000C10C206905EBC10139DB35F80CE0A4F83B
:1014E00002E04FF0000EC0E88FEF83F310884888C9
:1014F000069B0130C0F30E00012838BF01200B61AC
:10150000079B48804B61C1E9027640EA02402369AB
:10151000EFF3108172B6D3E8CF7F0126002FFAD106
:10152000C3E8476F002FF6D1BFF35F8FA38825F87C
:101530000C30A2802369C3E88FEF81F31088012269
:10154000E368217803F501538A405A60F8BD002210
:10155000C0E88F2F83F310884FF0FF30F8BD284686
:10156000F8BD00BF0146F0B50069EFF3108772B611
:10157000D0E8CF5F0124002DFAD1C0E8454F002DFF
:10158000F6D1BFF35F8FB1F902E04C690EEB4E0C60
:10159000BEF1000F4FEACC05086904EBCC0C3CDB34
:1015A000665B4E800026C0E88F6F87F31088BCF81A
:1015B0000200CCE902230130C0F30E00012838BF3D
:1015C0000120059BACF80200CCF81030069B40EAE5
:1015D0000E40CCF814300B69EFF3108272B6D3E8EA
:1015E000CFCF0127BCF1000FF9D1C3E84C7FBCF18C
:1015F000000FF4D1BFF35F8F8B886353A1F804E031
:101600000B69C3E88F6F82F310880122CB680978D9
:1016100003F501538A405A60F0BD0023C0E88F3FB4
:1016200087F310884FF0FF30F0BD00BF03464089BC
:10163000B0EB214F37DD58690A1402EB420210B5B6
:1016400000EBC2001C69EFF3108C72B6D4E8CFEF48
:101650000122BEF1000FF9D1C4E84E2FBEF1000FF8
:10166000F4D1BFF35F8F428889B292B28A4207D029
:1016700000221B69C3E88F2F8CF31088002010BD57
:1016800042F4004242800121002218699971C0E8A9
:101690008F2F8CF310881C78DA68084602F5015306
:1016A000A140596010BD0020704700BF40787047CE
:1016B0002DE9F041851F41F1FF37A84271EB070387
:1016C00038BF002582B038BF2F4604460E4600F0D2
:1016D0003FF9281A67EB010C01287CF1000C06DAAF
:1016E0002046314602B0BDE8F04100F03BB900F0C1
:1016F0002FF9854267EB010100290ADB0021174B16
:101700002A46009316483B460191FFF72BFF013014
:10171000E6D04FF0000C134A1349536A9F4204D895
:10172000906AA842DCD29F42DAD10B68EFF31080B6
:1017300072B6D3E8CF8F5FF0010EB8F1000FF8D189
:10174000C3E848EFB8F1000FF3D1BFF35F8F0B6828
:10175000C3E88FCF80F3108820BFDEE75110001060
:10176000B817002000000B4064E000202DE9F04194
:1017700082B0064600F0ECF84FF47A7304464FF05E
:10178000FF306FF00042E6FB0341A04272EB010321
:101790003ABF044615460D46A61F45F1FF37B44231
:1017A00075EB07033CBF0026374600F0D1F8301A2E
:1017B00067EB0101012871F1000106DA2046294694
:1017C00002B0BDE8F04100F0CDB800F0C1F88642AB
:1017D00067EB010100290ADB0021174B3246009319
:1017E00016483B460191FFF7BDFE0130E6D04FF0B1
:1017F000000C134A1349536A9F4204D8906AB042BE
:10180000DCD29F42DAD10B68EFF3108072B6D3E8D6
:10181000CF8F5FF0010EB8F1000FF8D1C3E848EFA9
:10182000B8F1000FF3D1BFF35F8F0B68C3E88FCF20
:1018300080F3108820BFDEE751100010B817002099
:1018400000000B4064E000202DE9F04306460D4601
:1018500083B0EFF30584E4B23CB12D4B5A6AAA423F
:101860001CD2002003B0BDE8F0832A4FD7F80C90BB
:1018700097F80080484600F063F808F1040859F82A
:1018800028301B1A301A65EB0101984271F10001F2
:1018900010DB20BF1E4B5A6AAA42E2D314BF0124B8
:1018A00000249B6AB34234BF204644F0010003B0D9
:1018B000BDE8F08300F04CF8864265EB0101002999
:1018C00014DB154B3846CDE9003432462B46FFF782
:1018D00049FE011E0ADD0E4B5A6AAA4216D39B6AC4
:1018E000B34211D30B48FFF7A1FEB6E7084B5C6A81
:1018F000AC42B6D3641B18BF01249B6AB34234BF09
:10190000204644F00100ADE7AA42EBD120BFE9E751
:1019100000000B40B81700205110001010B4054B08
:10192000054C064AA04214BF1846581C5DF8044BEB
:10193000FEF74EBFB423002000800B40606F011003
:101940000346416A0A46986A596A8A42FAD1704740
:10195000034B596A0A46986A596A9142FAD170470C
:1019600000000B40074A536A9942FCD8994207D1BC
:10197000044B02E05A6A914202D19A6A9042F9D825
:10198000704700BF00000B4000EB400C4FEA8C0C8E
:101990000CF1804C0CF5803CF0B51646DCF80420C8
:1019A000051FB2F5803F38BF4FF48032EDB238BF2B
:1019B000CCF80420012D2AD94FF40067254C0CF5F2
:1019C0004052176054F82020B2B9DCF80020012DF5
:1019D00082EA461202F0E0020CF5805632602AD903
:1019E0004FF4006144F820304FF480330CF500527E
:1019F0001160CCF80430F0BD6769B7FBF2FE0EF160
:101A0000010E0EEB4E0EBEF1030EFCD2DDE70129F6
:101A1000D2D103240CF540521460DCF80820D20720
:101A2000FBD5DCF800200B4C82EA461202F0E00203
:101A30000CF5805632600122DCF800504D4005F074
:101A40000305356002FA01F1DCF808200A42FBD0F8
:101A5000C6E700BFBC230020014B53F820007047AD
:101A6000BC23002070B4039D04682D0345EA0345A0
:101A70001B4B002CB3FBF1F3B2FBF3F61FDB194A4F
:101A8000194B904214BF4FF480424FF40042174C60
:101A90001A6003F580531A60A36832EA0303FBD18E
:101AA000212200F540530433016086601A60026809
:101AB000002AFCDA0822C5601A6070BC704703680F
:101AC00003F03F038B42DAD18368C3F30B03B342C5
:101AD000D5D1C36803F4EE23AB42D0D1EDE700BF0C
:101AE000001BB700008005400020024000000240BB
:101AF00030B44FF080441C4B1C60E0B11B4CA3F58C
:101B00004053DC611A4C40F0010044401C625962B1
:101B100098624FF080454FF0E061134B1548164C2A
:101B20001D60846019604AB930BC4FF00042A3F5D3
:101B300080531A607047114BD861EAE74FF47A730B
:101B400003FB02F2B2F1807F2ABF6FF07F4313469E
:101B50001A464FF080410A4C08482360094B426006
:101B600030BC1960704700BF00B00D40D3C007B053
:101B70002D3FF84F00A00140F3FFFF0100800D4012
:101B8000A836002000A00D40012300EB400080009B
:101B900000F1804000F5841041600360704700BF91
:101BA000002370B5DB8A04460D46002242E800F2AD
:101BB000520254BF1021042144F252209847864615
:101BC0002B462246F446BDE870400A214FF481704E
:101BD000604700BF0023DB8A002242E800F2520285
:101BE00001D4102118470421184700BF08B5034647
:101BF0000846191E02DB1AB140F03000FFF7D0FF93
:101C000040F02000FAE700BF002310B5DA8A04464E
:101C100086B0002343E800F35B0254BF1021042187
:101C200045F24730904710220346052101A8984706
:101C3000052802D0002006B010BD0DF1080CBCE84C
:101C40000F00206001206160A260E36006B010BD5B
:101C5000034AD2F82838002BFBD0BFF35F8F7047C0
:101C600000000E400021044B044ABFF35F8F43F88D
:101C7000041B9342F9D170470C080E402C080E400B
:101C800010B44FF48D704FF42A64064A064B07498E
:101C90001460D06019605368002BFCDA5DF8044BC7
:101CA000704700BF0080044000A0044000B0FA006C
:101CB000704700BF08B50148FEF756FD846F01105C
:101CC00038B5054C054DAC4204D254F8043B984756
:101CD000AC42FAD338BD00BF286C0110686C01100B
:101CE00010B40748074C084B084A094904601A60B9
:101CF0008B6832EA0303FBD15DF8044B704700BFE9
:101D0000002002407F3BEFEF00300240F6FFF3037C
:101D100000000240044BDB6CB3F5004F03D14FF4DD
:101D20008022024BDA6470470000115000201150ED
:101D30004FF0E022044BD2F8881D0B43C2F8883DD7
:101D400010EE3004704700BF030330006FF06041B5
:101D5000044B054A19609368DB4333F06043FAD1C2
:101D6000704700BF003002400000024010B545F24D
:101D70005320FFF72FFFBDE810400346042018470B
:101D800010B545F25320FFF725FFBDE8104003468C
:101D900001201847FEF7D4BD1449154B70B55C1AE5
:101DA000A610442E324628BF4422124D92002846E7
:101DB00014F04EFEB4F5867F13D80F4AC6F14400E6
:101DC00012D02B19410803EBC101C3E900220833EB
:101DD0008B42FAD1C30704D520F00100304445F806
:101DE0002020064B9D6070BD4320F8E700000010E6
:101DF00010010010000000201101001000ED00E0B3
:101E0000002370B52B4C82B0C4F88430FFF738FF44
:101E10000122294BDA63636C012BFCD10321264A92
:101E2000244B11639C6B012CFCD102260525214615
:101E30000523224A22480096FFF714FE21462B462E
:101E4000204A21480095FFF70DFE0022042031466C
:101E50001E4BFFF799FD2146284600221C4BFFF739
:101E600093FD0022082011461A4BFFF78DFD00223A
:101E700009201146174BFFF787FD00220620114667
:101E8000134BFFF781FD0022114B07201146FFF78E
:101E90007BFD0420FFF7E0FD00240F4BA3FB003582
:101EA000AD0CE0B229460134FFF76EFE062CF8D1E6
:101EB00002B070BD0000014000300140002F6859A1
:101EC00000000540008C864700800540001BB700DD
:101ED00080D1F008006CDC0283DE1B4386B003B4C3
:101EE00051FC0804CDE9020151FC0904CDE90401CB
:101EF00051EC0A04CDE9060103BCF047BDE80050EF
:101F00004EEC00C4BDE800504EEC01C4BDE80050EA
:101F10004EEC02C400BD000000B5FFF7DFFF02E099
:101F200010FE30F4F8D441EC100443EC112400EE20
:101F3000010410EE010480EE200451EC10047047FF
:101F400000B5FFF7CBFF02E010FE30F4F8D441EC0F
:101F5000100443EC112400EE010410EE210480EE85
:101F6000200451EC3004704700B5FFF7B7FF02E0E2
:101F700010FE30F4F8D410B541EC100443EC1124F9
:101F800051EC040453EC0524A0FB024C5FF0000E5E
:101F9000E0FB03CEE1FB02CE4CEC20440024E1FB4D
:101FA00003E444EC30E480EE200451EC5004BDE83E
:101FB0001040704700B5FFF791FF02E010FE30F4CB
:101FC000F8D441EC100443EC112451EC2104A0FBA3
:101FD00001126FEA820252FB100052FB12F252FB16
:101FE0001000A0EBD07C53EC04245CFB13F153EC09
:101FF0001524A1FB022001FB030053EC4424A2EBB7
:10200000000050FB1CF24FEA111312EB017043EB7E
:10201000E27140EA515020EA915020F0070053EC61
:102020007524A0FB023C53EC752400FB03CC01FBA0
:1020300002CC53EC0424ACEB824C40EA5C70A0F17F
:10204000010041EC400480EE200451EC7004704724
:1020500000B5FFF743FF02E010FE30F4F8D440EC87
:10206000700400EE010410EE210480EE200451EC17
:102070003004704700B5FFF731FF02E010FE30F486
:10208000F8D440EC600400EE010410EE210480EE70
:10209000200451EC3004704700B5FFF71FFF02E049
:1020A00010FE30F4F8D441EC800400EE010410EE90
:1020B000010480EE400410EE1304704700B5FFF7F2
:1020C0000DFF02E010FE30F4F8D441EC800400EE85
:1020D000010410EE010480EE400410EE330470475A
:1020E00000B5FFF7FBFE02E010FE30F4F8D441EC3F
:1020F000100443EC112400EE010410EE3004C0F390
:102100000070704700B5FFF7E9FE02E010FE30F402
:10211000F8D443EC102441EC110400EE010410EE5D
:1021200030F48CBF01200020704700BF00B5FFF7DE
:10213000D5FE02E010FE30F4F8D443EC102441EC5C
:10214000110400EE010410EE30F42CBF0120002039
:10215000704700BF00B5FFF7C1FE02E010FE30F48B
:10216000F8D441EC100443EC112400EE010410EE0D
:1021700030F42CBF01200020704700BF00B5FFF7EE
:10218000ADFE02E010FE30F4F8D441EC100443EC54
:10219000112400EE010410EE30F48CBF0120002069
:1021A000704700BF9A4238BF88547047704700BFDD
:1021B0002DE9F04F83B09946DDE90DAB0F9B8846C2
:1021C00011469A07074616D1DA453AD20C460D4613
:1021D000ABEB0A060E4422464B4641462020013412
:1021E000B847B442F7D12946BAF1000F08D12046CA
:1021F00003B0BDE8F08F0C46BAF1000F10D00E46C8
:1022000055460C9B2E449A440191721B4B46013D4E
:1022100041461AF8010D3446B847002DF5D1019911
:102220000F9B9B07E3D5651AAB45E0D922464B4689
:10223000414620200135B8475D4504F10104F5D33E
:10224000D5E70C46BAF1000FD9D1D0E72DE9F04F10
:102250000F9FDDF8248017F0020F0A9C9DF82CA038
:102260000E9DDDE90C9644D1F5BBB44241D207F096
:10227000010B04F1FF3C4FF0300EC44404E0013484
:10228000A6420CF801EF01D9202CF8D1BBF1000FC8
:1022900000F08880A5422CD904F1FF3C4FF0300EAD
:1022A000C44404E00134AC420CF801EF21D0202CEE
:1022B000F8D117F0100F0ED017F4806F54D1A6424A
:1022C00063D0A54261D0B9F1100F50D0B9F1020F1F
:1022D00056D0202C29D12024CDE90B57CDE90984F3
:1022E000BDE8F04FFFF764BF17F0010B34D1B442E3
:1022F000BFD317F0100F1ED017F4806FE3D1002C5E
:10230000DDD1B9F1100F63D0B9F1020F77D03024CD
:1023100088F800400124BAF1000F11D17E0748D59A
:102320002B2608F804600134D6E7264601344FF026
:10233000300C08F806C0202CCDD0BAF1000FEDD03B
:102340002D2608F804600134CDE90B57CDE9098446
:10235000BDE8F04FFFF72CBFBAF1000F30D0B44208
:1023600005F1FF3585D395E7B9F1100FB3D1BE065E
:102370003BD5202CAFD0582608F804600134A8E7DC
:10238000202CA8D02646013407E0661EB9D0B9F14A
:10239000100F36D0B9F1020FC9D14FF0620C08F816
:1023A00006C096E717F0100FC5D017F4806F86D0DF
:1023B00089E73E0790D5202608F8046001348BE7B2
:1023C00017F00C0F00D0013DB442FFF452AF61E7AB
:1023D000BC0612D4782488F80040302488F80140E4
:1023E0000224BAF1000F99D0AAE7202C3FF473AF72
:1023F000782608F8046001346BE75824EBE7622480
:10240000E9E717F0200FA4F1020C04D04FF0580EAA
:1024100008F80CE08BE74FF0780E08F80CE086E740
:1024200000B9704701F086BB10B1D1E900311847FF
:10243000704700BF000000002DE9F04F97B09DED00
:10244000207BDDE9225B0746884651EC170B249C74
:1024500099460C920B4602468DED047B0794FFF7DC
:1024600043FE002840F0F481DDE904014FF0FF3223
:102470006FF48013FFF74AFE002840F01B81DDE96E
:1024800004014FF0FF32AC4BFFF77CFE002840F018
:10249000EE80DDE90401A4A3D3E90023FFF772FE77
:1024A000002840F0D380DDE90401A1A3D3E9002393
:1024B000FFF72CFE002840F0C980DDE9040100226E
:1024C0000023FFF723FE002840F0E88023460D900C
:1024D00013F4806F08BF062530212B460EAAA5F104
:1024E000200605E0013BB34202F8011B00F0938196
:1024F000092BF7D81E46ED1ADDE90401FFF7D0FDE0
:102500008E4B044603EBC60393ED007B8DED087BF9
:10251000FFF7A2FD02460B46DDE90401FFF714FDBB
:10252000DDE90823FFF724FD02460B46CDE90A2327
:10253000FFF7C8FD8246FFF7A1FD02460B46DDE925
:102540000A01FFF701FD02460B46CDE90A230022EE
:102550007B4BFFF717FE002800F0FE800AF1010A0E
:102560005046FFF78BFD02460B46DDE90801FFF7F9
:10257000E1FD10B14FF0000A0134002E00F0FD80A3
:10258000681E0EABDFF8CCC118440FE0ACFB0A218B
:10259000C90801EB8102AAEB42023032BAF1090FFD
:1025A00000F8012F40F21C818A461D46202D05F1BE
:1025B000010306F1FF36E9D12025691E0EAB614803
:1025C000194410E080FB0462C3EBA20303EB830217
:1025D000A4EB420404F1300201351C4601F8012F3E
:1025E000002B00F0EB80202D4FEAE473EAD1079B2B
:1025F00003F00303012B18D1BBF1000F15D00D9B85
:10260000002B00F00A810BF1FF3BBBF1200F0CD92E
:102610006B1E0EA930220B4405E001355D4503F821
:10262000012F80F0D180202DF7D1079B0EACCDE992
:1026300002B341464B4638460C9A01950094FFF789
:10264000B7FD8246504617B0BDE8F08F079B9DED61
:10265000047BCDE923B341464B4638460C9A8DEDB9
:10266000207B229517B0BDE8F04F00F045B9610717
:1026700023464CBF042303234146219338464B464F
:10268000079A48BF304CCDE922B258BF2F4C0C9A64
:10269000209417B0BDE8F04FFFF78ABDDDE90423B1
:1026A00000200021FFF750FC0123CDE904010D9328
:1026B00023460DE723469C0740F0AA80BBF1040F98
:1026C00040F2A6800C9B1D461C1F04EB0B0A2A46F9
:1026D0004B46414620200135B847AA45F7D155461B
:1026E0001B4C261F14F8010D2A464B464146B8479D
:1026F000B44205F10105F5D1079B0AF1040A9807D8
:10270000A0D50C9CAAEB04039B459BD952464B4693
:10271000414620200AF1010AB847AAEB04035B45B1
:10272000F4D38FE7AFF300800000000065CDCD410A
:102730000000000065CDCDC1FFFFEF7FD88E0110F6
:102740000000E03F67666666D46F0110DC6F011021
:10275000E86F0110CDCCCCCC0022DDE90A01634B3F
:10276000FFF7D4FC00287FF408AFBAF1000F6AD15C
:102770000AF1010A002E7FF403AF2046FFF76CFC3C
:1027800002460B46DDE90401FFF7DEFB02460B467D
:10279000CDE904230022554BFFF7B8FC00287FF455
:1027A0000CAFDDE904010022504BFFF7EBFC0028E1
:1027B0007FF403AF013424F00104FEE6079B03F02D
:1027C0000303012B00F08280202D3FF42EAF0D9BE0
:1027D0007BB32D220DEB050383F83820013524E768
:1027E000202B3FF4E9AE0EAA15441E44302204E02B
:1027F000202B05F8012F3FF4DFAE9E4203F10103C9
:10280000F6D12E220DEB060383F83820751CD4E692
:10281000DDF830A063E720256EE6079B13F00C0F70
:1028200050D00BF1FF3BAB453FF6F2AE202D3FF40D
:10283000FCAE079B5A0701D52B22CBE71B077FF580
:10284000F4AE2022C6E71AF0010F3FF496AE8FE7F0
:10285000A60734D1BBF1030F31D90C9B1D46DC1EFA
:1028600004EB0B0A2A464B46414620200135B84767
:102870005545F7D155461E4CE61E14F8010D2A4663
:102880004B464146B847A64205F10105F5D1079BE5
:102890000AF1030A9D077FF5D5AE0C9CAAEB040351
:1028A0009B457FF6CFAE52464B46414620200AF16B
:1028B000010AB847AAEB04039B45F4D8C2E6DDF849
:1028C00030A0D7E7AB453FF6A3AEAEE6BBF1000FB5
:1028D0003FF47AAF0D9B002B9FD00BF1FF3B5D4582
:1028E000FFF496AE202D7FF474AF9EE60000E03F2B
:1028F000E36F0110000000002DE9F04F9FB02A9E09
:10290000DDE92845074693460891099322462B4660
:10291000204629460E96DDE92BA6FFF7E5FB0028A9
:1029200040F0BE80204629464FF0FF32784BFFF73B
:1029300029FC002840F0B480204629464FF0FF32A1
:102940006FF48013FFF7E2FB002840F0A9802046D7
:10295000294600220023FFF7D9FB002840F0D5814B
:10296000CDE90A45DDE90A239046994606F400625E
:1029700016F480630F92139340F0A18058EA090384
:1029800040F0CA80002A40F0E38106230E9316F03F
:102990000202109240F0D4815346042B38BF042326
:1029A0000C920422043B12920F93204629460022E7
:1029B0000023FFF7ABFB002840F0F3819DED0A7B7D
:1029C0000F9B5A4603930E9B8DED007B029326F4DA
:1029D000006304933846099B0899FFF72DFD0246D2
:1029E00016F0200F099B08990CBF6520452002F1C5
:1029F0000108B8470C9A129B16AC5D1E82EAE2737E
:102A0000A3EBE273D10F002622469946DFF804C1FA
:102A100001E0202E10D0CE46ACFB0930C00800EB00
:102A20008003A9EB43033033BEF1090F814606F161
:102A3000010602F8013BECD80523002006930A2387
:102A400005950094099D089C4246CDE90330CDE9E7
:102A500001612B4621463846FFF7F8FB109A804665
:102A6000D2B1A0EB0B06B24516D90BEB06022B46F2
:102A7000214620200136B847B245F6D80BF1FF3386
:102A80005344CBF10102A3EB08034244924538BF03
:102A9000002308F10108984440461FB0BDE8F08FBC
:102AA0005A463846CDE92845CDE92BA60E9C099B10
:102AB00008992A941FB0BDE8F04FFFF7BDBC58EA53
:102AC00009032BD1002A3FF462AF00230C930E9B25
:102AD0000C9A934200F3B9814FF000082046294632
:102AE00000220023FFF712FB002840F013819DED28
:102AF0000A7B26F4006646F480668DED287B5A46F4
:102B00003846CDE92A8A099B08992C96D2E700BF5E
:102B1000FFFFEF7FCDCCCCCC06230E93C9F30A5038
:102B2000A0F2FF30FFF798FAC1A3D3E90023FFF723
:102B30001FFAC1A3D3E90023FFF7F2F9C9F3130980
:102B4000CDE90C0149F07F5140460022B24B41F4DF
:102B50004011FFF7F9F9A4A3D3E90023FFF708FA1E
:102B600002460B46DDE90C01FFF7DAF9FFF798FAA8
:102B70000C90FFF771FA9EA3D3E9002380468946A3
:102B8000FFF7F6F90022A54BFFF7CAF9FFF788FA1D
:102B9000034649464046129397A3D3E90023FFF723
:102BA000E7F9804612988946FFF756FA94A3D3E9CD
:102BB0000023FFF7DDF902460B4640464946FFF782
:102BC000C3F902460B4680468946FFF7D1F94246D3
:102BD0004B46CDE9100140464946FFF7A1F90022D6
:102BE000CDE91401DDE910018D4BFFF7E7F9002273
:102BF0008C4BFFF795F902460B46DDE91001FFF714
:102C0000DDF90022884BFFF78BF902460B46DDE920
:102C10001001FFF7D3F942464B4680468946002013
:102C20004FF08041FFF790F902460B464046494677
:102C3000FFF776F902460B46DDE91401FFF7BEF90E
:102C400000227A4BFFF76CF9129B002203F2FF3C43
:102C50004FEA0C53FFF78CF980468946DDE90A01FB
:102C600042464B46FFF752FA50B10C9B4046013B9F
:102C700049460C9300226B4BFFF7A0F9804689462A
:102C80000C9A43466332C62A06F002021092494665
:102C90000F9A2CD8002A5ED0042212920B433FF4E4
:102CA00016AFDDE90A0158A3D3E90023FFF756FA6E
:102CB00048B1DDE90A0156A3D3E90023FFF726FA5C
:102CC00000287FF404AF0E9B002B50D0139A002AEB
:102CD0007DD0013B0E93129B9A4505D9109B002B8A
:102CE00000F0AE800223109300230F9344E022BB38
:102CF000BAF1050F4FD906F00203002B49D1052385
:102D00001293AAF105030F933AE005F100430A94E8
:102D10000B9327E626F4006646F4806638462C9628
:102D2000DDE90A67344607F100455A46CDE92A8AAB
:102D3000CDE92845099B0899BCE605221292ADE72A
:102D400000230222CDE90F3204220C9312922CE6CA
:102D50004FF00508C2E6BAF1040F1FD9109B002BF3
:102D600078D104231293AAF104030F9304E0129B79
:102D70009A4531D80E9B0F930C9B002B3FF415AE58
:102D8000DDE90A0142464B46FFF718F9CDE90A0191
:102D90000BE60223109305231293F1E70423129309
:102DA000EAE7DDE90A45A0460F9B05F100490393D8
:102DB0000E9B5A46029326F4006304933846CDE9ED
:102DC0000089099B0899FFF737FB024608E6129B2A
:102DD0009A4544D80F92CFE7109B8BB30E9B0F936D
:102DE00002231093C8E700BF61436F63A787D23FF8
:102DF00071A379094F930A401655B5BBB16B0240D8
:102E0000EF39FAFE422EE63F2D431CEBE2361A3F25
:102E10000000000080842E410000F83F0000E03FE9
:102E200000002C4000002440000018400000F03F4B
:102E3000FB799F501344D33FB3C8608B288AC63FA9
:102E4000129BAAEB03030F9396E7A3EB020808F18A
:102E5000FF3843E604231293022310938CE7109B60
:102E6000002BEDD002230F92109385E72DE9F04F50
:102E70009BB0249C954D0A94954CB1F1000A18BF63
:102E8000834625601878934C914608BFA346099362
:102E9000002800F093824FF000080AE042464B46BB
:102EA000514608F10108D847099B1878002800F01E
:102EB000CE80099B252803F101030993EED11C461E
:102EC0000023224612F8010BA0F1200110290AD894
:102ED000DFE801F04009093C090909090909093835
:102EE000093409093000A0F130010929099440F2A0
:102EF0008A802A2800F0F08000252E2800F0968095
:102F00000026A0F1680112292DD8DFE811F049014F
:102F10002C0043012C0038012C002C002C002C002C
:102F20002C002C002C0027002C002C002C002C0046
:102F30002C002700144643F00103C2E7144643F077
:102F40000203BEE7144643F00403BAE7144643F015
:102F50001003B6E7144643F00803B2E7099948782E
:102F600043F480730132672809927ED8242840F206
:102F7000C180A0F12502422A00F2BC80DFE812F0F5
:102F80005001BA00BA00BA00BA00BA00BA00BA00DA
:102F9000BA00BA00BA00BA00BA00BA00BA00BA0061
:102FA000BA00BA00BA00BA00BA00BA00BA00BA0051
:102FB000BA00BA00BA00BA00BA00BA00BA00BA0041
:102FC000190137011901BA00BA00BA00BA00BA00F3
:102FD000BA00BA00BA00BA00BA00BA00BA00BA0021
:102FE000BA00BA00BA00BC01BA00BA00BA00BA000E
:102FF000BA00BA00BA00BA00BA00BC015801BC015C
:10300000190137011901002500E0013205EB8505A2
:1030100000EB45051078303DA0F130010929F4D9C5
:103020002E28099202F101027FF46AAF099943F454
:10303000806348781146A0F13006092E40F22181C4
:103040002A2800F02F8109920026013259E74446D0
:10305000C14501D809F1FF384B4642465146002090
:10306000D84720461BB0BDE8F08FA0F16902D2B26C
:103070000F2A3FD8012149F241079140394040F0E1
:10308000F3800A2A3DD0072A34D10A9D55F8042B33
:10309000002A00F0138143F0210012AB1F460B936E
:1030A00003E0202900F014811A4602F00F042346A1
:1030B000092C94BF303337330F2A07F8013B01F155
:1030C00001014FEA1213ECD802E100BF6D2E00108F
:1030D000A0360020AD2100100A99099851F8045B30
:1030E0004078002DCDE90921BCBF43F002036D42B9
:1030F000013202E742464B46514608F10108D847E3
:10310000D2E60A99002E51F8047B18BF324638786F
:1031100008BF4FF0FF32002800F07B83BC18A446A4
:103120003A4604E012F8014F002C00F03F8194452C
:10313000F8D16446E41B5A0540F12281B44228BF0D
:10314000344613F0020300F088820223CDE90A51CD
:1031500042461D46464408E04B465146D84717F8BC
:10316000010F08F1010810B142464645F4D12B4643
:103170000B990A9D002B40F041810A9194E6099930
:1031800048786C287FF4ECAE0A46887843F44073A4
:103190000332E8E6099943F4007348780132E2E625
:1031A00009994878682800F0038143F080030132D0
:1031B000D9E6672800F0D980472800F0DC80452850
:1031C00000F0DB80CDE903530A9B0296073323F01E
:1031D00007031C464246F4E802674B4651465846F0
:1031E000CDE900670A94FFF787FB80465CE6462836
:1031F00008BF43F02003CDE903530A9B029607332F
:1032000023F007031C464246F4E802674B4651464A
:103210005846CDE900670A94FFF70EF9804643E669
:1032200042464B465146252008F10108D8473BE667
:103230000A9A990702F1040408F1010640F1C680D8
:1032400010784B4642465146D847012D88BFA844C6
:1032500040F2BD8132464B46514620200136D847C8
:103260004645F7D10A941FE66F2800F0818040F2AE
:103270004882782800F090810A2723F01003BC468A
:1032800041E0002606EB860600EB4600A0F1300682
:1032900011F8010FA0F13002092AF3D90A46099169
:1032A00001322EE6DDE9092151F8046B90780232F3
:1032B00009920A91013226EAE67622E623F010000E
:1032C00013F4806240F021003FF4E7AE12AB0B93A1
:1032D0000B9B069000930823102005930023424681
:1032E000CDE9023001914B46514658460496FEF70F
:1032F000ADFF0A958046D7E5582862D0622840F095
:103300008F800227BC4613F4806000F0DD8023F03C
:103310000D0313F4007240F081810A990F1D13F41C
:10332000807140F037825C060A9A40F13B81127846
:10333000002A40F04E8123F01003002800F049815C
:10334000114612AA0B92CDE90553CDE903C60191AE
:103350000B9B4246009300235146029358464B462E
:10336000FEF774FF0A9780469EE543F4006329E761
:103370000827BC46C7E743F4006343F0200321E776
:1033800013F0020300F08E8102230A951E460D46BB
:1033900042464B465146D84717F8010F08F101083D
:1033A0000028F5D1294633460A9DE3E6D41BC2E640
:1033B0000A46887843F0C0030332D4E504468046C9
:1033C00046E6102743F02003BC469CE7012D40F25F
:1033D000F880464608F1FF372F4432464B465146A7
:1033E00020200136D847BE42F7D10A9B32461878D2
:1033F00051464B46D847A8440A9455E54646A5424F
:103400007FF6BBAEA844A8EB04080C4632464B46F8
:10341000514620200136D8474645F7D12146ACE633
:1034200013F4806200F0BB804FF4806223F0110C33
:103430001CF400770A9B4AD11CF4807003F1040449
:1034400040F034811CF0400F40F0A3801CF0800F4E
:1034500000F0D381B3F9001081EAE177A7EBE177BF
:10346000BFB2CB0F002900F056813A4612A90F4691
:10347000DFF8D8E30B910A930C9501E020280FD0D8
:103480001546AEFB0213DB0803EB8301A2EB4101FF
:103490003031092D1A4600F1010007F8011BEDD863
:1034A0000A9B0C9DCDE9055CCDE9010304960B9BBD
:1034B000424600930A235146039358464B46FEF773
:1034C000C5FE0A948046EFE423F00C0321E707339E
:1034D00023F00703194608465B6850F8081BDF0F06
:1034E0000A9051EA030062D1002A40F09F811346FE
:1034F000114612AACDE90C7500201546CDE90E68DB
:10350000DFF848E30B9201E020282DD05A1842F151
:103510000002AEFB027828F0030707EB9807D21BE6
:103520001E469B1A61F100070C464FF0CC3101FB9F
:1035300003F10EFB0711A3FB0E731944052307F0DB
:103540000108A8FB03389B180A2E03F130034FEA49
:10355000570774F1000405F8013B00F1010047EA48
:10356000C1734FEA5101CFD2DDE90C75DDE90E6878
:103570000B9B424600930A23CDE9055CCDE9010788
:10358000049603934B4651465846FEF75FFE80462D
:103590008AE419780F4664E71027BC46B3E623F0A7
:1035A000100C45E71C064CBF12881268C0E60A469C
:1035B000191E01DB13469CE75242134661EB4101A1
:1035C00097E713465146187842464B46D847B046CF
:1035D00048E613F0200F14BF4120612012ACA6462C
:1035E0000B940A93A0F10A040C9502E0202912D052
:1035F0002A46B2FBFCF50CFB1520C3B2092803F1E7
:1036000030008ABF1B19C3B2DBB262450EF8013B22
:1036100001F10101EAD20A9B0C9D94E60A9A073255
:1036200022F00702516852F8084B8E460A9254EA7B
:10363000010276D123F01003002872D00022114637
:1036400012AA0B92CDE905530B9B4246009300232F
:10365000CDE903C60191029394E7A54298BF0134D6
:103660007FF674AD4FF48063CDE90A7505EB08026F
:103670001F460D46141B42464B465146202008F17A
:103680000108D847A045F6D13B460A9F294638781D
:103690000B9D6C1C00283FF470AD002B3FF475AE01
:1036A000002353E5A542DFD801346EE61968CB0F3D
:1036B000002900F0A88081EAE172A2EBE17212A970
:1036C0000846DFF888E10B910A930C9501E0202F62
:1036D0000FD01546AEFB0213DB0803EB8301A2EB10
:1036E00041013031092D1A4607F1010700F8011B8D
:1036F000EDD80A9B0C9DCDE9055CCDE901730496DC
:10370000D5E6692823F0100C40F08C8013F4806219
:103710003FF48EAE88E6002A3FF4A8AE12AA0B92C0
:10372000C0E613F0200F14BF41226122002012A92D
:103730000A3ACDE90E68CDE90C35CDF844B006461D
:103740008846754693460B91CDF840C003E0202E85
:1037500017D004460D4629463A460023204613F06A
:1037600037FAD2B2092A02F1300388BF02EB0B0309
:10377000BC42DBB275F1000508F8013B06F1010619
:10378000E5D23146DDE90C35DDE910CBDDF83C80D2
:103790000E9E57E70A99096851B923F0100338B112
:1037A00012A90B91CDE90553CDE903C60192CFE5EE
:1037B00013F0200F14BF4120612012ACA6460B94D9
:1037C0000A93A0F10A040C9502E0202A12D029469F
:1037D000B1FBFCF50CFB1510C3B2092803F1300056
:1037E0008ABF1B19C3B2DBB261450EF8013B02F17F
:1037F0000102EAD20A9B0C9DD4E7196881EAE177BD
:10380000A7EBE1772DE6002A3FF459AF12AA0B92FD
:1038100071E713F480640DD013F0020412D0044653
:103820004646ECE50A276346BC466CE512AB002031
:103830000B939DE613F002037FF4E0AD002D7FF4BF
:1038400013AF9AE4002D7FF40DAF96E4CDCCCCCC31
:1038500084460CB410B584B006AC54F8043B0A4658
:103860000094614604480394FFF700FB04B0BDE8F0
:10387000104002B0704700BFA521001070B59446FB
:103880001E4605460C4684B04FF0FF32634602A93F
:1038900000960348CDE90254FFF7E8FA04B070BD82
:1038A0002924001010B5094B84B01C684CB10346A4
:1038B00000914FF0FF3203A90548A047012004B052
:1038C00010BD00F079F9204604B010BDA0360020EC
:1038D0002124001000BEFDE708B5FFF7FBFF00BF85
:1038E00038B5064C064DFEF7EBF9AC4204D254F85D
:1038F000043B9847AC42FAD338BD00BF686C011056
:10390000706C011003680846114618472DE9F04114
:103910001546427D07468846002A46D0002D1DDD0B
:103920000B780A2B23D0012D4FF0000C18D04646FF
:10393000012416F8012F21460A2A04F1010422D09D
:10394000A542F6D165450BDC08EB050313F8013CF5
:10395000A3F10D03B3FA83F35B093B75BDE8F08176
:103960003B68A5EB0C0108EB0C009847ECE7037DE6
:10397000002BD8D1036802210F489847012DE3D0CE
:103980004FF0010CD3E716F8013C0D2BD8D08C4535
:1039900008EB0C00A1EB0C0101DA3B68984702210F
:1039A00005483B689847A446CAE7294640463B6815
:1039B000BDE8F041184700BF288F01100B682DE9C2
:1039C000F041802B0D46064605D05A1C2B442A6038
:1039D0001E71BDE8F0810F4B1C68A4B10E4F01F1C0
:1039E000040801E0246974B12368002BFAD03B6815
:1039F0000BB1A342F6D1204641462A68FFF786FF65
:103A00002469002CF0D1002301222B442A601E716E
:103A1000BDE8F0816C320020743200202DE9F047BF
:103A200082B00D4691461C460646FDF791FF4FF0C9
:103A3000FF3C6FF000472E4A821841F10003944585
:103A400077EB03013CBF62463B462A4813F0D0F8AF
:103A50006B1C804640D00CB3274F284B1C68B4B178
:103A6000B9F1000F1CD1DFF89C9001E0246974B11A
:103A70002368002BFAD0D9F800300BB19C42F5D165
:103A800020462A463146B8472469002CF0D1B8F1C7
:103A9000000F26D1284602B0BDE8F087184FDCE7BA
:103AA0004FF00A0ADFF85C9002E02469002CEED0A7
:103AB0002368002BF9D0D9F800300BB1A342F4D120
:103AC0002A4631462046B847012220460DF107011B
:103AD0008DF807A0B847E8E7304613F02FF8054601
:103AE000B9E7044813F078F8284602B0BDE8F0873B
:103AF00040420F00B01900200D3900106C32002038
:103B00000539001074320020084A136823B90AE00E
:103B100003F110021B6933B18342F9D129B9186945
:103B200010601961704701B1106070476C3200205D
:103B300000F0DEBAF0B583B006468DF80700FDF759
:103B400007FF4FF0FF356FF00044174A821841F12C
:103B50000003954274EB03013CBF23462A461348F9
:103B600013F046F8124B07461C689CB1114D01E05A
:103B700024697CB12368002BFAD02B680BB19C42DE
:103B8000F6D1204601220DF10701FFF7BFFE24699F
:103B9000002CEFD117B9304603B0F0BD034813F045
:103BA0001BF8304603B0F0BD40420F00B0190020B2
:103BB0006C3200207432002038B5044612F0BEFF8B
:103BC000012305461A4620462946FFF727FF084BE2
:103BD0001C682CB163682BB198472469002CF9D17B
:103BE000284638BD2469002CF4D1284638BD00BFD2
:103BF0006C3200202DE9F041A2B004460D46FDF7DD
:103C0000A7FE4FF0FF376FF00046264ADFF8A4808A
:103C1000821841F10003974276EB03013CBF3A461C
:103C20003346214812F0E4FF00272B462246064681
:103C300001A91E480197FFF721FE019B0546D8F810
:103C40000040C3B1002C2BD0194F01E0246974B19E
:103C50002368002BFAD03B680BB1A342F6D1204673
:103C6000019A02A9FFF752FE2469002CF0D100232B
:103C7000D8F8004001932CB1636843B19847246998
:103C8000002CF9D12EB9284622B0BDE8F081246974
:103C9000F1E7054812F0A0FF284622B0BDE8F08108
:103CA0000194EFE740420F00B0190020BD39001029
:103CB000743200206C3200200FB400B583B004A928
:103CC00051F8040B0191FFF795FF03B05DF804EB89
:103CD00004B07047704700BF0022014B1A70704754
:103CE000E4E000204B79FF2B0BD1887948B9CB79E0
:103CF000012B07D1082A05D9034B8A7809201A70AD
:103D000070470020704700BFE4E0002001207047AA
:103D1000012901D00120704708B5104B91881B780C
:103D2000994201D0002008BD5378012B08D0022B06
:103D3000F8D1002164220846FDF7DAFE012008BD13
:103D40005188CB0548BF480AC1F3402258BF4FF005
:103D5000FF3001F07F01FDF749FF00BFE4E00020E4
:103D600000487047F48F0110012907D15378012BC7
:103D700002D19388072B03D00020704701207047A1
:103D80001146A623014A01F041BA00BF4C8F011031
:103D90000346012201481A70704700BF2C8F0110A2
:103DA00008B50B68B3F5966F00D008BD00224FF040
:103DB000FF301146FDF71AFF024A034B10601960ED
:103DC000704700BFA8230020AC230020184B70B51B
:103DD0001A68002A28D0EFF3108172B6D2E8CF4FCC
:103DE0000120002CFAD1C2E8440F002CF6D1BFF319
:103DF0005F8F00220F4C186859602270C0E88F2F27
:103E000081F31088002400250B4E3078FCF7DAFD92
:103E100020B9002400252046294670BD3078FCF7E3
:103E2000E1FD2046294670BD4FF47A740025EBE78A
:103E300060D00020E7E00020E5E00020014B18788A
:103E4000FCF7D0BDE5E0002038B5044600200D4663
:103E500001F00CFBA8B3002001F01EFB88B3FDF7B6
:103E600077FD4FF0FF3E6FF0004C174A821841F18A
:103E7000000396457CEB03013CBF72466346134842
:103E800012F0B6FEE8B1002001F0F0FA58B90021B6
:103E90004FF0FF3000F012FD6FF002040B4812F0FB
:103EA0009BFE204638BD002001F0F6FA0028EED037
:103EB00021462A46002001F0F9FA04460028EDD1F7
:103EC000EAE76FF00204ECE740420F0068E00020F0
:103ED00008B5FDF73DFD4FF0FF3E6FF0004C0F4A77
:103EE000821841F1000396457CEB03013CBF72460A
:103EF00063460B4812F07CFE70B14FF0FF3000219A
:103F000000F0DCFC002001F019FB0028F5D1BDE831
:103F10000840034812F060BE08BD00BF40420F00D9
:103F200068E000202DE9F84380460F46FDF710FDBC
:103F30004FF0FF356FF00044334A821841F100031F
:103F4000954274EB03013CBF2A4623462F4812F0EA
:103F50004FFE08B9BDE8F883002001F087FA002879
:103F600047D0002F40DD0025DFF8A890284E13E051
:103F70002246002001F028FB002104464FF0FF30CC
:103F800000F09CFC002001F0D9FAFDF7E1FCC9E942
:103F900000012544AF4227DD002001F035FB7C1BEA
:103FA0008442A8BF044608EB0501002CE0D121465D
:103FB0004FF0FF3000F082FC204601F0BFFA2046AF
:103FC00001F054FA80B1204601F01EFB0028E1D137
:103FD000FDF7BEFCD9F80030D9F804209B1942F156
:103FE000000283428A41D5D20848BDE8F84312F066
:103FF000F3BD00200021074BC3E90001BDE8F843F1
:10400000024812F0E9BD00BF40420F0068E0002006
:1040100020A10700801B002030B5002185B02E486C
:1040200012F0F6FDF0B92D4B1A68CAB1EFF310810A
:1040300072B6D2E8CF5F0124002DFAD1C2E8454F15
:10404000002DF6D1BFF35F8F254C1D682278596093
:10405000D3B201222270C5E88F0F81F31088CBB153
:1040600005B030BD00214FF0FF3000F027FC0020EC
:1040700001F012FA0446184812F0AEFD002CEFD001
:10408000184B1B68002BEBD0174A106805B0BDE831
:1040900030401847FDF7F4F90446FDF759FC4FF09E
:1040A000FF3C6FF0004510F57A7241F10003944532
:1040B00075EB030138BF2B464FF000014FF00105AF
:1040C00020460A4C38BF6246CDE901150094FDF741
:1040D000DBF905B030BD00BF68E0002060D00020F3
:1040E000E7E00020A8230020AC230020CD3D0010F5
:1040F0004FF0504330B585B01C68FDF7C1F9FDF7AE
:10410000D5FAA04202D0002005B030BD00212A4BD4
:1041100008461B7801F040FD28480368002B47D073
:104120000120FCF713FF0346254C2649C0B223703B
:10413000FCF774FC20780121FCF72EFC0E20FCF724
:104140005DFC40BB204B0125C3E90000FDF798F959
:104150000446FDF7FDFB4FF0FF3E6FF0004C10F5FD
:104160007A7241F1000396457CEB03014FF00001A8
:104170002046164C3CBF72466346CDE901150094BB
:10418000FDF782F90028BEDB01211148FFF7BCFCD6
:10419000012005B030BD0120FCF7BAFB01460A48FA
:1041A000FCF74EFF00220E200A49FCF767FCEBE704
:1041B000FCF71CFFB4E700BF0408051068E000200E
:1041C000E5E000201940001060D00020CD3D001037
:1041D000D01700203D3E001000487047909001101D
:1041E000004870473C90011038B5184B04461A78C7
:1041F0000AB344B940F209424FF44173144D6A8046
:1042000013482B8038BD052C1DD8124B104D53F888
:10421000241028460023013903E0132B20F8022F35
:104220000ED011F8012F0133DBB2002AF5D15B006B
:1042300043F44073E4E71121184600F02DF8D8E765
:104240004FF44A73DCE7002038BD00BFB0E0002027
:10425000842D00202490011000B545F247308BB02A
:10426000FDF7B8FC01220346092101A89847DDE9C2
:104270000332044912BA1BBAC1E900230BB05DF83E
:1042800004FB00BF58E000200346024A03CA18603E
:104290005960704758E00020012901F1FF3300F018
:1042A000B3805D490A784FEA121C9F2A8CBF0CF13B
:1042B000370C0CF1300C012B80F800C000F0A78007
:1042C00002F00F02092A8CBF37323032022B4270C3
:1042D00000F09D804A784FEA121C9F2A8CBF0CF197
:1042E000370C0CF1300C032B80F802C000F08F80EB
:1042F00002F00F02092A8CBF37323032042BC27011
:1043000000F085808A784FEA121C9F2A8CBF0CF13E
:10431000370C0CF1300C052B80F804C077D002F07C
:104320000F02092A8CBF37323032062B42716ED011
:10433000CA784FEA121C9F2A8CBF0CF1370C0CF183
:10434000300C072B80F806C061D002F00F02092A5A
:104350008CBF37323032082BC27158D00A794FEAFD
:10436000121C9F2A8CBF0CF1370C0CF1300C092B5E
:1043700080F808C04BD002F00F02092A8CBF3732F8
:1043800030320A2B427242D04A794FEA121C9F2ADD
:104390008CBF0CF1370C0CF1300C0B2B80F80AC0E1
:1043A00035D002F00F02092A8CBF373230320C2B85
:1043B000C2722CD08A794FEA121C9F2A8CBF0CF152
:1043C000370C0CF1300C0D2B80F80CC01FD002F014
:1043D0000F02092A8CBF373230320E2B427316D0AF
:1043E000CA7911099F2A8CBF373130310F2B817365
:1043F0000DD002F00F02092A94BF30323732102B51
:10440000C27318BF103002D00023037070471844E5
:1044100000230370704700BF58E0002070B500F023
:104420002DF90C234026194CFF22A3670E201849B2
:10443000FCF724FB32460021164812F07BFA0125D6
:10444000002380211348144A41844570068306875F
:1044500082604360136042F8043C80F8213080F8A9
:104460003B3043620D4B4FF00056C360C362803B4C
:10447000836212F0B5FB4FF480320949094B256481
:104480002846E664C4F89010DA6470BD000011504C
:10449000990500207832002084001050000110504F
:1044A00010D001000020115001210E20FCF774BA39
:1044B00000220248114600F001B900BF98320020E6
:1044C000044B197021B14FF40032034BC3F8902014
:1044D000704700BFDCE00020002011500B785B0625
:1044E00002D14B78052B00D070474B88014ADBB2D4
:1044F0001360704700001150CB782DE9F04103F0B4
:10450000030EBEF1010FC3F301005BD0002791F849
:1045100002C0344C0CF07F025600898806EBDC1395
:1045200004EB43134FEADC15D876C1F30A0185F09A
:10453000010083F802C019835870DF70D3008DBB6F
:104540002948043304EB821C03EB0008CCF80880F4
:104550001F5082B3254BD2001344CCF80430244BB7
:104560003F311A6821F03F01BEF1020F08BF490038
:10457000114419601F4B771904EB47179942FA60F1
:104580002BD82E4404EB4613D97E82F0A04282F44D
:1045900080125B6842EA816242F000421A600120A8
:1045A000BDE8F081104804EB821C0344CCF82830AD
:1045B00040F832704AB900220F4904EB4513D96024
:1045C0005A60ECE70020BDE8F081D20002F1A04281
:1045D00002F58012CCF82420C1E7FDF76BFBFA68E6
:1045E000CFE700BF78320020800010500400105048
:1045F00040D00020FF0F10500001105012F0F0BA10
:104600008C4608B5114607481A460CF07F034FEA5E
:10461000DC1C0CEB430C00EB4C1000F04FF80120BD
:1046200008BD00BF7832002011F07F0205D10029BB
:104630000CBF02200120064B9866C909054B01EB0F
:10464000420003EB40104FF40062002112F0CCBA9C
:10465000002011507832002011F07F0300D1704704
:10466000002205485B0003EBD11300EB43106FF40D
:104670000061C27012F0B8BA783200204FF0805258
:1046800009480A4908B50A4B02600A609968C9439B
:1046900011F08051FAD14FF48052064812F04AF9D5
:1046A0000922054B5A6708BD002002400030024035
:1046B00000000240000010500000115000234FF095
:1046C000010C10B580F81AC08282C38201610446D1
:1046D00012F06EFA20B14FF40032074BC3F890206D
:1046E000204612F05DFA10B10123237710BD204659
:1046F000BDE8104012F060BA002011502DE9F041E1
:1047000000241D4E054623463278DFF878801B4F83
:104710000DE03B6813EB441324D0DB682846984730
:1047200032780134E4B2511CA142234606DBA24296
:10473000A3EB0203EDD808EB4313EEE7542200216C
:104740000F4812F0F7F84FF0FF330D482022041DF8
:104750004360C4E90133E360FF21BDE8F041143058
:1047600012F0E8B84FF0E023D3F8F03DDB0700D5B6
:1047700000BEBDE8F08100BFDBE00020C41C0020CB
:10478000941E0020A4900110704700BF704700BF26
:104790000020704700207047704700BF704700BF7F
:1047A000704700BF704700BF024B5878003818BFF1
:1047B00001207047941E0020024B1878C0F380003F
:1047C000704700BF941E00202DE9F047DFF8E4A0F9
:1047D0009AF80030FF2B56D10E4600293ED000211A
:1047E00054220746294812F0A5F80022284C294BEC
:1047F00020461A70FCF7FAFB274B28481C60284C0F
:10480000FCF710FC204601F0ABFD264A264B146055
:1048100023B12648FFF7BCFA254B18600024234D2E
:1048200023462A78DFF89090DFF884800EE0D8F8ED
:10483000003013EB441311D05B687BB198472A78A2
:104840000134E4B2511CA142234611DBA242EED84E
:104850009B1A09EB43135B68002BEFD14FF0E02369
:10486000D3F8F03DDB0700D500BE0020BDE8F0879F
:10487000314638468AF80070FFF7D0FD0028EDD0A9
:104880003846FFF711FE0120BDE8F087941E002096
:104890008C1E0020DDE00020E81E0020FC17002018
:1048A000E8170020EC1E0020913D0010DBE0002006
:1048B000C41C002004180020A49001102DE9F04F22
:1048C000DFF8C8928BB099F80030FF2B00F0F18030
:1048D000A84CA94DDFF8B0A2DFF8B4B2266873691E
:1048E000EFF3108272B6D3E8CF0F01210028FAD17E
:1048F000C3E8401F0028F6D1BFF35F8FB261304696
:1049000007A901F077FB00237269C2E88F3FB36902
:1049100083F31088002800F0CC809DF81D30013B07
:10492000072B00F27D83DFE803F0A7B1959D8E355C
:104930000A04089B002BD1D009989847CEE79DF830
:10494000201001F07F0605EB460000EBD11090F837
:10495000343023F0010380F8343090F8343023F001
:10496000040380F83430002E00F0A680037D9AF80E
:104970000020934280F09380804A126812EB431328
:1049800000F090809E699DF82120099B9DF81C00F5
:10499000B047A3E79BF80030002B00F083809BF822
:1049A0000030013BDBB28BF800309BF8003003F0A5
:1049B000FF00002B92D1704F9DF81C803B7843F094
:1049C00001033B7097F8343060F3000387F834300C
:1049D00097F8343060F3820387F8343097F8353035
:1049E00060F3000387F8353097F8353060F38203C1
:1049F00087F8353000F06CFC9DF8203003F0600241
:104A0000602A6CD0402A7CD003F01F03012B00F0F9
:104A1000C180022B00F08180002B60D1202A00F0A1
:104A2000E981002A5BD19DF82130092B57D8DFE8B6
:104A300013F0B001A2015600C101560095016B01AF
:104A400056006001F4002B78D9077FF547AFFFF7D8
:104A5000A9FE43E7EB78DA077FF540AF0898FFF748
:104A600095FE3BE72B78D8077FF538AF2878C0F361
:104A7000C000FFF795FE31E79DF81C00FFF73EFEF2
:104A800000F01CFC9DF82030AB7027E79DF81C005F
:104A9000FFF734FE00F012FCFFF780FE1EE7501C0B
:104AA000984211DA4FF0E023D3F8F03DDC0700D54F
:104AB00000BE0BB0BDE8F08F099B9DF821209DF84A
:104AC0001C0000F019FC09E79B1A2D4A02EB431366
:104AD00058E7FFF785FB0246002840F082814FF03F
:104AE000E023D3F8F03DDE0700D500BE9DF81C00A2
:104AF0000021FFF799FD80219DF81C00FFF794FD30
:104B0000ECE6204800F0E4FB0121404608AAFFF74C
:104B10002BF900287FF4E2AEE8E79DF8241011F0AD
:104B2000700FDCD101F07F0607EB4600164B00EB5F
:104B3000D1101B78007D7600019698424FEAD1167D
:104B4000009659D35E1C8642C0F26681C01A0C4B97
:104B500003EB4016002A00F06381706900F0B8FB97
:104B600001214046736908AA984700287FF4B6AE31
:104B7000BCE700BFEC1E0020941E0020C41C0020D7
:104B8000A4900110693D0010DBE000200418002013
:104B9000DDE000209DF824300F2BA7D8AE4A3B441F
:104BA0001B791278934232D3511C99429EDBAB4E53
:104BB0009B1A06EB4316706900F08AFB0121404600
:104BC000736908AA984700287FF488AE9DF82030C2
:104BD00013F060068AD19DF821300A3B012B85D85D
:104BE00000F076FB9DF821300A2B00F0F281404660
:104BF00008A900F0F1FA71E6994B1B6803EB401627
:104C0000002A00F00D81002E3FF470AFA5E7944A12
:104C1000166816EB4316CED168E77B789DF82260C4
:104C20009E4200F04F817B78002B40F0BE817E7069
:104C3000002E00F04581701EC0B2FFF7D1FA034686
:104C4000002800F05F814278022A40F05B81C17940
:104C500003F10906C1F340121201C1F3801142EAC7
:104C600041123146387820F0300002433A705A88B9
:104C7000CDF80C809A180192019B8B4240F2A481DE
:104C80004A780B2A00F0AF810123042A40F03A81D0
:104C90000026019A0096521A92B202926E4A04932A
:104CA00012781DE06E4B1B6813EB461800F02A814A
:104CB000029AD8F8103003980591984708280246C0
:104CC000059906F1010303D90298904280F0FF8014
:104CD000DEB2614B00961A78531C9E4200F312819B
:104CE000009BB242A3EB0202DCD85C4B03EB421800
:104CF000DEE77B7840468DF81A300DF11A02012369
:104D000008A900F083FAE9E5BDF82200030A013B97
:104D1000020AC0B20E2B3FF6E9AE01A151F823F012
:104D2000354F0010D14D0010714F0010ED4A0010AA
:104D3000ED4A0010534F0010D14D0010ED4A001005
:104D4000ED4A0010ED4A0010ED4A0010ED4A001047
:104D5000ED4A0010ED4A0010274F001008A800F09F
:104D6000BDFA40469DF82210FFF7A2FB3B7843F0C6
:104D700002033B70B2E5BDF82230012B7FF4B6AEE2
:104D80003B78404623F0080308A93B7000F024FA62
:104D9000A4E540463B789A0802F00202C3F34013B0
:104DA0001343ADF81A300DF11A02022308A900F0DE
:104DB0002DFA93E5BDF82230012B7FF497AE3B78B6
:104DC000404643F0080308A93B7000F005FA85E56A
:104DD000022A3FF47EAEFFF7DDFC024600283FF4D6
:104DE00085AE4046538808A900F010FA00287FF4E9
:104DF00075AD7BE69DF824300F2B3FF677AE164A53
:104E00003B441B79127893421DD2154A166816EB63
:104E100043167FF4A2AE69E6002A7FF467AE00264F
:104E20009DF8212002F0FD03012B1BD0002A7FF406
:104E300056AE019B009A3B44134493F834304046ED
:104E4000C3F34003ADE7511C9942FFF64FAE034E4A
:104E50009B1A06EB431680E6DBE00020A4900110CD
:104E6000C41C0020BDF82230B3B9012A99F8000013
:104E700000F08680FFF7D8FB019B009A3B44134467
:104E800093F8342042F0020283F8342093F834205F
:104E900042F0010283F83420002E3FF41FAD706908
:104EA00000F016FA7369012108AA404698470020CD
:104EB00000F00EFA97F83530DF073FF50FAD96E6B4
:104EC000FFF76CFC404608A900F086F906E5049B54
:104ED000012B00F09E80002B00F08A80002091F8CA
:104EE000028005E08CF804605FFA80FC63457FD99E
:104EF00008EB000C57FA8CFC9CF804E00130BEF182
:104F0000FF0FEFD04FF0E023D3F8F03DDA0700D5E4
:104F100000BE4FF0E023D3F8F03DDB0700D500BE24
:104F200000237B70E2E5FEF71BFF024600287FF4BA
:104F300058AFDBE5FFF750F9024600283FF4CFAD4C
:104F40004046122308A900F061F900287FF4C6AC9E
:104F5000CCE5FFF71DFC024600283FF4C7AD4046F4
:104F6000137808A900F052F900287FF4B7ACBDE52A
:104F7000BDF82410FFF738F902460028EFD1B5E557
:104F80000293FFF769FB019A009B3A441A4492F896
:104F90003410029B63F3410182F8341092F834100C
:104FA00063F3000182F8341076E700214046FFF7F2
:104FB00087FA4046FFF722FBBB7840460093FFF795
:104FC0009DFB009BBB7032E6DDF80C80FFF7E4FB35
:104FD00078E74046012308A90DF11A028DF81A60FE
:104FE00000F014F97AE40A78CB7811444A784CE658
:104FF000334610480492029100F076FE0E4B049A5C
:1050000002991B781144009A01339342BFF634AEE3
:1050100078E7D8F810C00948844508BF02235DE747
:105020004FF0E023D3F8F03DDB077FF557AC00BE2F
:1050300054E400BFA81E0020DBE000200957001048
:105040002DE9F84F0A9F002A40D00C461E4615460F
:105050004FF0000ADFF87C90DFF87C8018E02046F3
:1050600098F8021099F800B000F00EFEE0B1214669
:105070005846FFF741FAF0B1A2780AF1010AD109C6
:1050800016BF0B9B3A701A702278AA4514441DD0A3
:105090006278052A0FD1E17801F00301B1420AD10B
:1050A000A27812F0700FDAD04FF0E023D3F8F03D81
:1050B000DA0700D500BE4FF0E023D3F8F03DDB0760
:1050C00002D40020BDE8F88F00BEFAE70120BDE859
:1050D000F88F00BF04180020941E002038B58B788C
:1050E00013F0700F08D04FF0E023D3F8F03DDB074A
:1050F00000D500BE002038BD074A084B0C460846C4
:1051000091781D7800F0C0FD0028ECD0214628469B
:10511000BDE83840FFF7F0B9941E002004180020C5
:105120000B46064A06481168DA09343203F07F0359
:1051300002EB4303184400F061BD00BFE81E0020ED
:10514000941E00200B46064A06481168DA093432DC
:1051500003F07F0302EB4303184400F079BD00BF66
:10516000E81E0020941E002010B5194801F07F0CA5
:1051700000EB4C0000EBD11090F834C01CF0010F94
:1051800008D04FF0E023D3F8F03DDA0700D500BE99
:10519000002010BD00F1300494F804C00D484CF01C
:1051A000010C007884F804C0FFF72AFA0028F0D137
:1051B0004FF0E021227960F300022271227960F33E
:1051C00082022271D1F8F03DDB07E1D500BEDFE7B6
:1051D000941E00200418002030B50B4C8C46A646C7
:1051E0000546086849680023AEE803009CF80010F3
:1051F0002846C943C4E90233BDE830401A4601F0ED
:105200008001FFF7B1BF00BF541E00202DE9F0411F
:10521000284F4FF00008BE468C460646086849688D
:10522000BA60AEE80300A7F80E801546BCF8062069
:10523000934228BF1346BB819AB11C4633B3DDB1FC
:1052400097F90030402C28BF4024002B29DB414631
:1052500023463046184AFFF787FF68B10120BDE8B2
:10526000F0819CF800101346C943304601F08001DC
:10527000FFF77AFF0028F1D14FF0E023D3F8F03D9B
:10528000DB0700D500BE0020BDE8F0811A46397862
:1052900001F0800123463046FFF766FF0028DDD18C
:1052A000EAE722462946044811F0D2FB8021024A4F
:1052B000F0E700BF541E0020141E00200022034B04
:1052C000C3E90022C3E902221A617047541E00207C
:1052D000014B1861704700BF541E002030B40246D5
:1052E000044C0025234600685168C4E9025530BCCF
:1052F00003C37047541E002070B53D4CC909227885
:105300000646B1EBD21F1D4682B017D053B14FF005
:10531000E023D3F8F03DDB0702D4002002B070BDDB
:1053200000BEFAE72146FFF7D9F823691BB12246F0
:10533000032130469847012002B070BD94F9003037
:10534000002B06DBA0680028E7D02A46294911F087
:105350007FFBE089A168E388284480B22944834226
:10536000E081A16016D03F2D14D9A28994F90040A4
:10537000131A9BB2402B28BF4023002C27DB9042FE
:105380004FF0000131D01B4A3046FFF7EDFE0028F8
:10539000D1D1BCE7236923B102213046144A984792
:1053A00060B121780023C94330461A4601F08001DC
:1053B000FFF7DAFE0028AAD00120BDE701463046FB
:1053C000FFF732F980213046FFF72EF9B3E790421C
:1053D00008D01A460748019311F03AFB8021054A8C
:1053E000019BD1E780210022CEE70A46CCE700BF2F
:1053F000541E0020141E00202DE9F0410446FFF742
:10540000D3F908B9BDE8F081FFF7D6F905460028C1
:10541000F8D1C82304FB03F3124EF718F9780029DA
:10542000F0D010331E44304600F0D2FD3F28E9D9B9
:105430002846F978FFF774FE0028E3D0304600F0E4
:10544000C7FD3F28F97808D9074A284602EBC4125D
:105450004023BDE8F041FFF787BE2846BDE8F04194
:10546000FFF770BE4C1D0020C81C002010B504467C
:10547000FFF79AF908B9002010BDFFF79DF9002841
:10548000F9D1C822034B02FB0433187900F0010064
:1054900010BD00BF4C1D0020C82208B5024B02FB06
:1054A000003000F07BFD08BD5C1D00202DE9F843B5
:1054B0004FF6FF73C8249A4228BF1A4600FB04F433
:1054C000DFF8748004F110054544064692B2284680
:1054D00000F0DAFD0746FFF767F910B93846BDE876
:1054E000F883FFF769F981460028F7D1A04498F8BE
:1054F0000330002BF2D0284600F06AFD3F28EDD99A
:10550000484698F80310FFF70BFE0028E6D028461F
:1055100000F05EFD3F2898F8031007D9054A484679
:10552000402302EBC612FFF71FFED7E74846FFF7FE
:1055300009FED3E7C81C00204C1D00202DE9F041D6
:105540000446FFF731F910B90020BDE8F081FFF7FC
:1055500033F905460028F7D1C82604FB06F6DFF824
:10556000648006F124074744384600F017FD002800
:10557000EAD0B044284698F80210FFF7D1FD002881
:10558000E2D00F4E384606EBC4163146402200F0FA
:105590007BFD98F80210044668B10346324628465F
:1055A000FFF7E2FD50B94FF0E023D3F8F03DDB0701
:1055B000CAD500BEC8E7FFF7C5FDC5E72046C4E76A
:1055C000081D00204C1D002038B54FF6FF75C8237C
:1055D000AA4228BF2A460B4C92B203FB0044054660
:1055E000204600F00FFE034620461C4600F0D6FC85
:1055F0003F2801D8204638BD2846FFF79FFF2046A8
:1056000038BD00BF701D0020C82208B5024B02FB48
:10561000003000F0DDFC08BD701D0020F0B5002456
:1056200083B0C8220021174811F084F9FF234FF4FA
:10563000E13108221448047012480094074643716F
:105640008160827300F1380101234022103000F0A4
:1056500075FC0123402207F17801009307F1B80699
:1056600007F1240000F06AFC07F1C0053046FBF7A3
:10567000BDFC2846FBF7BAFCC7E90746C7E90C544E
:1056800003B0F0BD4C1D0020481D00200A4A116BDC
:10569000136A61B13BB10023C2E90C33D36100232B
:1056A0001362012070470120C2E90C337047002BC0
:1056B000F7D0D161F3E700BF4C1D0020002210B5E8
:1056C0000E4C0F48237802600271DA0707D59B075A
:1056D0000BD5BDE8104001210A4800F05DBE103036
:1056E00000F03EFE23789B07F3D4064800F038FE16
:1056F000BDE810400121034800F04EBE481D0020C7
:105700004C1D0020701D0020F0B54B7983B0022B9A
:1057100002D18B79022B03D00025284603B0F0BDBF
:10572000274FBB783BB14FF0E023D3F8F03DDB07C8
:10573000F2D500BEF0E78B7806463B700B78CC18AC
:105740006178242908BF092507D036E023781C4456
:1057500061782B4424299DB207D1AA42F6D20020B9
:10576000FFF74AFE284603B0F0BD0B46052916D0C8
:10577000042BF4D163790A2BF1D1124B27780193D2
:1057800001330093022330461A46E119FFF758FC13
:105790000028C8D00E3517FA85F5ADB2DFE72146EF
:1057A0003046FFF79BFC0028BDD0A3787B702378A0
:1057B0005A191C44637895B2DAE70B460925D5E7F8
:1057C0004C1D00204E1D0020137803F06003202B99
:1057D00008D170B5264C938894F800C09C4503D03E
:1057E000002070BD002070475378203B032BF7D872
:1057F000DFE803F027230D0201292ED003291ED153
:105800001C4BE3B100205188AFF3008017E0012961
:1058100023D0032913D15588174805F0010686F0D7
:105820000101257100F0B8FD144B43B13146002051
:10583000C5F34002AFF3008001E0012911D001203F
:1058400070BD01290DD00329F9D10D4B002BF6D0E5
:1058500000200C49FEF7A4FAF1E71146FFF7BCFC63
:10586000EDE711460723074AFFF7D0FCE7E700BF43
:105870004C1D002000000000701D002000000000F2
:10588000A13D0010541D00202DE9F843354E0C4673
:10589000F27807468A421D463DD0B3788B4212D03B
:1058A0004FF0E023D3F8F03DDB0732D40020BDE811
:1058B000F8832D4B23B12D4800F080FB00284DD0FC
:1058C0000020FFF799FDB378A34201D00120EEE755
:1058D000274B13B10020AFF300800020FFF72EFE0E
:1058E0000028F3D1234800F059FB0028EED1002D09
:1058F000ECD015F03F05E9D13846B178FFF710FC40
:105900000028E3D02B462A463846B178FFF72CFC16
:10591000DCE700BECAE79AB2174906F1100000F0B2
:1059200071FC164B002BC4D07379FF2BC1D0002D16
:10593000BFD0DFF8448008EB050902E0C845B8D0C5
:10594000737918F8012B9A42F8D1084800F036FB19
:105950000028F3D17179AFF30080EFE7AFF3008057
:10596000AEE700BF4C1D0020000000005C1D0020C1
:1059700000000000701D0020C81C00200000000076
:10598000F0B54FF4137285B00021124810F0D2FF29
:10599000402600234FF480750E4F0F4C07F5A6727A
:1059A0001946CDE90246009201951A4607F5947012
:1059B00000F0C6F90023384607F12801344400916D
:1059C00001221946CDE902460195043000F0B8F9EC
:1059D00005B0F0BD3C200020BC1F002008B50548E4
:1059E00000F0DAF9034BA3F5927000F0D5F901202D
:1059F00008BD00BF6421002038B50025064C04F521
:105A00009870257000F0ACFC04F10C0000F0A8FCCC
:105A100084F82951657138BD3C2000202DE9F843F8
:105A20004B79FF2B51D1354E96F82931002B4CD1B3
:105A300096F80580B8F1000F47D18B780C78337059
:105A40000B790F460C44ABB38146A51803E0A54281
:105A500030D923781C446378052BF8D1AC4229D285
:105A600021464846FFF73AFB40B3A378DB092FD124
:105A7000234800F075FCA37896F8282186F8293190
:105A8000A3884846C3F30A03A3F50073B3FA83F36C
:105A90005B0963F341021B4986F8282100F0EAF90B
:105AA00060B123783A7908F101081C445FFA88F361
:105AB0009A42D0D8E11B88B2BDE8F8834FF0E023CA
:105AC000D3F8F03DDB0700D500BE0020BDE8F88329
:105AD0000D4800F045FCA37832797371A3880B4917
:105AE000C3F30A03A3F50073B3FA83F35B0963F30B
:105AF00041020020327100F085F9D2E73C200020FD
:105B00006C2100206421002048200020402000203B
:105B100070B51B4C064694F829C11D468C4511D022
:105B200063798B4201D0002070BD164B1BB1002061
:105B3000A9B2AFF300803046134900F063F9C8B151
:105B4000012070BDB4F8343163B9104B23B100208B
:105B50000F49AAB2AFF3008030460E4900F08AF92F
:105B60000120EEE7D4F82C11AAB204F5987000F0E9
:105B700049FBEAE72A463046034900F00FF9DFE720
:105B80003C20002000000000402000200000000019
:105B9000BC1F00206421002010B582B0C9B10128CB
:105BA0000CD80B7853B1144C012B235402D0012094
:105BB00002B010BDFEF708FE0028F8D14FF0E02338
:105BC000D3F8F03DDB0702D4002002B010BD00BEC8
:105BD000FAE70124084601A9ADF80440FEF7F4FDF8
:105BE00038B94FF0E023D3F8F03DDA07EDD500BE29
:105BF000EBE7014B1C70E8E7881E0020F8B503783E
:105C000013F001041AD1037805465A07C3F380073D
:105C100001D52046F8BD0E464FF0FF31304610F05A
:105C2000C3FF2B7813F001040BD12B785B0709D449
:105C30002B78012443F004032B7003E0002420465A
:105C4000F8BD3C46304610F0C7FF2046F8BD00BF07
:105C500070B50C4605464FF0FF31204610F0A4FF0A
:105C60002B78C3F380065B0708D52B7813F001036C
:105C700011BF00262A7863F382022A70204610F0B2
:105C8000ABFF304670BD00BFC378828803F00300CD
:105C90000228C2F30A0215D003280AD001281CD119
:105CA000022940F2FF3308BF4FF4806393420DD3C3
:105CB0007047022914BF40234FF48063934205D3F9
:105CC0000120704702290AD0402AF9D94FF0E02379
:105CD000D3F8F03DDB0700D500BE00207047B2F5D9
:105CE000007FEDD0F2E700BF0A44914226D291F83E
:105CF00001C0BCF1050F05D091F800C061448A4293
:105D0000F5D8704700B591F802C00CF07F0E00EB9B
:105D10004E0E4FEADC1C0EF80C3091F800C06144C6
:105D20008A4209D991F801C0BCF1050FEBD091F876
:105D300000C061448A42F5D85DF804FB704700BF9B
:105D40002DE9F0418E4682B0009390F800C0089E85
:105D5000BDF824706EF3000C04461546012331464D
:105D60003A4600F808CBBDF82C8000F0E7F806B101
:105D70003FB901200A9BA4F80280636002B0BDE82D
:105D8000F08104F11C063046FBF730F90DB13546C1
:105D90000026C4E90556ECE701207047F8B5074630
:105DA000084640F2FF13154610F8082B0C4612F077
:105DB000020F0CBF3F261E4600F0F0F828B925B1AF
:105DC0002E4202D12378DA0701D50020F8BD3846EB
:105DD0006178FFF7A5F90028F7D0237813F00103C5
:105DE00007D04FF0E023D3F8F03DDB07EDD500BE40
:105DF000EBE71A4638466178FFF7B6F90028F0D08D
:105E0000F8BD00BF70B501F10805064628460C46EE
:105E100000F0C4F810B12378DA0701D5002070BD76
:105E200030466178FFF77CF90028F7D02846628871
:105E3000616800F029F92378054603F0010340B1B9
:105E400073B14FF0E023D3F8F03DDB07E6D500BE99
:105E5000E4E7002BE2D130466178FFF773F9DDE724
:105E60000346626830466178FFF77EF90028E8D083
:105E7000284670BD8A892DE9F0410B780C4606460C
:105E800022B9DD0734D50020BDE8F08104F1080710
:105E90009907384647BF4FF47E484FF400754FF6D8
:105EA000C078402500F094F88542ECD82378DA07D2
:105EB000E9D430466178FFF733F90028E3D038465B
:105EC00000F086F82378854203F001032DD8BBB992
:105ED000658808EA0008454528BF454661785DB3F6
:105EE00062682B463046FFF73FF948B12846CBE7BA
:105EF0004978FFF715F90028C5D02378D80707D5CA
:105F00004FF0E023D3F8F03DDB07BCD500BEBAE785
:105F1000638861783BB162683046FFF725F9002855
:105F2000EED06088B0E71A46F6E7002BABD13046DA
:105F30006178FFF707F9A6E72A46D2E72DE9F04195
:105F4000B2F5004F9DF8188024D80446C068174663
:105F50000E461D4618B14FF0FF3110F025FE2069A6
:105F600018B14FF0FF3110F01FFE0022C5F30E03F1
:105F7000E06843EAC83362812660A780E38022811B
:105F800008B110F029FE206908B110F025FE0120AB
:105F9000BDE8F0810020BDE8F08100BF038942899F
:105FA0009BB292B28088934236BFC2EB40029B1AEA
:105FB0009B189BB2984228BF1846704702894389B4
:105FC00090B29BB2C01AB0FA80F04009704700BF8F
:105FD000038942899BB2808892B2934236BFC2EB5A
:105FE00040029B1A9B189BB2984286BFC01A80B28F
:105FF0000020704738B5044600690D4618B14FF0CF
:10600000FF3110F0D1FD2189638989B29BB2A2884A
:10601000994236BFC3EB4200C81A401880B250B351
:10602000824209D291422CBF891A89188BB29A42B6
:10603000638103D89B1A9BB29A42FBD9E2882168FC
:10604000C2F30E0202FB0311284610F001FD618924
:10605000012589B24B1C9BB29942A2880ED900231C
:1060600002FA05F15B1A9BB22069638108B110F056
:10607000B3FD284638BD054663899BB2B3EB420F9A
:106080004FEA4201F0DBEDE72DE9F04706460069F3
:106090008846914618B14FF0FF3110F085FD3389E5
:1060A00074899BB2A4B2B588A34236BFC4EB45073E
:1060B0001F1BFF18BFB2002F4AD0BD4240D3B945C5
:1060C00028BFB946A5421FFA89F703D8641BA4B2BA
:1060D000A542FBD9B6F806A02B1B31689BB2CAF3C8
:1060E0000E029F42924602FB041123D913FB02F3D6
:1060F0001FFA83F94A4640467D1B10F0A9FC62193D
:1061000012FB0AF2316808EB090092B210F0A0FC11
:106110007289B58892B2D3199BB29A421AD96A0091
:106120009B1A9BB23069738108B110F055FD384657
:10613000BDE8F087404607FB02F210F089FCE7E774
:10614000AB422CBF5B1B5B199CB22F467481B6E738
:1061500073899BB2B3EB450F4FEA4502E2DBDFE701
:10616000F8B50446C0680E4618B14FF0FF3110F084
:106170001BFD2589238961899BB289B2A2888B4244
:1061800036BFC1EB42015B1A5B189BB29A42ADB2BB
:1061900008D8E779FF0905D1E06808B110F01CFDC7
:1061A0003846F8BD954228BF2B4618D39B1A9BB2A0
:1061B0009342FBD2E2882068C2F30E0202FB030086
:1061C000314610F045FC6B1C9BB29D42A28812D94F
:1061D000002351005B1A9BB201272381DCE7E28890
:1061E0002068C2F30E0205FB0200314610F030FCBD
:1061F0000135A288ABB2B3EB420F4FEA4201EBDBB1
:10620000E8E700BF2DE9F04F174683B0002A75D0AC
:106210000646C068894618B14FF0FF3110F0C4FC43
:10622000F379B6F808807289DB09B5881FFA88F817
:1062300092B23CD1904536BFC2EB4502A8EB0202B8
:10624000424492B2AA425ED2AA1A92B2BA4228BF7D
:106250003A46B6F806B097B27B1B08EB070ACBF3B9
:106260000E0B9BB21FFA8AFAA845444603D3641B5F
:10627000A4B2AC42FBD22D1B3068ADB2BD420BFBC9
:10628000040057D349460BFB07F210F0E1FBB2883C
:10629000D0454FEA420302D8BAEB420F03DBAAEB28
:1062A00003031FFA83FA3D46A6F808A02CE0B6F8CF
:1062B00006B0AF42CBF30E0B2FD2904536BFC2EBE8
:1062C0004501A8EB0201414489B2680039447B1BB7
:1062D00081429BB20DDB02EB050A1FFA8AFAAAEB98
:1062E00007081FFA88F8424537D9A8EB00001FFAC3
:1062F00080F807EB080A1FFA8AFAB5E71546284620
:1063000003B0BDE8F08F0025F0680028F7D010F04A
:1063100063FC284603B0BDE8F08F002DF4D07F1B4E
:1063200002EB050A0BFB079990462F4600231FFA44
:106330008AFA99E715FB0BF5ADB22A464946019357
:1063400010F086FB019B3068E21812FB0BF209EBA0
:10635000050192B210F07CFB99E7404584DCC4E76C
:1063600010B50446C06818B14FF0FF3110F01CFCA6
:10637000206918B14FF0FF3110F016FC0023E068DF
:106380006381238108B110F027FC206908B110F067
:1063900023FC012010BD00BF38B50446C0680D467F
:1063A00018B14FF0FF3110F0FFFB206918B14FF02A
:1063B000FF3110F0F9FBE379E06865F3C713E3718F
:1063C00008B110F009FC206908B110F005FC0120AB
:1063D00038BD00BF70B5002831D00446C0680E46F5
:1063E00080B1002104F042F80021E06804F05AF87E
:1063F000E068002104F048F8E06804F02FFCD0B910
:106400000023E360A36923B11A461B681260002BC6
:10641000FAD1002521460B48A56107F063FCA37A59
:1064200043B16369A5722BB1324620462169BDE8AC
:106430007040184770BDE06804F08AF9E0E7024850
:10644000FAF792F94D6400108870011070B50028B9
:1064500000F08F80837A0546022B02D0032B10D0E8
:1064600070BD038801339BB203EB8302632A038070
:1064700061DC2A46BDE8704041F288303E4907F0B1
:1064800003BC052684698CB1E3899E4269D3D4E9B3
:106490000012F61AF6B2A961002A47D0A0686FF080
:1064A000020190472460AC69002EECD16A88002A72
:1064B000DFD0AB8802EB520101339BB203EB8300C8
:1064C0008842AB803DDC2B8801339BB203EB830118
:1064D0008A422B80CDDC0120B5F8FC20B5F8FE30D7
:1064E000D31AB3F5803F28BF03F580739BB2C3F581
:1064F0008073012B17DDC024511C89B2AB18FF2912
:1065000083F80041A5F8FC102ED8931C00229BB202
:10651000B3F5807F08BF1346294481F8002100228B
:10652000A5F8FC302A800028A3D170BD2460AC6996
:10653000002EA8D1BAE740F20111BDE87040FFF784
:1065400049BF40F201112846FFF744FF2B886A88B3
:1065500001339BB203EB830191422B8080DB00204F
:10656000BAE79B1BE381A1E70022012385F8002104
:10657000D5E70248FAF7F8F84D640010A47001104E
:10658000F8B5B0F802C00388CCF58075A3EB0C0316
:10659000B3F5803F28BF03F580730E46B1F86470F1
:1065A00099B2A9420446B4BF0D46ADB2002F3BD00C
:1065B000002D39D00CF1040CBD4200EB0C012DD2A2
:1065C0009BB29D4241D203232A46304606F086F90B
:1065D00050BBFF2D4AD861882388294489B2FF29FE
:1065E00084BFA1F5807189B25B1AB3F5803F28BFE3
:1065F00003F58073C1F5807298B290420546A8BF3A
:106600001546B6F864706180AF4201F1040114FAD6
:1066100081F123DB9042B4BF074697B201233A468B
:10662000304606F05BF900B1F8BDFF2F1ED8638835
:1066300030463B449BB2FF2B84BFA3F580739BB2D3
:106640006380BDE8F84006F00BBF2F4601233A46B1
:10665000304606F043F90028E6D1E6E701233A4642
:10666000304606F03BF90028E1D0F8BD0148FAF7C2
:106670007BF800BFC8700110837A032B01D0002083
:10668000704770B505460026AC6906808680DCB18F
:10669000002203E023682246B3B11C46A389002BE5
:1066A000F8D12368BAB1136023681BB1DA89E18994
:1066B0000A44DA816368266013B10021A068984714
:1066C0002460AC69002CE3D105F1FC00E968FFF718
:1066D00057FF002070BDAB61E6E700BF844610B5F0
:1066E000BCF8FC40BCF8FEE0FC30A4EB0E0EBEF59E
:1066F000803F28BF0EF5807E1FFA8EFECEF5807E8D
:10670000BEF1030F30DD5B0043EA0113611C89B267
:106710000CEB040EFF298EF800314FEA122E13D82D
:106720000223614481F80031E11889B2B1F5807F1C
:106730001BD152BAACF80021ACF8FC30DCF80C10DC
:10674000BDE81040FFF71CBF022103238CF80011A5
:106750008CF801E18CF80221ACF8FC30DCF80C106C
:10676000BDE81040FFF70CBF10BDACF8FC10614451
:1067700081F800E104F1030E1FFA8EFEBEF5807F62
:10678000D1B20AD101238CF80011ACF8FC30DCF84E
:106790000C10BDE81040FFF7F3BE0434A3B2B3F50C
:1067A000807FE64408BF00238EF80021C4E700BFC5
:1067B0002DE9F04F1546826F90F87CC0914283B06E
:1067C00000F20B8101EB050EBEF1800F1E462B4639
:1067D0001ADC4FEA1C17022F044618D00D2F19D0CF
:1067E000032F2BD0012D0FD90C9B1B885ABA92B2C4
:1067F00053B10123BB4013F4296340F0AD80062F51
:1068000000F0A680052F4DD04FF4807203E0837A0C
:10681000022B04D00022104603B0BDE8F08F012DFA
:10682000F2D90C9B5A78002AF5D1032143690280E2
:106830008172002BEED001699847EBE77245CCF3EB
:10684000410734D00DBB002EE4D1D4F87080B8F1EC
:10685000000F0DD0A9464FF0000A0C9B524603EBE7
:106860000901B6FA86F3E06E5B09C047002ED1D16C
:10687000002FCFD0012F4FF0000314BF05210421BA
:1068800020462289FFF72AFFC4E7AA464FF00009F5
:106890009D42B9D3D4F87080B8F1000FDDD1002E3D
:1068A000B8D1E5E701230621FFF718FFB2E7002F73
:1068B0000DBF012203220123002395424FEA430327
:1068C000A2D90C9AB2F800809A1C98FA98F81FFA8C
:1068D00088F8AA1A904597DCC1F17E02D31A984530
:1068E00092D808F10209C1F180011FFA89F9002F3D
:1068F00053D009F10203994286D39D4284D30C9B65
:106900000C9A4B4412F809205B7808F1040903EB58
:1069100002239BB21FFA89F9238100230C9AA5EB6D
:10692000090A911C11F808B001F80830636F1FFACA
:106930008AFA2BB1E06E0AEB0602019198470199A1
:1069400001F808B0BAF1000F3FD009EB0A039FE746
:106950000721FFF7C3FE5DE78669002E3FF45AAFBB
:10696000002104E03146002B3FF454AF1E46B389AA
:1069700093423368F6D131B30B6033681BB1DA89C7
:10698000F1890A44DA810021092F31600CD0736843
:106990000BB1B068984736603CE709F101039942B2
:1069A000FFF432AF0023B7E7022D3FF42DAF736839
:1069B000002BF0D00C9AB0689278022A88BF6FF052
:1069C0000C019847E7E7A361D7E7002E7FF422AFD9
:1069D000A9453FF619AF4D4637E70148F9F7C4FE20
:1069E000087101102DE9F04F83B0002800F0B68047
:1069F0001E46C36807468B4240F0B3809146002A8A
:106A000000F0A780002E40F095801846118903F011
:106A100063F9B9F8083007F17C0B002B52D0002540
:106A20002C46BB6F9C425FD23B1993F87C0001342B
:106A3000E4B2012C51D9A11E09B200F07F03C1EBD1
:106A4000C1018B401D43030647D4002D64D032465C
:106A5000BB6FC4F1800AE31A03EB05081FFA8AFA38
:106A6000B9F80850B5422DD9AD1BADB2454501D39B
:106A70001FFA88F5BB6F554528BF55467F2B40D878
:106A80002E44B6B22B4600920BEB04015246484608
:106A900002F026FEBB6FA8EB05082B44BB672A4615
:106AA0000090434621463846FFF782FE05460028FF
:106AB00047D1B8F1000F2DD1B9F80830C7F8788068
:106AC000B342ACD8484602F09DFC7B880BB1002352
:106AD000BB80002003B0BDE8F08FB9F80830B342A6
:106AE000F0D9BB6F9C429FD3731C314648469EB27F
:106AF00002F0F6FEBB6F5A1C3B44BA6783F87C0079
:106B000095E7B9F80A60B31A9D42DABFAE18B6B27B
:106B10009DB2B7E73246A3E72B4621462A463846C0
:106B20000095FFF745FEB9F80830BD67B342C9D9F3
:106B30002C46D9E7104602F065FC304603B0BDE8AC
:106B4000F08F484602F05EFC29463846FFF742FCCB
:106B5000BBE74FF48071FFF73DFCBAE70248F9F755
:106B600003FE0248F9F700FE2C710110507101106C
:106B700070B5E0B1002283690446C26023B11A46B1
:106B80001B681260002BFAD1002521460948A56137
:106B900007F0A8F8A37A4BB16369A57233B1204618
:106BA00021694FF48072BDE87040184770BD0248FB
:106BB000F9F7DAFD4D640010787101102DE9F84302
:106BC000154612B12846BDE8F88304460E4608462D
:106BD000A267474903F04AFC3046464903F054FC9B
:106BE00030460222444903F06BFC0223224643490B
:106BF000A37241F2883007F047F8B4F8FE10B4F8F9
:106C0000FC30E7685B1AB3F5803F28BF03F580735B
:106C1000C1F580769AB2B7F86490B242B8BF164612
:106C20002580A8BFB6B2B9F1000FCBD0002EC9D0D5
:106C3000043104F1FC084E45414431D29BB29E42DE
:106C400047D203233246384605F048FE0028B9D122
:106C5000FF2E49D8B4F8FE30B4F8FC2033449BB280
:106C6000FF2B84BFA3F580739BB2D21AB2F5803F8D
:106C700028BF02F58072C3F5807096B28642A4F8F0
:106C8000FE3003F1040318FA83F13346A8BF03462C
:106C9000B7F8649099451EDB86421ADB1FFA80F92B
:106CA00001234A46384605F019FE00288AD1B9F179
:106CB000FF0F19D8B4F8FE3038464B449BB2FF2B77
:106CC00084BFA3F580739BB2A4F8FE3006F0C8FB26
:106CD00078E7B146E4E701234A46384605F0FEFD71
:106CE00000287FF46FAFE5E70548F9F73DFD00BFE9
:106CF000E569001079660010056D00104D64001004
:106D0000C8700110837A032B01D0002070472DE951
:106D1000F0410D46B0F8FC30B0F8FE10B5F86480D4
:106D20005B1AB3F5803F28BF03F58073C1F5807609
:106D30009AB2B2420446B4BF1646B6B2B8F1000FDA
:106D40003ED0002E3CD0043100F1FC0746453944CA
:106D500030D29BB29E4248D203233246284605F0E9
:106D6000BDFD68BBFF2E4AD8B4F8FE30B4F8FC2055
:106D700033449BB2FF2B84BFA3F580739BB2D21A1E
:106D8000B2F5803F28BF02F58072C3F5807096B2DD
:106D90008642A4F8FE3003F1040317FA83F1334668
:106DA000A8BF0346B5F86480984520DB86421CDB0B
:106DB0001FFA80F801234246284605F08FFD10B1E6
:106DC0000020BDE8F081B8F1FF0F18D8B4F8FE300C
:106DD000284643449BB2FF2B84BFA3F580739BB22C
:106DE000A4F8FE3006F03CFBEAE7B046E2E70123F8
:106DF0004246284605F072FD0028E1D1E6E7014849
:106E0000F9F7B2FCC87001102DE9F04F83B09DF87E
:106E100030A09DF83480002800F07A810D460029CA
:106E200000F084819946837A0446002B00F06A8141
:106E3000084617460FF082FE4FF6FD73984200F2A7
:106E40005A8100F1020ECE4486B2BAF1000F24D16D
:106E50005346BEF5803F80F04E81224652F81C1FFB
:106E60001FFA8EFE914222D0224652F82C1F9142E8
:106E70001DD0224652F83C1F914218D0224652F8AB
:106E80004C1F914213D0224652F85C1F91420ED003
:106E90004FF0FF3003B0BDE8F08FE3880EF1020E33
:106EA00001339BB2012B38BF0123E380D1E70E9A57
:106EB0000EF1010C4A600F9A8B818A6000220A60F1
:106EC00004F1FC02019272461FFA8CFC0CF1010CD9
:106ED000C2F3CF121FFA8CFC002AF7D1B4F8FC20C1
:106EE000B4F8FEB0A2EB0B0BBBF5803F28BF0BF54F
:106EF000807B1FFA8BFBCBF5807BDC4500F3FE80AB
:106F000002F1010C1FFA8CFCBCF5807F28BF4FF00A
:106F1000000C4FEA4A0B0BF0060B08F001084BF08F
:106F2000300B22444BEA080B82F800B1BEF17F0F10
:106F300094BF4FF000084FF001080EF07F0242EAC4
:106F4000C8120CF10108A4448CF800211FFA88FC37
:106F5000BCF5807F12D15FEADE1E00F0AA80BEF190
:106F60007F0F94BF4FF0000C4FF0010C0EF07F022A
:106F700042EACC124FF0010C84F800215FEADE1ED9
:106F8000D4D10CF1010E1FFA8EFE04EB0C024FEA75
:106F90001628BEF5807F82F80081C0B2A4F8FCE01C
:106FA00040F0B980012284F80001A4F8FC2056B317
:106FB00000204FF0010C013E15FA86F6013D95F8D0
:106FC000018002F1010E224482F800811FFA8EF244
:106FD000B2F5807F05F1010E40F08B807645A4F874
:106FE000FC006BD0AA78A4F8FCC084F80021AA1C8D
:106FF00096426BD015F8032F84F801210222B54286
:10700000A4F8FC20DBD1BAF1000F10D0501C80B2E4
:107010001E0AA518B0F5807F85F80061DBB2A4F8E0
:10702000FC0059D1012284F80031A4F8FC203FB3C0
:10703000B9F1000F24D000200125B9443B4602F1EC
:10704000010CA6181FFA8CF213F801CBB2F5807F61
:1070500086F800C154D19945A4F8FC0010D07B7883
:10706000A4F8FC5084F80031BB1C994508D00222DA
:10707000BB78033784F80131B945A4F8FC20DDD191
:10708000A069002320B3C2890546006813449AB260
:107090001BB20028F7D11E2B37DCC2F11E02CA81B9
:1070A00029600198E168FFF76BFA002003B0BDE8A2
:1070B000F08F40BA0222A4F8000176E7BAF1000F7F
:1070C00015D05BBA0222A4F80031AEE701229AE79C
:1070D0001E23CB81A161E4E7023292B22044B2F5D3
:1070E000807F80F80031A0D10023A4F8FC3000227A
:1070F0009DE7754683E76FF00F00CBE60960C7E6B2
:107100001F46B9E76FF00A00C4E60A48F9F72CFBFE
:107110000948F9F729FB0CF1020292B2B2F5807F1F
:10712000A64408BF00228EF800013EE70348F9F7A5
:107130001BFB00BFD471011098710110B8710110D0
:107140002DE9F84F9DF82C70002800F073810D4652
:10715000002900F0958104460846984616460FF02F
:10716000EDFC4FF6FD739842814600F2578100F125
:10717000040C002F18BF0CF1010CBCF5803F82B24B
:1071800080F24C81022E1FFA8CFC00F27681A37AE9
:10719000002B00F04681B4F806A00AF1010A1FFA9C
:1071A0008AFABAF1000F1DD0514604F11C03E180A8
:1071B00019688B421BD0184650F8101F814216D018
:1071C000184650F8201F814211D0184650F8301F41
:1071D00081420CD053F8401F994208D04FF0FF3045
:1071E000BDE8F88F012104F11C038A46DFE70A9B02
:1071F0000CF1010E8B6000230B606346C1F8048024
:10720000A1F80CA01FFA8EFE04F1FC000EF1010E95
:10721000C3F3CF131FFA8EFE002BF7D1B4F8FC8016
:10722000B4F8FEB0A8EB0B0BBBF5803F28BF0BF505
:10723000807B1FFA8BFBCBF5807BDE45C8BF0960E6
:10724000CCDC08F1010E002F1FFA8EFE0CBF4FF0B0
:10725000A20B4FF0820BBEF5807F28BF4FF0000ECF
:10726000A04488F800B1BCF17F0F94BF4FF0000B31
:107270004FF0010B0CF07F0848EACB180EF1010B20
:10728000A6448EF800811FFA8BFEBEF5807F11D1D7
:107290005FEADC1C7FD0BCF17F0F94BF4FF0000889
:1072A0004FF001080CF07F0E4EEAC81E84F800E192
:1072B0004FF0010E5FEADC1CD5D10EF101081FFA78
:1072C00088F84FEA1A2B04EB0E0CB8F5807F8CF887
:1072D00000B15FFA8AFB4FEA122A40F0AE80032326
:1072E00084F800B184F801A184F80291A4F8FC307C
:1072F000002A00F099804FF0000E4FF00108013A8B
:1073000015FA82F2013D95F8019003F1010C234436
:1073100083F800911FFA8CF3B3F5807F05F1010C1F
:107320007AD16245A4F8FCE05CD095F802C0AB1CB1
:10733000934284F800C1A4F8FC8067D0022315F8BA
:1073400003CF84F801C1AA42A4F8FC30DBD157B1C5
:107350005A1C234483F8006193B2B3F5807F08BFC1
:107360000023A4F8FC30A369002B51D00022DD8952
:107370001E461B682A4495B212B2002BF7D11E2A72
:1073800078DCC5F11E05CD813160E168FFF7F8F8C2
:107390000020BDE8F88F4FF0020C9AFA9AFAA4F890
:1073A00000A14FEA122A0CF1010E1FFA8EFE04EB27
:1073B0000C08BEF5807FA4F8FCC05FFA89F988F854
:1073C00000A115D00CF1020C1FFA8CFCA644BCF5F0
:1073D000807F8EF8009156D14FF0000CA4F8FCC0CD
:1073E000002A88D1002FBED0012384F80061B8E7BD
:1073F000012384F80091A4F8FC30002A7FF47BAFCD
:10740000002FB0D0022384F80161AAE701239EE790
:107410001E23CB81A161B8E7654694E76FF00F00AA
:10742000DEE66FF00A00DBE6002F9CD0042384F830
:10743000036196E71748F9F797F90EF1020C1FFA66
:107440008CFCA4F8FC80BCF5807FA04488F800B1D7
:10745000A9D1022399FA99F9A4F80091A4F8FC3073
:10746000002A7FF448AF002F3FF47DAF032384F858
:10747000026176E70848F9F777F90848F9F774F9EF
:107480000748F9F771F96346A4F8FCC0002A7FF4B5
:1074900032AF5CE70C720110D47101104C72011014
:1074A0002C72011018B1C0E91C21C366704708B5E1
:1074B0000148F9F759F900BF647201104FF40071E7
:1074C000012001F097BB00BF2DE9F04F87B0DDF838
:1074D00044800292002800F01A848A46002900F0B5
:1074E0001384B8F1000F00F0BE83D8F80020002A02
:1074F00000F0B683877A0446002F40F07983D0E904
:107500001CB91D464FF400723946C66E0FF012FAD0
:10751000C4E91CB9109BD8F810002361B8F80C30EE
:10752000E666638004F11C03E36104F12C03E3626B
:1075300004F13C03E36304F14C03E36404F15C03F2
:107540006561E365002800F08B81D8F81450002DA8
:1075500000F0868198F8197098F81A30FF0007F04B
:107560001807002B40F0958147F004070FF0E6FA6A
:10757000431EFE2B0646FFB200F21D8298F818301B
:10758000C2B2019303923BB928460FF0D7FAFF2805
:1075900000F21182C3B20193019B06F10E05D8F8E7
:1075A00004001D44ADB2002800F062810FF0C6FA5D
:1075B0004FF6FE73421E9A4247F0800700F2FB81AD
:1075C000023510FA85F583B2B5F5803F049380F259
:1075D000F281D8F80800ADB2002800F04F810FF01A
:1075E000ADFA4FF6FE73421E9A4247F0400700F292
:1075F000E2810235054483B2B5F5803F059380F200
:10760000DA81ADB2D8F800000FF098FAB0F5803FFB
:10761000814680F0D08102350544B5F5803F80F287
:10762000CA81ADB22E466B1C9BB20133C6F3CF1696
:107630009BB2002EF9D1B3F5807F00F2C8823046AC
:1076400003F05AF9E060002800F0C182214602F000
:1076500009FF3246CF49E06802F0AAFA83460028C3
:1076600040F00E815146029ACB4BE06802F07CFB61
:107670008346002840F00481C849E06802F012FF08
:1076800001231020B4F8FC10A372CB189BB2B3F501
:10769000807F214428BF002381F800010DE07F2D69
:1076A00094BF0022012205F07F0343EAC21384F84D
:1076B00000310123ED0900F0EF807F2D94BF002100
:1076C000012105F07F0242EAC112591C234483F8CC
:1076D00000218BB2B3F5807FECD1ED09DFD101231E
:1076E000A4F8FC304FF48063A4F8003102234D2548
:1076F000591C89B2E018B1F5807F80F8005100F084
:1077000015815120214481F80001991C89B2B1F5FD
:10771000807F40F0EC8245F25443A4F8003102230C
:107720000420E11847F0020A81F8000181F801A164
:1077300003F1020C1FFA89F0A4F8FCC0B8F80C3071
:107740000CF1010189B21D0AA444B1F5807F8CF8C7
:107750000051DDB240F0A582012384F80051A4F865
:10776000FC30030AD8F8001084F80131032384F8B0
:107770000291A4F8FC3050B300254FF0010C013801
:1077800011FA80F0013991F801E05A1C234483F882
:1077900000E193B2B3F5807F01F1010240F036823F
:1077A0009042A4F8FC5000F0FB808B78A4F8FCC059
:1077B00084F800318B1C834200F0FB8011F8033FFA
:1077C00084F8013102238842A4F8FC30DBD1790728
:1077D00000F141811AF0800F40F0D9817A0654D52A
:1077E000059A591C89B2E018170AB1F5807FD8F8BC
:1077F000085080F80071A4F8FC10D0B240F0DE8090
:107800000126134684F80001A4F8FC60002B3CD04C
:107810002846012700250344024606F1010CA11960
:107820001FFA8CF612F801CBB6F5807F81F800C103
:1078300040F012829342A4F8FC5026D04278A4F87B
:10784000FC7084F80021821C93421ED002268278AC
:10785000033084F801218342A4F8FC60DCD114E0F9
:10786000D8F804000A250197039700287FF49EAEFC
:107870000490D8F8080000287FF4B1AE0590C1E666
:10788000E06802F065FF0023E360584607B0BDE8FA
:10789000F08F47F0240769E6591C89B2E018B1F56A
:1078A000807F80F80051A4F8FC1040F0108244F66C
:1078B0000453A4F80031512384F8023103235421E6
:1078C000E01880F8001180F8011102330425591CDA
:1078D00089B2E018B1F5807F80F8005147F0020AC4
:1078E000A4F8FC101FFA89F02ED10123032184F89B
:1078F00000A1A4F8FC30B8F80C3084F802311B0A5F
:1079000084F80131030A4D1CADB2A4F8FC1004EB5D
:10791000010CB5F5807FD8F800108CF800315FFAC3
:1079200089F32CD184F80031012322E745F2514339
:10793000A4F8003140F254430421A4F80231032397
:1079400047F0020A1FFA89F002331FFA83FC214430
:10795000BCF5807F81F800A17FF4EEAE0023022108
:107960000325A4F8FC30B8F80C30A4F8FC105BBA7E
:10797000A4F80031030AD8F8001084F802316B1C17
:107980009BB2B3F5807F254408BF002385F80091A2
:10799000EFE600BFD0910110BD6B0010716B0010BD
:1079A00017F0040340F0D7801AF0800F11D10023A4
:1079B00014E701230BE76FF0050B66E702339BB278
:1079C0002144B3F5807F18BF1E4681F8000113469D
:1079D0001AE7049AD8F80410100A84F8000101206C
:1079E000D5B202339BB2B3F5807F08BF0023204499
:1079F00080F80051049AA4F8FC30002A3FF4EEAE5F
:107A00000A440020012594460A4603F1010904EBCB
:107A1000030E1FFA89F312F8019BB3F5807F8EF8ED
:107A2000009140F01B816245A4F8FC0000F0D28078
:107A30004B78A4F8FC5084F800318B1C9C4500F076
:107A4000D5808B78033184F8013102238C45A4F86A
:107A5000FC30D9D1C2E6002503F1010C1FFA8CFCE1
:107A6000E018BCF5807FD8F8101080F8005103981A
:107A7000A4F8FCC040F0D980012384F80001A4F8E8
:107A8000FC30002800F0C48002250246501E11FA86
:107A900080F04FF0000C01390EE08242A4F8FCC0E7
:107AA00000F08C8011F8023F84F8003101238842F5
:107AB000A4F8FC300CD05D1CE218ABB24D78B3F5E5
:107AC000807F82F8005101F10102E6D01146EEE715
:107AD000581C80B24FF0000CE518B0F5807FD8F844
:107AE000141085F800C1A4F8FC0040F08480019BCC
:107AF00084F800310123019AA4F8FC30002A3FF4F5
:107B000069AE00254FF0010C501E11FA80F00139CA
:107B100091F801E05A1C234483F800E193B2B3F5D5
:107B2000807F01F1010240F095809042A4F8FC5062
:107B300021D08B78A4F8FCC084F800318B1C9842CB
:107B40003AD011F8033F84F8013102238842A4F8A7
:107B5000FC30DDD13EE6039BD8F8101084F80131EB
:107B6000022384F80051039A5D1CA4F8FC30A8B2EB
:107B7000002A8BD1AEE71AF0800F3FF418AF049BB8
:107B8000D8F804105BBAA4F80031022332E7049A53
:107B9000581C80B2E5184FEA122CB0F5807FD8F857
:107BA000041085F800C1A4F8FC00D5B27FF419AF29
:107BB000012384F800511DE701230BE6019BD8F84F
:107BC000141084F8013184F800C1022393E74FF0C8
:107BD000FF3B5AE67B067FF558AE059BD8F8085068
:107BE0005BBAA4F800310226059B0DE60123F5E5FA
:107BF0006FF0090B49E602339BB2019AB3F5807F1F
:107C0000204408BF634680F8002174E71146DAE596
:107C1000D8F8141084F8010118460223019A23446D
:107C2000023083F8002183B265E702339BB2A4449B
:107C3000B3F5807F8CF8000195D1A4F8FC5018B101
:107C40002B460246012521E7D8F81410012384F8B9
:107C50000001E3E7114679E71046FCE51146F5E639
:107C60002C48F8F781FD2C48F8F77EFD04339BB2D1
:107C70002144B3F5807F81F800017FF427AE04230F
:107C800084F800310223032147EA030AA4F8FC30F8
:107C900084F801A1B8F80C30180A84F802011FFA20
:107CA00089F04D1C214481F80031A9B2030AB1F5D5
:107CB000807F1D467FF427AE0023A4F8FC30D8F85F
:107CC0000010022384F8005184F8019151E504204A
:107CD00002339BB22144B3F5807F81F800017FF429
:107CE00006AD45F24D13A4F800310223E7E5542018
:107CF000214481F80001D91C89B2B1F5807FB5D14A
:107D0000012384F800010BE50448F8F72DFD044831
:107D1000F8F72AFD04730110D8720110B072011037
:107D20008C72011005F0FCBF012370B50B72044684
:107D300006F024F8431C0CD1104AD2E90032256821
:107D400020460F496C69C1E902322346BDE8704004
:107D500018470546F9F7FCFD03460A464FF47A70CA
:107D60004FF0FF3E6FF0004CE5FB00329E457CEB90
:107D700002013CBF73466246E1E700BF708E01100E
:107D80000818002038B5094D04462B7843B1012569
:107D9000236807492046DB690D729847284638BD9D
:107DA00000F074FA01232B70F1E700BFE0E000203F
:107DB0002018002010B50446036805499B699847C0
:107DC00023682046BDE8104002491B6A184700BFDF
:107DD000081800202018002000207047704700BFBE
:107DE00008B5F9F7B5FD29B14FF47A7200230EF00A
:107DF000EFFE08BD024AA2FB0020800908BD00BFBB
:107E0000D34D621083681BB906E01A6832B113467D
:107E10008B42FAD10020704700F10803002219605C
:107E200001200A60704700BF836800F108021BB997
:107E300008E01A461B682BB18B42FAD11B6801205F
:107E4000136070471846704743681BB906E01A680C
:107E50002AB113468B42FAD100207047031D00223D
:107E6000196001200A6070474368021D1BB908E0D1
:107E70001A461B682BB18B42FAD11B680120136094
:107E800070471846704700BF344B2DE9F047D3E9DF
:107E900000458368804663B300F10806F9F758FD92
:107EA000D8F808A0B646BAF1000F22D053464FF0DA
:107EB000000CD3E90227B0EB020961EB0709B9F125
:107EC000000FA8BFF4469E461B68A4BF1046394663
:107ED000002BEED1BCF1000F3BD0DCF80010404687
:107EE000D1E90023CCF800209847D8F80830002BBF
:107EF000D4D1D8F8046006B30027337A1BB33146D7
:107F000073683772404698473668002EF5D1D8F826
:107F100008A0BAF1000F10D05246D2E90231E01A9F
:107F200065EB0102012872F10002DAF800A0F0DB33
:107F30001C460D46BAF1000FEED120462946C8E98D
:107F40000445BDE8F0873668002ED6D1D8F808A0E1
:107F5000DFE7D8F80460002ECED1DDE7708E011087
:107F6000F0B4154F154AC01942EB0101820F42EAE5
:107F70008102134B424002FB03F3124E81EA9171DE
:107F800006FB0133A2FB06263344D00E0E4C40EA1A
:107F90004310504004FB00F10C4D83EAD363A0FB77
:107FA000050205FB0311F0BCC30F114443EA410372
:107FB000584081EAD1717047157C4A7FB979379E64
:107FC0006D4758BFB9E5E41CBB49D094EB113113A0
:107FD00070B5EFF3108C72B6204CD4E8CF2F01238C
:107FE000002AFAD1C4E8423F002AF6D1BFF35F8FDE
:107FF0001B490B78012B10D9023BDBB21846194AFA
:1080000003F1010E0B7052F8200052F82E100023DD
:10801000C4E88F3F8CF3108870BD4FF0FF32002012
:10802000114B18639A63DA629A60D3F8B820002A79
:10803000FBD104205D690B4A4FF0050E15609D6968
:108040005560DD6995601D6AD5605D6A1561074DF3
:108050009E6A2D685661DD600346D3E7741E0020DA
:10806000EEE0002094E0002000010F40100100200D
:10807000F8B5D0E9006405468068E96846EA00037F
:1080800044EA0102134304D1F9F762FC50EA010308
:10809000FAD086EA00036140A000B7002206BF19AB
:1080A00040EA96704FEA066E42EA16224FEA01460F
:1080B00046EA13464EEA142E82EA010244EB00001F
:1080C00072408EEA030484EA03446A60DA0E4FEADF
:1080D000C71C42EA41122C60C90EC40144EA57642D
:1080E0004CEA506041EA4313EB60E100C30018180A
:1080F00041EA5C71AA6044EB0101F8BD2DE9F04F43
:108100005C4D8DB02B78002B55D05B4C5B4F08AE8F
:10811000BB68DFF86C810093D7E900A598F800B040
:10812000D7F80C90F9F714FCFFF71AFF80EA0A0A57
:108130004D40FFF74DFFFFF713FF009B5FFA8BFBEE
:10814000584081EA0903EFF3108972B6D4E8CF1FD3
:1081500001220029FAD1C4E8412F0029F6D1BFF34A
:108160005F8F98F800205A4508D03A688AEA020AD8
:108170007A685540BA685040FA685340CDE90A031E
:108180003046CDE908A5FFF773FFDDE90AAB98F8A3
:108190000030C7E902ABDDE908AB0133DBB20022F6
:1081A000C7E900AB88F80030C4E88F2F89F3108846
:1081B0000DB0BDE8F08F08AE3046F9F725FDDDE9DA
:1081C0000A34DDE90889CDE90034F9F7C1FB8346BB
:1081D0008A46FFF7FDFE03460F46EFF3108272B6A4
:1081E000254CD4E8CF0F01210028FAD1C4E8401F64
:1081F0000028F6D1BFF35F8F297831B11F4F0023DC
:10820000C4E88F3F82F3108882E758465146CDE993
:108210000223FFF7A5FE86468C4640464946E046C7
:10822000F146FFF79DFE039B81EA080180EA090001
:10823000CDE9040118463946FFF792FE0F46804605
:10824000DDE90001FFF78CFE794080EA0800CDE906
:10825000060104A8FFF70CFFDDE906010123074F23
:10826000029AC7E90201DDE904012B70C7E90001A8
:10827000C5E700BFEAE00020741E002010010020C6
:10828000DEE0002008B5FFF739FF08BD08B501F0B2
:10829000F3FB00F0FDFA00F0C1FC00F065FD05F015
:1082A0007FFD01F069FC00F06DF9BDE8084005F0C4
:1082B000A9BC00BF40BA80B2704700BF00BA704787
:1082C0002DE9F041524D04462B68884613B12A7AB5
:1082D000824271D04F4E2701EB6813B12A7DA24232
:1082E00060D0AB691BB195F82020A24250D06B6AD8
:1082F0001BB195F82C20A24225D03B1906EB0313A5
:10830000DB7B7CB3B27A022A62D0012C2ED096F8A5
:108310001A21022A60D0022C2CD096F82A22022A96
:108320006CD0032B0DD83C4D274455F8230006F0A4
:108330004DF80022042106EB0717FB7BF97345F883
:108340002320BDE8F081381906EB00104146AA6AE7
:108350001030984700236B623B1906EB0313DB7B5D
:10836000002CCFD196F81A21022A4CD096F82A2256
:10837000022A3ED096F83A23022AD2D196F83F2319
:108380009A42CED104223B1906EB0313DA73D8E7E5
:10839000381906EB00104146EA691030984700236F
:1083A000AB61A4E7381906EB001041462A6910308A
:1083B00098470023EB6094E700EB0010154E000196
:1083C00010306A6830449847002327012B6083E708
:1083D000F27B9A4299D1D5E796F81F219A42D1D0E3
:1083E000022CC7D096F82A22022A07D0032CC1D12A
:1083F00097E796F82F229A42BCD1C3E796F82F222E
:108400009A42F3D1BEE796F81F219A42EAD1B9E722
:10841000F42D00202C2E0020E42D00202DE9F04F1B
:10842000DFF85CA100EB0013020187B00AEB031434
:108430000092E27A012A00F299804E4951F82250C6
:10844000002D00F087801B0110330AEB030507465F
:1084500028460EF073FB014612314FF4207236208D
:1084600089B200F083FE804600286AD0002320896C
:10847000CDE903330593FFF71DFF01238DF80E307F
:108480004FF480730C264FF6FE79ADF80C000C22E9
:10849000404603A9ADF81030013D01F07BF901978A
:1084A00069786F1C2E295CD03A46002449B1517876
:1084B00001342E29E4B202F1010045D00246002920
:1084C000F5D1A2EB070B154622461FFA8BFB32446F
:1084D0004A4533DC22463146404601F00FFA701C13
:1084E0005A4683B234443946404601F089F9A4B271
:1084F0002A78661CB6B2002AD2D131464046019F86
:1085000001F0FCF94FF001230293A31C04229BB25B
:1085100002A9404601F074F9009A16483A440AEB61
:10852000021A9AF80B20144900EB82029AF80F0005
:10853000352351F82000414605F0DAFE404600F0B0
:1085400061FF07B0BDE8F08F521B1FFA82FB0546A2
:108550002246BCE72946FFF7B3FEA57207B0BDE887
:10856000F08F00223D4693461446B0E70348F8F7E3
:10857000FBF800BF242E0020E42D002038730110EA
:108580002C2E0020704700BF012800D9704721B170
:10859000054B0A6843F820207047044A024B1268D2
:1085A00043F82020704700BF242E0020D0910110F6
:1085B000F8B50025464C14F8013CEFB2032B00F24D
:1085C0008480DFE803F01D022F23424EFFF75AFE9E
:1085D000B27A83B2022A44D096F81A21022A47D0EE
:1085E00096F82A22022A4BD096F83A23022A4FD034
:1085F000394A384624F8033C44F8012CFFF70EFFB3
:108600000135042D04F58874D5D1F8BD54F80B3C20
:10861000F3B9002304F8013C0135042D04F58874F6
:10862000C9D1F2E76378013BDBB26370002BE7D17D
:10863000A3780133DBB2042BA3702ED063703846CD
:108640000135FFF7EBFE042D04F58874B3D1DCE7A8
:10865000013B44F80B3C002BD2D1002304F8013C31
:10866000DAE732899A42B1D096F81A21022AB7D1B4
:10867000B6F818219A42A9D096F82A22022AB3D134
:10868000B6F828229A42A1D096F83A23022AAFD10E
:10869000B6F838239A42ABD198E723783BB90F4A12
:1086A000526822B140F20112A3702280C7E7002174
:1086B0003846FFF705FE00230135042D04F8013C80
:1086C00004F588747FF477AF9FE70548F8F74CF816
:1086D000372E00202C2E002002000100242E002026
:1086E0005073011070B510F001064FF0000406D071
:1086F000A1424DDD10F8013B013963F31F2410F056
:1087000003034AD1072950DDA1F1080500F1100E3D
:1087100025F00702964400F1080C5CF8082C0CF1D7
:10872000080CD2185CF80C3C28BF01329B1828BFFB
:108730000133F445F1D1C908C1F10101A0EBC10039
:10874000083005EBC1019AB2012902EB134312DD97
:1087500002880329134405DD428805291344C4BF58
:1087600082889B184A08C2F101020239A0EB42003C
:1087700001EB42010230012904BF027862F30704D1
:1087800023449AB202EB13439CB204EB134416B198
:1087900024BAC4F30F44A0B270BD012903DD30F840
:1087A000023B0239AEE70023E5E71A46CCE700BFFB
:1087B0002DE9F843089C1B6824688846250C15FAA7
:1087C00084F414FA83F404EB1344A3B203EB1443CC
:1087D0009CB2174604EB1344D8B105464FF000098C
:1087E0006E8968683146FFF77DFF204484B2F30745
:1087F00004EB104404D524BA89F00109C4F30F44F2
:108800002D68002DECD1B9F1000F02D024BAC4F3C9
:108810000F444046FFF74EFD05463846FFF74AFD38
:108820002844204483B203EB104398B200EB13407A
:10883000C04380B2BDE8F883FFF7BABF08B5FFF7C1
:1088400051FFC04380B208BDF8B1F8B50027054616
:108850003C466E8968683146FFF744FF0444A3B282
:1088600003EB1444F30704D524BA87F00107C4F3DB
:108870000F442D68002DECD127B120BA6FEA1040CB
:1088800080B2F8BDE04380B2F8BD4FF6FF7070478C
:1088900010B400204FF47A6401210A4B0A4A23F0F5
:1088A00003031360094A1871181983F8A41F106094
:1088B0000749084A1C60C3F8A01F5DF8044B136009
:1088C000704700BF93D0002088D000208CD00020BB
:1088D000A00FA00FA4360020002877D02DE9F84380
:1088E00083077CD1414AA0F1080312689A4273D8E9
:1088F0003F4C00F10C0124688C426DD310F8041C2D
:1089000000296FD030F8081CB1F57A6F10D830F814
:1089100006ECBEF57A6F0BD8A3EB02081FFA88F8B5
:10892000F04502EB0E0606D032F80E50454502D057
:108930003048F7F719FF02EB010C64453AD0BCF858
:1089400002504545F4D100252B4F00F8045C3D68EA
:108950009D4284BF1D463B609C423AD9634518D076
:108960009CF80490B9F1000F13D1644511D0BCF804
:108970000010AC4504BF1D463B60B1F57A6F20F88E
:10898000081C06D05418A4F8028030F806EC02EB5C
:108990000E06B3420CD0307950B9AB4208BF3E60EE
:1089A000B1F57A6F18BF5218318018BFA2F802E0F3
:1089B000BDE8F8830025104F00F8045C3D68AB4229
:1089C00005D29C423B6004D91D46C9E770479C42D2
:1089D000C6D80A48F7F7C8FE0948F7F7C5FE0948A0
:1089E000F7F7C2FE0848F7F7BFFE00BF88D00020A7
:1089F0008CD00020D8730110A43600200C74011014
:108A00009473011070730110B0730110CB1C23F02C
:108A100003039BB20B2B3CD9B3F57A6F3CD8994238
:108A20003AD82C4A70B5146884424AD82A4A126847
:108A3000824246D930F808CCA0F10802121B92B24B
:108A4000ACF10801891A89B299423DD320D004EBD8
:108A50000C0E9EF804500DBBBCF57A6F37D01F4D3D
:108A600002F108012E680B449BB2764534F80CC025
:108A700004EB030123D000250D7124F803C04A80C4
:108A800020F8083CE25AB2F57A6F01D022445380B4
:108A900070BD0C239942C4D90020704703F114051E
:108AA000ADB2A942F4D302F108010B44BCF57A6FD0
:108AB0009BB20CD0094DE1182E688E42DBD929609B
:108AC000D9E70748F7F750FE0648F7F74DFE064886
:108AD000F7F74AFE88D000208CD00020A436002072
:108AE00028740110407401106074011000285ED0D9
:108AF0002DE9F843C31C23F003039EB20B2E27D9A4
:108B0000B6F57A6F21D8B0421FD8344BDFF8E08039
:108B10001D68D8F80070C6F57A617A1B90B2814260
:108B2000034612D96FF0070E2C189C4694F8049057
:108B30002B5A02461846B9F1000F04D1AEEB0202DF
:108B40001A44B24206D29942EED80020BDE8F8831A
:108B50000C26D8E706F114018A4206F1080610D265
:108B6000012323711E4BA742196821D02644B1422C
:108B70002DD3A30708BF04F10800E7D01948F7F781
:108B8000F3FD0CEB060292B2B2F57A6F22D001200F
:108B9000A91881F80490AB52A1F802C0228020717C
:108BA000AB5AB3F57A6FDDD02B445A80DAE77047C1
:108BB0003B7923B9DAE73F882F443A7922B18F42D3
:108BC000F9D1C8F80010D1E7C8F80070CEE7064820
:108BD000F7F7CAFD0548F7F7C7FD00BF88D00020AA
:108BE0008CD00020A4740110747401106074011002
:108BF000A436002038B501FB00F4B4F5803F0AD25A
:108C0000A0B2FFF773FF054618B1224600210DF010
:108C100091FE284638BD0025284638BDF0B504240D
:108C20000027114D114B124E05F1240E033355F858
:108C3000042B23F0030337606CB10021B2F800C0AD
:108C40000A4600E003460132A242196003EB0C0021
:108C50001946F7D13360AE4504D02A685488D2E96A
:108C60000136E3E7F0BD00BFE4900110E4C7002047
:108C70001CD00020082810B511D80C4B53F8204008
:108C8000FFF7AAF8A3681C683CB122681A60A30722
:108C900008D1FFF7A3F8204610BDFFF79FF8002486
:108CA000204610BD0248F7F75FFD00BFE4900110B9
:108CB000E8740110082812D838B50C4671B10A4B77
:108CC00053F820508B070BD1FFF786F8AB681A6872
:108CD00022601C60BDE83840FFF780B838BD70479F
:108CE0000248F7F741FD00BFE49001100C75011038
:108CF0006FF00B00704700BF70B582B0002A2ED015
:108D000014460B684268054693420E4601D102B0F4
:108D100070BD2260204601A9019302F081F820462F
:108D200001A905F07BFB01A9204600F087FE95F81C
:108D30003920336802F0050105296B6006D0EB6924
:108D4000002BE4D02846984702B070BD002BF6D027
:108D50001307F4D52846291D07F0BAFCEFE70148B0
:108D6000F7F702FD2C750110704700BF2DE9F041A7
:108D700082B0099E002867D0002E65D09846089BD7
:108D8000174643620A9B454D03610023002908BF33
:108D90002946002A08BF2F46B8F1000F08BFA84691
:108DA0003F4A404DC0E9013342612A78C36080F8F0
:108DB0003C2080F839308362C0E9073303860B68B2
:108DC0000446002B44D03B6883B38360D8F800305E
:108DD00083BB204601AAFFF78FFF2046B04703461A
:108DE00090BB314E94F83CC03068BCF1FF0F04BF1B
:108DF0009C4684F83C3000283ED003464FF48072F5
:108E000002E01B68002B37D09C4244D0013A13D0BB
:108E100093F83C106145F4D10CF1010C5FFA8CFC25
:108E2000BCF1FF0F0BD084F83CC0E6E7D8F8003067
:108E3000002BCED0E360CCE71C48F7F795FC4FF051
:108E4000000C84F83CC0D8E7002002B0BDE8F081F7
:108E500001AAFFF751FFD4E902123B68994205D1FC
:108E6000D8F800309A42B8D0E360B6E7A360D8F8EB
:108E700000309A42F8D1B0E7BCF1FE0F206008BF85
:108E8000002320461CBF0CF10103DBB22B703460C1
:108E900002B0BDE8F0810648F7F766FCD0910110FA
:108EA000F18C0010E6E000203CD00020507501104D
:108EB0003C750110F0B5274D0446002914BF0E463D
:108EC0002E46002A14BF17462F46002B18BF1D46FA
:108ED000336883B06BB100213B68A268934218BF2E
:108EE000A3602B68E268934218BFE36029B103B026
:108EF000F0BD426842B90121EEE7314620466A469C
:108F0000FFF7FAFE03B0F0BD684601A9CDE90023E2
:108F100001F086FF684601A905F080FA01A96846BC
:108F200000F08CFD94F83920336802F00501052922
:108F3000636005D0E369002BDDD020469847DAE76F
:108F4000002BF7D01307F5D52046211D07F0C0FBF5
:108F5000F0E700BFD091011000283CD038B543683D
:108F60000446DBB994F83930DA0728D41C4B1A6868
:108F7000A24204BF00221A601A4A1368A34207D013
:108F80002BB11A68A24206D01346002BF9D138BD86
:108F90002368136038BD22681A6038BD051D0021A2
:108FA000284601F03DFF0021284605F037FA002150
:108FB000284600F043FD94F83930DA07D6D523F07F
:108FC00001021B0784F8392006D4E369002BCDD0B9
:108FD00020469847CAE77047204607F03BF8F4E779
:108FE00038D000203CD00020014B1860704700BFF3
:108FF00038D00020F0B110B590F839300446DA07C7
:109000000CD4C26943F0010380F8393012B19047A3
:1090100094F8393003F00502052A00D010BD6268CB
:10902000002AFBD01B07F9D52046211DBDE81040C2
:1090300007F04EBB704700BF18B310B590F8393039
:1090400004465A0700D510BD43F0040380F83930B8
:1090500006F0AEF994F8393003F00502052A06D07F
:10906000236A002BEFD02046BDE810401847626805
:10907000002AF5D01B07F3D52046211D07F028FB59
:10908000EEE7704750B190F83920510706D5016AD4
:1090900022F0040280F8392001B10847704700BF70
:1090A000024658B1064B186810B907E0006830B1A5
:1090B00090F83C300133DBB29342F7D170477047F0
:1090C0003CD0002070B5054650B3002609E0012BC6
:1090D00021D053BB2846FFF7FFFB0136F6B2C4B1DF
:1090E0002546FEF779FEAC7BE4B1013CE4B2AC73FB
:1090F000FEF774FE6CB92B7B2C6803F00F03022B78
:10910000E5D1294608200136FFF7D4FDF6B2002C40
:10911000E6D1304670BD29460720FFF7CBFDDCE7DE
:109120000646F6E70248F7F71FFB0248F7F71CFB75
:10913000807501109875011008B5FEF74DFE0022EC
:10914000084B1A70FEF74AFE074B186810B908E082
:10915000C06830B1436F002BFAD0BDE8084001F081
:10916000A9BE08BDE8E0002070E00020B2F5C17F94
:109170002DE9F843894643D04FF0000661F30F060E
:10918000154661F31F4607D822F04003012B9CB21D
:1091900027D03B48F7F7E8FAB2F5207FF9D1C31C96
:1091A00001F1030929F0030923F003034B449BB2A7
:1091B00004464B4503F1100080B25ED381455CD874
:1091C000FFF794FC8046C0B1002203192D491333E8
:1091D00023F00303C160C0E9013602604046BDE8E8
:1091E000F8830720FFF746FD804630B10023C0E931
:1091F000003386600573C48143734046BDE8F8833D
:109200000024074640F2EC56A0461F4D05E02060C2
:10921000B9F1000FF1D0044600270820FFF72AFD1E
:10922000F0B1FB1C23F00303F31A9BB24B4528BF9C
:109230004B4600220744133727F003074381A9EB6D
:109240000303A0F808904760C56002601FFA83F925
:10925000B8F1000FDBD18046B9F1000FDBD1CCE7CC
:10926000FEF7BAFD0122094B1A70FEF7B7FDB8F1FF
:10927000000F02D04046FFF725FF4FF00008BCE783
:10928000AC7501108000010082000100E8E00020C0
:1092900038B5002834D00446008988421CD9081A01
:1092A00006E02389891A03442381246889B20CB318
:1092B00062898A42F5D30025237B61F30F051B07E2
:1092C00061F31F4501D18A4207D12068A56008B12A
:1092D000FFF7F8FE0023236038BD636820461B1BA0
:1092E000194489B2FFF792FB38B18442EDD00648A9
:1092F000F7F73AFA0548F7F737FA0548F7F734FA77
:109300000448F7F731FA00BF14760110E075011038
:10931000F8750110C875011010B5F0B1B1F5803FB6
:109320000BD2C1B103898AB213449BB29A4204D8CA
:1093300090F90CC0BCF1000F01DB012010BD4468A6
:1093400000F1100C611A6145F7D3B0F80AC0416012
:10935000624442810381002010BD0148F7F704FAFE
:109360003076011010B598B1B1F5803F0ED259B1E9
:1093700043898AB29A4209D844689B1A0C440189ED
:1093800044608A1A43810281002010BD012010BD73
:109390000148F7F7E9F900BF30760110002910B550
:1093A00014DB48B381B103898AB213449BB29A4259
:1093B00020D84468611A90F90C40002C16DB4489CF
:1093C0004160224442810381002010BD494298B18E
:1093D00043898AB29A420DD844689B1A0C44018989
:1093E00044608A1A438102810020EEE700F11004F4
:1093F000A142E4D2012010BD0148F7F7B5F900BF42
:109400003076011008B1FFF75DBE08B50148F7F7E7
:10941000ABF900BF30760110034630B100201B6865
:10942000013080B2002BFAD17047704758B110B5A7
:109430000446FEF7D1FCA37B0133A373FEF7CEFCF9
:10944000A37B0BB110BD70470148F7F78DF900BF42
:109450003C760110C8B1C1B1884210B518D002687D
:109460000AB913E022460389B1F808C014686344BE
:1094700003811046002CF5D11089538983420AD10B
:10948000088911600344138110BD70470246F3E759
:109490000248F7F769F90248F7F766F950760110C4
:1094A0006C76011010B50C46F0B1E1B188421ED0C7
:1094B00003683BB1028921890A44028118461B686E
:1094C000002BF7D102894389934216D12289046087
:1094D00013440381FEF780FCA37B0133A373FEF7E3
:1094E0007DFCA37B33B110BD0029F3D110BD04482E
:1094F000F7F73AF90348F7F737F90348F7F734F97C
:10950000507601103C7601106C760110002900F0B5
:1095100099802DE9F8431F460B89884693421546EA
:10952000C0F087800646002800F0838002897B19FE
:109530009A427EDB4FF000097489B8F80A30E41BC8
:10954000A3EB09039C4228BF1C46AC4228BF2C4613
:109550007068D8F804103844494422460DF078FA6F
:10956000738927442D1BBB42A144ADB267D3B8F821
:109570000A204A4560D312D0BB4224D0B8F8081064
:1095800091421BD032899A4202D0002DD4D13AE0C8
:109590003368002BF9D06FF00500BDE8F883D8F8E8
:1095A0000080B8F1000F19D0BB424FF000090AD07B
:1095B000B8F80A20B8F808109142E3D1D8F8002092
:1095C000002ADFD0E7E73668B6B1B8F80A20B8F865
:1095D00008309A421AD000277389D3E74DBBBB42AB
:1095E0001AD032899A420ED13368002B14BF6FF023
:1095F00005000020BDE8F883DDB9B8F80820B8F808
:109600000A309A420DD00020BDE8F883D8F80070E7
:10961000002FC0D17389B5E73668002EF3D0738967
:10962000DFE7D8F80030002B14BF6FF005000020F2
:10963000E0E76FF00F00DDE70448F7F795F804481E
:10964000F7F792F86FF00F00704700BFB476011083
:109650009C76011019B100230A89FFF757BF6FF0FC
:109660000F0070472DE9F041054670B10F4681B3F8
:10967000164692B3B5F80AC05BB16345A3EB0C0282
:1096800007D32D6893B2002DF4D1A8464046BDE81B
:10969000F0814FF0000804E0002DF7D00023B5F86A
:1096A0000AC0ACEB0304A4B2B44228BF34466968D4
:1096B000361B224607EB080019444444B6B20DF0AD
:1096C000C7F91FFA84F82D68002EE5D14046BDE8A1
:1096D000F08188464046BDE8F0819046D6E700BF5D
:1096E0002DE9F843BDF820C078B10F461E46054667
:1096F00009B1934209D86A896245ACEB020307D8E5
:109700002D681FFA83FC002DF5D10020BDE8F883F9
:109710000CEB06039A4239DA002FF6D09EB3ACEB7D
:109720000203BCF1000F0CD094450AD32D681FFA38
:1097300083FC002DE9D06A89ACEB0203BCF1000F79
:10974000F2D1B0464FF0000903E0D5B14FF0000C64
:109750006A89A2EB0C0294B2444528BF444669686A
:10976000A8EB0408224607EB090061444C441FFAA9
:1097700088F80DF06DF91FFA84F92D68B8F1000F23
:10978000E3D14E45C1D13846BDE8F88368686044EE
:10979000BDE8F88348B32DE9F843884611B303893F
:1097A00005469342914617D39AB11646002700E02A
:1097B000ADB16C896868B44228BF344608EB070134
:1097C00022460DF045F9361B2D682744F0D1B945E6
:1097D0000ED10020BDE8F8834FF0FF30FAE70648CD
:1097E000F6F7C2FF6FF00F00F4E76FF00F0070475D
:1097F0000248F6F7B9FF00BFD0760110E8760110F5
:1098000000284AD02DE9F04705460E4604E02D68B1
:10981000DB1B9BB2002D3DD06F899F42F7D9298970
:1098200003EB0209494535DB68681844FB1A9A4284
:109830002ADD9CB2A9EB0709224631461FFA89F9B5
:109840000DF006F9B9F1000F21D02F685FB33B8905
:109850004B451FD3C8464FF0000A00E007B37D898F
:1098600004EB0A01454528BF454678682A4631443D
:109870000DF0EEF8B8EB05083F68AA44EED1D145EB
:1098800005D00A48F6F770FF31460DF0E1F80020E8
:10989000BDE8F0874FF0FF30FAE74FF0FF30704738
:1098A0000348F6F761FF6FF00F00F1E7E87601106B
:1098B000D076011038B514460A462189FFF756FCC8
:1098C000054628B1002321462289FFF71FFE08B96B
:1098D000284638BD0148F6F747FF00BF0077011062
:1098E00018B90AE0006899B230B143898B42A1EB04
:1098F0000303F7D94368585C7047704718B90AE00A
:10990000006899B230B143898B42A1EB0303F7D9C8
:1099100043685A54704770472DE9F84F8046434FCB
:10992000DFF814A13968786907F096FFD8F8043099
:10993000DAF800405D7A002C72D0002836D1064655
:1099400004E0E2682646002A2ED01446227CAA4271
:10995000F7D1217A31B17A6892F83C200132D2B243
:109960009142EED1216811B17A699142E9D1627CCC
:10997000D10703D561683A699142E2D1D4F81490D5
:10998000B9F1000FDDD09B4642462146284BA06925
:10999000C84700283AD1D8F804309B4542D1E26844
:1099A00002202646002AD0D1BDE8F88F00200646C6
:1099B00004E0E2682646002AF6D01446227CAA4239
:1099C000F7D1217A31B17A6892F83C200132D2B2D3
:1099D0009142EED12268002AEBD1627CD20703D5F6
:1099E00061683A699142E4D1D4F81490B9F1000F5A
:1099F000DFD09B46424621460D4BA069C84728B997
:109A0000D8F804305B450DD10220D2E736B1E268C8
:109A1000DAF80030F260CAF80040E3600120C3E7E2
:109A20002046C1E70348F6F79FFE00BF88360020B6
:109A300098360020147701104CE0002088B10268AD
:109A40007AB171B10B6863B10A4B1B684BB110B4AA
:109A50001C68944206D0DB68002BF9D15DF8044BFA
:109A6000704770470A681A60DB68002BF6D00268FE
:109A7000EEE700BF4CE00020704700BF10B5E8B132
:109A8000037D0446042B03D0072B0BD0032B07D1F7
:109A900003F0FCF958B905232046237503F0E0FCD8
:109AA000002010BD03F0F2F908B90923F4E7431CC4
:109AB000F7D1638B43F008036383F1E70148F6F7BE
:109AC00053FE00BF6077011070B50646806F18B175
:109AD000FFF798FC0023B367746FB4B1D4E900506A
:109AE00058B1FFF78FFC21460420FFF7E3F855B18A
:109AF0002C46D4E900500028F3D121460420FFF77A
:109B0000D9F8002DF4D1002373674FF6FF73F46E7C
:109B10003386A4B1D4E9005058B1FFF773FC214655
:109B20000420FFF7C7F855B12C46D4E900500028AF
:109B3000F3D121460420FFF7BDF8002DF4D1346F96
:109B4000A4B1D4E9005058B1FFF75CFC21460420D1
:109B5000FFF7B0F855B12C46D4E900500028F3D1F6
:109B600021460420FFF7A6F8002DF4D10023C6E912
:109B70001B33A6F8683070BD08B5FEF783FB6FEAAB
:109B800080406FEA9040014B188008BD34180020D7
:109B900008B5037D012B05D0BDE808400146022031
:109BA000FFF788B80148F6F7DFFD00BF6C770110BA
:109BB000F8B52E4B002914BF8C469C46002852D085
:109BC000037D002B4CD12AB3294D05F1100E2B68D3
:109BD0001B6813B90EE0DB6863B1D98A9142FAD1F0
:109BE000196821B1DCF800400CB1A142F3D16FF04B
:109BF0000700F8BD0435AE45E9D1DCF8003003B10B
:109C000003601C4BC2821A681860C26003F0C0FF78
:109C10000020F8BD4FF480454FF6FF7E164E174FDB
:109C20003288013292B2724508BF4FF44042104C64
:109C300023681B6813B90CE0DB6853B1D98A9142E1
:109C4000FAD1013DADB2002DEBD132806FF00100B1
:109C5000F8BD0434BC42EBD13280002ACDD1F5E707
:109C60006FF00500F8BD6FF00F00F8BDD091011046
:109C70007491011074E000203418002084910110C8
:109C800038B5F0B1034641F2D06E018DC26A446A24
:109C90005D8E881A7545204494BFA0EB050CA0EB9F
:109CA0000E0CBCF1000F06DA121B06D4B2F5803F91
:109CB0000AD2002091B2598538BD00210846598545
:109CC00038BD0348F6F750FD0248F6F74DFD00BFDA
:109CD00080770110A4770110002837D038B5037DB4
:109CE000012B3AD042F6A053028D114489B2994219
:109CF0001AD9194641F2D06EC26A458E446A75453A
:109D000094BF02EB050C02EB0E0C2344A3EB0C0CEE
:109D1000BCF1000F01850BDA121B18D4B2F5803F9D
:109D200038BF428516D238BD8A42E2D80B46E1E7F9
:109D300040F667349B1AA3424185F4D9438B43F024
:109D400002034383BDE8384003F08ABB7047002319
:109D5000438538BD0248F6F707FD0248F6F704FDD3
:109D6000A4770110C07701102DE9F843002800F016
:109D7000A780002900F0A4801F46037D0546002B24
:109D800040F09B800B68007A6B602A83002835D0F6
:109D9000FFF786F9002800F096802B680BB943681E
:109DA0002B60EE8A002E35D14FF4804C4FF6FF7EAB
:109DB000DFF83481DFF83491B8F800400134A4B200
:109DC000744508BF4FF44044404B1A68126812B9FA
:109DD00018E0D268B2B1D18AA142FAD10CF1FF3CAD
:109DE0001FFA8CFCBCF1000FE8D1A8F80040A5F8E0
:109DF00016C06FF001042046BDE8F883281D07F067
:109E000065FAC7E704334B45DFD1A8F80040EC8280
:109E1000002CEED0002242F6A0516A62EA622C4A7F
:109E20002C4B14682C4AA5F86010AA621A68018E9F
:109E300022441A602A65013AC5E916226A6400299B
:109E400035D0282938BF2821A1F128039BB2B3F5CA
:109E5000067F28BF4FF406730122022128466B8635
:109E6000C5F88870A5F8482003F090F8044600284B
:109E7000C1D102232B755EB1184A1368AB4219D0C9
:109E800033B1DA68AA4201D01346F9E7EA68DA602A
:109E9000134B1A681D60EA6003F07AFE0122114B31
:109EA00028461A7003F0DCFA2046BDE8F8834FF428
:109EB0000673D1E7EB681360EAE76FF009049AE7ED
:109EC0006FF00F0497E76FF0030494E774910110AB
:109ED00080E0002030180020A02DA02D74E000208C
:109EE00070E00020EBE00020341800208491011085
:109EF0002DE9F04F4FF00008AD4EAE4F32683B7881
:109F000001320133DFF8C09287B032603B70AA4B58
:109F10001B680493002B64D00024049B1A7D002A44
:109F200000F02482012A00F01E820A2A00F0218219
:109F30003978987F884200F04981022A997793F80E
:109F4000421000F0A3800B2940F2AF804FF0010BCC
:109F5000062A049B00F0D680597A0B0740F19A80BC
:109F6000042A40F0D081049B3168186AD3F89450D9
:109F7000091AD3E926C000FB0C50904BA3FB00E06C
:109F8000B1EB501F40F2A6814FF0010A0BF1010B1B
:109F90005FFA8BFB049B5D6F002D00F0C380049B78
:109FA000B3F9402002EB4202B1EB420F80F068812E
:109FB000049B1A7D032A60D0092A27D0BBF1000F29
:109FC00040F0B080049B1A7F597F0132D2B2914297
:109FD000DD681A7740F2C5802B46049C0495002B5F
:109FE0009BD1774D0024296869B10B7D0A2B40F085
:109FF000C38133680A6A9B1AF02B00F2C8800C46B2
:10A00000C9680029F1D107B0BDE8F08F3268196A3C
:10A01000521AF02A36D9D3F890500498FFF754FD1D
:10A02000654B1A68049B002C00F07F81934200F07E
:10A03000A681DA68E260BAF1000F40F06881049B03
:10A040001A7DD3E903BA012A00F09C811946022047
:10A05000FEF730FE89F8008045B16FF00C015046E4
:10A06000A84799F80030002B7FF451AF5B46CDF83C
:10A0700010B0002B7FF451AFB3E73268196A521A5F
:10A08000282AC8D8BBF1000F9CD0C4E705290CD9F9
:10A090004FF0010B049B5D6F002D00F019813168BA
:10A0A0001A6A4FF0000A891A79E7049B93F8A1B065
:10A0B000BBF1000F00F09180186F002840F068811C
:10A0C000D96E002900F0678193F8A2100B293FF6A2
:10A0D0003DAF3C498B441BF8015C93F8A010A942AA
:10A0E000C0F02E81049BB3F860502DBB18469A46F1
:10A0F00003F02AFC38B39AF81420AB46062A049BD6
:10A100007FF42AAF598BC80600F1D580597A090728
:10A11000C0D4049B5D6F002DC1D1AA46BBF1000FD6
:10A120003FF450AF049B012AD3F890507FF678AFEC
:10A130000A2A7FF472AF73E71846294602F0E6FD5B
:10A14000002800F00681049B4FF0000B93F8A1203B
:10A1500083F8A080062A9CBF013283F8A1201A7DD3
:10A16000F6E6D3F88C2083F81C8089F8008052B181
:10A1700019461869904799F80020002A7FF4C7AE65
:10A1800000287FF429AF049803F06AF924E72B68CC
:10A19000002C00F0D080994200F00081CF68E76089
:10A1A0000220FEF787FD394600297FF41EAF2AE71B
:10A1B00080E00020EDE0002070E00020D34D621030
:10A1C00084E0002084910110EBE000201C46DB6855
:10A1D0000493002B7FF4A1AE03E747F6FE75B3F9B5
:10A1E000301088B2A84202D8013001B21986049B0F
:10A1F000B3F9400088423FF7ABAE18461D4602F067
:10A200004DFF2A7D40B1296F00297FF4A1AE049B48
:10A21000D96E00293FF49CAE022A15D0049B47F664
:10A22000FF7193F8422060480C2A28BF0C22B3F932
:10A230003C50805CB3F93E2002EBE50282408A424A
:10A24000A8BF0A46A3F84020049DB5F84810B5F809
:10A25000602028468A4228BF0A46698E5208A5F81F
:10A260004810490089B28A4238BF0A46A5F83080B2
:10A27000A5F84A20A5F86A8003F0BEFA2A7D67E6B1
:10A280000594D5E9004058B1FFF7BCF829460420F1
:10A29000FEF710FD54B12546D5E900400028F3D162
:10A2A00029460420FEF706FD002CF4D1DDE9043434
:10A2B000C3F874807CE63168186A091A28297FF689
:10A2C00028AF0BF1010B4FF0000A5FFA8BFB61E640
:10A2D000AA466DE6049B93F8A300344B0CFB005593
:10A2E000A3FB0505B1EB551F7FF613AF049D284670
:10A2F00003F0D6FA00287FF4CDAE95F8A320013202
:10A3000085F8A320C6E6072A3FF42DAEC2E6049BDB
:10A31000188B5A6A196D0290D88A05920190181DFF
:10A320000090184602F062FF89E693422DD1DA6868
:10A330001F4B1A607FE6994233D1CF682F602FE719
:10A340000131C9B2A94283F8A010BFF4CBAE834655
:10A35000FEE5049D284603F083F800287FF4F3AE61
:10A3600083462A7DF4E51348F6F7FEF91248F6F71E
:10A37000FBF91248F6F7F8F91148F6F7F5F9114824
:10A38000F6F7F2F91048F6F7EFF91048F6F7ECF99E
:10A390000F48F6F7E9F90F48F6F7E6F90E48F6F731
:10A3A000E3F90E48F6F7E0F98C910110D34D6210F5
:10A3B00070E0002014780110E87701104078011057
:10A3C00030790110D87801106C77011004790110F0
:10A3D0006C780110A0780110607901108879011063
:10A3E000B8B138B50446D4E9005058B1FFF70AF8BF
:10A3F00021460420FEF75EFC55B12C46D4E90050FE
:10A400000028F3D121460420FEF754FC002DF4D19E
:10A4100038BD704758B110B50446406808B1FEF722
:10A42000F1FF2146BDE810400420FEF743BC704711
:10A4300038B590B105460420FEF71CFC044650B127
:10A4400068682968AA68EB68606060682160A2603B
:10A45000E360FEF7EBFF204638BD0148F6F784F9CC
:10A46000B079011000B10161704700BF30B108B58B
:10A47000037D012B03D0C0F8841008BD704701484C
:10A48000F6F772F9CC79011030B108B5037D012BD4
:10A4900003D0C0F8801008BD70470148F6F764F992
:10A4A000F479011030B108B5037D012B03D0C0F859
:10A4B000901008BD70470148F6F756F91C7A011054
:10A4C00038B108B5037D012B04D04277C0F88C1059
:10A4D00008BD70470148F6F747F900BF447A0110FC
:10A4E00030B1037D012B03D90A2B01D0FFF7ECBA61
:10A4F000704700BF10B500294DD000284ED003682A
:10A500000C468B422AD02BB1DA68A2422ED01346D9
:10A51000002BF9D10022237DE2607BB9638BDA073F
:10A520002CD4E36E002B3CD1236F002B3CD1636F06
:10A53000002B3CD100232375E38210BD0A2BF0D001
:10A54000012BF7D02046FFF7BFFA237D0A2BE8D076
:10A55000012BE3D100232375E38210BD0022CB68D9
:10A560000360237DE260002BE8D1D7E7E268DA6080
:10A570000022237DE260002BE0D1CFE743F002030D
:10A580006383204602F06CFF237D012BC9D1002399
:10A590002375E38210BD0748F6F7E6F80648F6F79C
:10A5A000E3F80648F6F7E0F80548F6F7DDF8054861
:10A5B000F6F7DAF8647A0110807A0110A07A0110B7
:10A5C000B87A0110D47A0110002800F0AD802DE98E
:10A5D000F04F037D0546012B87B000F0A9800A2BC0
:10A5E00000F09480D0F89020D0F850A0D0F824B09B
:10A5F000D0F81090B0F816800592002B5BD1B8F11E
:10A60000000F64D14FF0000846462C6FA4B1D4E986
:10A61000007058B1FEF7F6FE21460420FEF74AFB13
:10A6200057B13C46D4E900700028F3D121460420FC
:10A63000FEF740FB002FF4D1EC6EA4B1D4E900701A
:10A6400058B1FEF7DFFE21460420FEF733FB57B179
:10A650003C46D4E900700028F3D121460420FEF7DF
:10A6600029FB002FF4D16C6FA4B1D4E9007058B16C
:10A67000FEF7C8FE21460420FEF71CFB57B13C46FE
:10A68000D4E900700028F3D121460420FEF712FB24
:10A69000002FF4D156BB2B7D012B46D0294602203A
:10A6A000FEF708FB059B7BB16FF00C01484607B035
:10A6B000BDE8F04F18470E4601461F48FFF71AFF46
:10A6C00001221E4B1A70A0E707B0BDE8F08F1C4AAC
:10A6D0001368834217D033B1DA68AA4201D0134617
:10A6E000F9E7EA68DA600023EB608BE7CDF80480D5
:10A6F0002B8B5A4602932B1D009351462B4628461E
:10A7000002F074FDC7E7C3681360ECE701460D482B
:10A71000FFF7F0FE2B7D012B07D02946022007B062
:10A72000BDE8F04FFEF7C6BA70470748F6F71CF8C9
:10A730000648F6F719F800BF70E00020EBE00020B3
:10A7400074E0002084E000206C770110EC7A0110A6
:10A750000121FFF739BF00BFF8B506460220FEF71A
:10A7600089FA044638B3A422002120460CF0E2F80E
:10A77000FF224FF0061142F6A050554BE272A36241
:10A780000923544A544D1278C4F83E10A277534A14
:10A790005349C4F88420534A2D686675A4F86400B0
:10A7A000514E5248C4E9251226632562A064C4F8BC
:10A7B0009C302046F8BD4E4F3D685DB12846438B26
:10A7C000ED681A07F9D523F008034383FFF756F91C
:10A7D000002DF3D1474B1B688BB100213E4A106816
:10A7E0001A6A821A914298BF1C46DB6898BF1146CC
:10A7F000002BF5D11CB101212046FFF7E5FE022018
:10A80000FEF738FA04460028ADD1396891B12246E6
:10A81000314B18680B7D092B05D10B6AC31A9A427C
:10A820009CBF0C461A46C9680029F3D114B12046D2
:10A83000FFF7CAFE0220FEF71DFA0446002892D157
:10A84000396891B12246244B18680B7D082B05D13D
:10A850000B6AC31A9A429CBF0C461A46C968002963
:10A86000F3D114B12046FFF7AFFE0220FEF702FA43
:10A87000044600287FF477AF330626D4EEB1324683
:10A880003B68013AD2B2C3B1134900250F6805E015
:10A89000186A0A461C463D1ADB684BB1597D914245
:10A8A000F6D3F9D1186AA7EB000CAC45F4D3F0E766
:10A8B0001CB101212046FFF787FE0220FEF7DAF9DE
:10A8C000044600287FF44FAF73E77F22D8E700BF2C
:10A8D000A02DA02DEDE0002080E0002085AA001032
:10A8E00000DD6D00F8240100FFFF18020100A02D1B
:10A8F00070E0002084E000204020FFF72DBF00BF63
:10A9000010B584B0002800F0A0800446037D19B182
:10A91000042B17D0072B15D0012B6BD0022B47D05F
:10A92000002B5BD1E38A002B4CD04C4A1368A34226
:10A9300000F08880002B00F08280DA68A2427CD090
:10A940001346F7E7A36F002B43D0638BDB0640F180
:10A950008280208BE28A211DCDE90120626A00916C
:10A9600023462046216D02F041FC237D012B04D9B2
:10A970000A2B02D02046FFF7A7F8394A1368A342F2
:10A9800035D033B1DA68A24201D01346F9E7E26864
:10A99000DA6000200121334B334A1B68E060A34298
:10A9A000117021D0237D012B0CD13048F5F7DCFE4E
:10A9B00021462B48FFF79EFD0121237D2A4A8B4229
:10A9C0001170F2D021460220FEF774F9002004B085
:10A9D00010BD42F6A053228D9A42B6D1204604B053
:10A9E000BDE81040FFF74AB801F0BAFEEEE7E368B1
:10A9F0001360CEE700201E4901F10C0C51F8043F12
:10AA00001A682AB1D36F9C4212D0D268002AF9D1B9
:10AA10008C45F3D121461748FFF76CFD237D012BB0
:10AA200016D021460320FEF745F9002004B010BDE2
:10AA3000D067D268002AE5D1EAE7E268DA6000234D
:10AA4000E360BFE7E3681360F9E70B48F5F78CFEB6
:10AA50000A48F5F789FE0A48F5F786FE74E00020FB
:10AA600070E0002078E00020EBE000206C7701101F
:10AA7000749101107CE00020207B01105C7B0110B0
:10AA8000407B011000294FD070B50846154662B3CF
:10AA90000B7D012B4BD042F6A051028D2B89134424
:10AAA0009BB28B421DD90B4641F2D06CC46AB0F800
:10AAB00032E0466AE64594BF04EB0E0204EB0C025A
:10AAC00031448A1A002A038515DAA41B10D4B4F580
:10AAD000803F38BF44852DD22846FEF793FC0020E6
:10AAE00070BD9A42DFD81946DEE78BB1002070BDF9
:10AAF00000234385F0E740F66732091B9142438506
:10AB0000EAD9438B43F00203438302F0A9FCE3E755
:10AB10000B7D012B03D04B8B43F010034B830121A2
:10AB2000BDE87040FFF7ECBE6FF00F0070470348C0
:10AB3000F5F71AFE0248F5F717FE00BFC0770110BF
:10AB4000A4770110002831D0F8B50023856FD0F824
:10AB500084606F7B0446836756B101462A460069CC
:10AB6000B04758B10D301ED06FF00400A567F8BD96
:10AB70002989FFF7B1F82846FEF744FCBB0610D53B
:10AB800042F6A052238DD4F8845093421CBF013367
:10AB9000238535B1002321461A462069A8470D3088
:10ABA00001D00020F8BD6FF00C00F8BD6FF00F0071
:10ABB000704700BF2DE9F84300271C4DDFF8748073
:10ABC0002B781B4E01332B70D8F80040BCB1A37F0B
:10ABD0002A78934215D0638BA277D9071AD41A0723
:10ABE00011D4A36FD4F80C9033B120463770FFF71F
:10ABF000A9FF3378002BE7D14C46002CE7D1BDE804
:10AC0000F883E468E2E723F0080320466383FEF755
:10AC100035FFE6E743F002036383204602F020FCA1
:10AC2000638B23F003039BB26383D8E7EDE000203E
:10AC3000EBE0002070E0002008B5FFF7BBFF064AFC
:10AC400013780133DBB21370DB0700D408BDBDE815
:10AC50000840FFF74DB900BFECE00020002800F0ED
:10AC6000A28010B5037D0446012B84B070D0428BC6
:10AC7000042B42F01002428334D1A36F002B44D046
:10AC8000208BE28A211DCDE90120626A00912346D2
:10AC90002046216D02F0AAFA237D012B04D90A2B4C
:10ACA00002D02046FEF710FF424A13689C4237D07C
:10ACB0002BB1DA68944248D01346002BF9D100201A
:10ACC00001213D4B3D4A1B68E0609C4211702AD037
:10ACD000237D012B36D021460220FDF7EBFF00201B
:10ACE00004B010BD072BC8D0022B21D012D8C38AC4
:10ACF000002BF0D0324A1368984251D0002B4CD030
:10AD0000DA68944247D01346F8E742F6A053228D02
:10AD10009A42B5D1204604B0BDE81040FEF7AEBE61
:10AD2000E3681360CBE701F01BFD002004B010BD09
:10AD300001462048FFF7DEFB0121237D1F4A8B429D
:10AD40001170C8D11F48F5F70FFDE268DA60B6E769
:10AD500000201D4901F10C0C51F8043F1B682BB178
:10AD6000DA6F944212D0DB68002BF9D16145F3D140
:10AD700021461648FFF7BEFB237D012B16D0214646
:10AD80000320FDF797FF002004B010BDD867DB68F3
:10AD9000002BE5D1EAE7E268DA600023E3609AE796
:10ADA000C3681360F9E76FF00F0070470848F5F7C4
:10ADB000DBFC00BF70E0002078E00020EBE000202A
:10ADC00074E000206C770110749101107CE0002089
:10ADD0005C7B011008B530B1044B054A1868126855
:10ADE0001044186008BD0348F5F7BEFC3018002079
:10ADF00080E00020787B011008B55AB149B10B8E74
:10AE00003BB1282B38BF2823283B9BB2984228BF50
:10AE1000184608BD0148F5F7A7FC00BF947B011058
:10AE200000283FD0036870B5054603B970BD1E4ABF
:10AE30000E46106878B10268C4689A4206D054B1D0
:10AE400020462B680268C4689A42F8D10121FFF7B6
:10AE5000BBFB002CF4D1154B1C6854B122682B6845
:10AE600020469A42E468F8D10121FFF7ADFB002C9F
:10AE7000F4D1002EDAD03368002BD7D00C4B1A68EF
:10AE8000002AD3D02B681168994205D0D268002AD5
:10AE9000CCD011689942F9D133681360D268002A86
:10AEA000F0D170BD704700BF70E0002074E000205A
:10AEB0007CE0002070B5446FBCB10646D4E9005078
:10AEC00058B1FEF79FFA21460420FDF7F3FE55B175
:10AED0002C46D4E900500028F3D121460420FDF788
:10AEE000E9FE002DF4D10023736770BD644B2DE99A
:10AEF000F0431E8876B30024624B634D1F682C809C
:10AF0000002F79D02246614BDFF88481B3F800C06E
:10AF10009646531C9BB2A3EB0C01013996421FFAD3
:10AF20008EF9C9B240F2A480CC4515D8795C0129CC
:10AF300018D002291AD061B19C4558D954490968E2
:10AF40000B441B7D012B40F2988013449AB20124DC
:10AF5000DEE72B80BDE8F083D8F800107144097D4E
:10AF60000129E6D101241A46A644D2E7911C9C454A
:10AF700089B227D9464C246823441B7D042B27D152
:10AF80004B1CB34224DAD31C8C4502F104029BB261
:10AF900092B21FD8A1EB0C01C9B2795C9C454FEA73
:10AFA00001211FD8A3EB0C03DBB2FB5C40F2B35EC4
:10AFB00040F2B4540B43591E89B2714588BF2346F1
:10AFC0004386C4E7A3EB0C03DBB2FB5C042BD7D0B6
:10AFD0002980BFE72E4C9C4524682144097D4FEA17
:10AFE0000121DFD92A4C246823441B7DDEE7A3EB33
:10AFF0000C03DBB2FB5CA5E73C462246244B02F186
:10B0000014011F68531C96429BB231D97C5C012C01
:10B010002BD0022C0BD0002C9BD03B441B7D012B52
:10B020002BD913449AB2012402F11401EAE73B44FC
:10B030001B7D911C042B89B2CAD14B1CB342C7DAC9
:10B0400040F2B35C40F2B454D31C394417FA83F392
:10B05000097D1B7D043243EA0123591E89B26145F3
:10B0600088BF234692B24386DDE71A460131C9E71D
:10B07000002C3FF46FAF2A806CE702322A8069E728
:10B08000D6E000208CE00020D2E00020D4E00020B8
:10B0900088E00020F8B5C368054698890C46FDF79E
:10B0A00009F9C20734D41C4EE1682B893768486817
:10B0B000B4F808C03B441A1AA2EB0C02002A1CDBAD
:10B0C0008889FDF7F7F8C30708D420462468FFF7FE
:10B0D000A1F9002CE8D100242C60F8BDEB68012018
:10B0E0009F89FDF7E7F8EB680743204624689F81B6
:10B0F000FFF790F9002CD7D1EDE7C31A002BEBDA5C
:10B10000C11B89B268682981FEF7C2F82C60F8BDBE
:10B110002046FFF765F9DEE760E00020002944D013
:10B120002DE9F84F06460C469146DFF89C80234FE8
:10B13000E368D8F800505868FDF7C0F8E368824625
:10B140009889B4F808B0FDF7B5F810F0030018BFFF
:10B150000120A5EB0A05A5EB0B052D1A002D21DB1F
:10B16000D4E90050FEF758F9B6F8663098421ED878
:10B17000398822891B1A0A44A6F8663020463A808C
:10B18000FFF748F9B6F8663043B10DB12C46CFE76A
:10B19000B9F1000F0ED00020BDE8F88F002DFAD0D5
:10B1A0002C46C5E72046BDE8F88F002070470448CC
:10B1B000F5F7DAFA0348F5F7D7FA00BFD0E0002038
:10B1C000BC7B0110E47B0110882200202DE9F84FA0
:10B1D000027D032A40F20D849B4B04461B789B4E54
:10B1E000D80648D49A4F38883368002800F08C80FD
:10B1F000227D062A00F28880626AD11AB1F1010C20
:10B20000A3EB020500F1308105F1FF3E1EEB000FBC
:10B2100000F12A818F4D6868002800F018844FF6ED
:10B22000FE73994200F21084028989B28A42C0F00A
:10B2300008842B89521A5B1A2B81438992B2994256
:10B240000AD94FF0000CA0F80AC002810068C91AA0
:10B25000438989B28B42F6D3FEF784F8636AEA68C1
:10B2600033605360238D002B40F015822046BDE8EB
:10B27000F84F02F093B83368606DDFF8E881C51AC3
:10B28000002DB4F860E0D4F85890D8F8001051DBE5
:10B2900098424BD0894500F02D81656CF446681AC0
:10B2A0000028CA465ADB6A4F3888002800F0C08060
:10B2B000656B002D9DD0A36B5B1A002B93DA664B58
:10B2C000B4F93C201888C2F3CF01ADB2431A5B1B1E
:10B2D0009BB21A4412B213F4004FA28702D0091A8B
:10B2E0000D44ABB200216163B4F93E103888A1EB84
:10B2F000A1010B449BB203EBE202E387A4F84020D8
:10B30000336800287FF474AF626A991A002907DB5A
:10B31000218D013A0A44D31A002B01DBBDE8F88FD6
:10B32000638B43F002036383BDE8F88FA9EB010050
:10B330000028AFDA49480068B0F80EC0B4F86200DF
:10B34000656C6045A5EB010038BFA4F862C0002819
:10B350008A46C4E91531A4F860C0A4DAEB43CB42B5
:10B3600000F1D080236D5B1A002BC0F2CB80628B82
:10B37000B4F84A0012F0040340F042814D1BA4F8D7
:10B3800042306164E38FB4F93C10ADB203EBE103EA
:10B39000B4F84810A4F84030814228BF084680F035
:10B3A000438112F4006F0CBF02220122638E13FB53
:10B3B00002F39BB2AB4294BFCA184A1993B28B42B4
:10B3C00080F048814FF6FF73A4F84830D4E91B2180
:10B3D0002046FFF7A3FE0246E16E22672046FFF7F4
:10B3E0009DFE0023226F2377B2FA82F35B095B4252
:10B3F000E0662386002800F03081194B1988B4F8E4
:10B4000064300B44A4F86430638B19057DD5002AA1
:10B4100000F08A81D3685868FCF750FFE36CC01ACB
:10B42000002872DB638B0A4F23F4006363836DE0B3
:10B430000CEB0A02CE44724500F0C880656B002D0B
:10B440007FF439AF60E700BFE2E0002060E0002059
:10B45000D8E000207836002080E0002088E000203E
:10B46000D0E0002088220020002DC0F2AA80218D8B
:10B4700011EB0C0F3FF5FAAE934200F0DF82656FDF
:10B48000002D00F07E81E86842689A4200F0E88072
:10B49000991A0029C0F23E8203F1FF3CA8462D68AC
:10B4A000002D3AD0E86842689A4200F0DB80D8F874
:10B4B0000C104968ACEB01010029EFDBD11A01291E
:10B4C000ECD4B248FEF7B4FF074600283FF4CEAEF6
:10B4D000D8F80C3032685968B8F808300B44D31AE1
:10B4E000002BC0F2538229463846C8F80070FFF797
:10B4F000D1FDBBE6A6480068B0F80EC0E645BFF433
:10B50000CCAE1BE7204601F049FFA24F656B002D32
:10B510003FF469AED8F80010CDE6D21A002ABFF683
:10B52000A5AE8089FCF7C6FEC1073FF59FAE9748E0
:10B53000FEF77EFFC8F8000000283FF497AED8F869
:10B540000C30B8F808205B6831681A448A1A002A5F
:10B55000C0F252823A88636A9B1A228D13445B1AA6
:10B56000002BBFF683AED8F80030DB689889FCF773
:10B57000A1FEC207D8F8003000F14882218D326860
:10B580005868891A626A114489B21981FDF780FEF0
:10B59000D8F800301D89DB689889FCF78BFE10F025
:10B5A000030318BF012331682B449BB21944228D39
:10B5B0003B80636A134499423FF458AE7648F5F7EE
:10B5C000D3F8638B43F0020363834FE6B4F9302072
:10B5D000002AFFF633AF8D427FF430AF94F843205A
:10B5E000FF2A00F0AB810132D2B2032A84F8432053
:10B5F00000F2A4817FF422AF204601F0C5FD85E76B
:10B6000022F00402628300224D1BE38F6164B4F9CF
:10B610003C10A4F8480003EBE103ADB2A4F84030BD
:10B62000A4F86A20A4F84220B4F86A201544ABB20A
:10B630009A4204D8834204D2A4F86A30C6E64FF690
:10B64000FF731B1AA4F86A30638E03449BB28342D3
:10B65000FFF4B8AEA4F84830B8E6A4F86800CCE629
:10B660004FF0000849482B8902899A427FF6FEADC7
:10B670002B68002B3FF4FAADFEF7DAFE00283FF40A
:10B68000F5ADB8F1000F00F08A81C8F80000294636
:10B69000FFF700FDEAE513469889B5F80880FCF746
:10B6A00009FE10F0030018BF0120228D08EB0003F3
:10B6B0009BB293423B8071D8616F002900F03581C5
:10B6C000EB689889FCF7F6FDC207D4F874801ED4A5
:10B6D000B8F1000F00F04681D8F80C003B88D6F88E
:10B6E00000E0D0F804C0B8F8082003EB0E01624473
:10B6F0008A1A002AC0F22E818089FCF7DBFDC3077D
:10B7000022D44046D8F80080FEF784FEE0E7B8F186
:10B71000000F00F00E81D8F8003040466367FEF756
:10B7200079FED4F87480F2E748B1C3685868FCF732
:10B73000C5FDE36CC31A002BFFF6E7AE638B23F461
:10B740000063144F6383E1E6EB689889FCF7B2FD70
:10B750008007D6D4EB680120B3F80C90FCF7AAFD63
:10B76000EB6849EA0000988180B2B5F80890FCF7D0
:10B77000A1FD10F0030318BF01239944A7F800901E
:10B78000BFE70248FEF754FE60676FE57836002099
:10B7900088E00020D8E00020507C0110EB689889F8
:10B7A000FCF788FDEB68B3F80C80C30700F1DE807E
:10B7B000238D40462B81FCF77DFD8007298902D52A
:10B7C000013989B229816868FDF762FDEB68B5F837
:10B7D00008809889FCF76EFD10F0030318BF012361
:10B7E000228D3168606A43449BB2194410448142FF
:10B7F0003B807FF4E3AE606F00287FF461AF93423B
:10B80000616200F21881D31A23852046FEF738FAC8
:10B810006B681A891AB18F4A136000236B60EB685A
:10B820009889FCF747FDC20704D58B4A137843F08B
:10B8300020031370656F002D5FD04FF00009DFF813
:10B840001482854F1AE0FDF705FEC5F80490EB68F9
:10B850009889FCF72FFDC30708D53B7843F02003F8
:10B860003B70237D042B04BF072323752B682846D8
:10B870006367FEF7CFFD656F002D3ED0E968626A11
:10B880004B68934239D133608889B5F808A0FCF73A
:10B8900011FD10F0030018BF0120636AB5F808B06D
:10B8A0009A445044EB6860629889B4F828A0FCF789
:10B8B00001FD10F0030018BF012058448245C0F07C
:10B8C000B780EB68B5F808A09889FCF7F3FC10F096
:10B8D000030018BF0120238D50441B1A23852046E6
:10B8E000FEF7CEF969680B89002BB0D0D8F80000BC
:10B8F0000028A8D1C8F80010A7E7638BD80705D5A2
:10B9000023F0010343F00203638307E543F00103DF
:10B91000638303E55148FEF78BFD00283FF4A6AC96
:10B9200029466067FFF7B6FBA0E4316819446162FD
:10B9300069E73B883168228D194460E7B4F84820F4
:10B94000638E13449BB29A4201D94FF6FF73A4F859
:10B95000483051E6ACEB0102002A22DB228DC4F80C
:10B9600074804CE73B8831681944F7E74046FCF7A0
:10B97000A1FC00F03E00FCF79DFC28F47C58EA682E
:10B9800040EA080393811FFA83F811E7521A91B233
:10B99000D8F80400A8F80810FDF77AFCA3E5606762
:10B9A00075E6EB68ACEB0E0CA5F808C09889FCF7BF
:10B9B00081FC810702D52B89013B2B81298968688D
:10B9C000FDF766FCEB68B5F808909889FCF772FC07
:10B9D00010F0030318BF01234B44D8F80C209BB28E
:10B9E0003B80516832681A448A42B7D01C48F4F749
:10B9F000BBFE1C48F4F7B8FECB1A99B2A8F80810A1
:10BA0000D8F80400FDF744FC3168A3E5DB689D89A4
:10BA10002846FCF74FFC00F03E00FCF74BFCD8F842
:10BA2000003025F47C55D96840EA05028A81A5E5F5
:10BA30000D48F4F799FE0D48F4F796FE074DEB68B4
:10BA40002AE60B48F4F790FE0A48F4F78DFE0A4800
:10BA5000F4F78AFE54E00020E9E000207836002068
:10BA6000887C0110047C0110E47C0110C47C01106E
:10BA7000407C0110307C0110207C01102DE9F04F3A
:10BA80008BB0002800F05085704D4268B5F87A30D0
:10BA90006F4E0133A5F87A3043890446132B326088
:10BAA0000FD8B5F882300133A5F882302046B5F8BA
:10BAB0007E300133A5F87E300BB0BDE8F04FFDF7C6
:10BAC000A1BC644F3968786905F0C6FEB0B97B69DE
:10BAD00003F0F003E02B11D007F1140300930621CB
:10BAE0002046228907F11003FCF7A6FE804658B1D4
:10BAF000B5F880300133A5F88030D7E7B5F8883045
:10BB00000133A5F88830D1E733689889FCF7D2FB78
:10BB1000810A01F0FC011329C3D923898B42C0D3C8
:10BB20006289DFF84CA1DFF84C91A1F114039BB2BC
:10BB30008A42C9F80080AAF8003080F08F8223681A
:10BB4000002B00F0D28514212046FDF70BFCB4F841
:10BB50000A80414B41462046BAF800A0A3F8008075
:10BB6000FDF700FC2068AAEB080B43891FFA8BFB4A
:10BB70005B4596D343685946C9F80030FDF7F2FBA0
:10BB8000238962894344A3EB0A039BB22381002AE1
:10BB900040F0C085226812899A4240F0B885D6F8F4
:10BBA0000080B8F80000FCF785FBA8F80000D6F884
:10BBB0000080B8F80200FCF77DFBA8F80200D6F878
:10BBC0000080D8F80400FCF779FB244BC8F8040087
:10BBD000D6F800801860D8F80800FCF76FFB204BFF
:10BBE000C8F80800D6F800801860B8F80E00FCF716
:10BBF00061FB3368A8F80E009889FCF75BFB194BD2
:10BC000000F03F0B83F800B0C3B205938307B4F88C
:10BC100008E000F029820EF101039BB2124A9E4512
:10BC20000792089313803FF63CAF104A3368D2F86E
:10BC30000090B9F1000F00F00C81D7E904CAC846A2
:10BC400000227968CDF824B006941CE0AC360020C0
:10BC500088E0002088360020D4E0002060E000204A
:10BC600088220020E2E00020D8E0002070E00020E0
:10BC7000D6E000208CE00020D8F80C0042460028D6
:10BC800000F0E680804698F81400002800F0558403
:10BC90000A2800F04F84012800F0498498F80840F1
:10BCA0002CB191F83C000130C0B28442E4D1B8F824
:10BCB00018B018888345DFD1B8F816B05888834586
:10BCC000DAD1D8F804006045D6D1D8F80000504544
:10BCD000D2D1D8F80C10DDF824B04145069C00F014
:10BCE000F784002A00F04C84D160844AC145C2F830
:10BCF0000080C8F80C9000F0EE840022DFF8189263
:10BD00007F4FC9F80C307F4BDFF810A21A80059BDB
:10BD1000A9F808E01907C9F80440C9F800203A60FA
:10BD20008AF8002003D5637B43F001036373D8F8DE
:10BD3000783083B14046FEF705FF0D3000F0FD81FD
:10BD4000D8F8783023B1079B1B88002B40F0F58191
:10BD50006D4B93F800B06D4C1BF00402C4F80080EA
:10BD600000F0B38198F81430022B00F04083684A49
:10BD70001168D8F824208A4200F0EB819AF800304C
:10BD8000881A002803F008030ADB521AB8F82810B2
:10BD9000D14205D4B8F81A2042F00202A8F81A20BD
:10BDA000002B40F0E581574B1A885AB1D8F8803003
:10BDB0002BB14146D8F8100098470D303BD00023F6
:10BDC000504A13809AF80030D80600F118833A6878
:10BDD000D2B1D8F87830002B40F05A84B8F81A3035
:10BDE00013F0100340F0D383D8F88450002D00F0F6
:10BDF000D8834146D8F81000A84710F10D0F1AD08B
:10BE000010B13B68C8F878309AF80030990608D528
:10BE1000D8F87830002B00F093835A7B42F0200250
:10BE20005A7300229AF800302260DA0600F1E782A5
:10BE3000404601F015FB0025D9F8040025603D605F
:10BE400018B1FDF7DFFAC9F804500BB0BDE8F08F68
:10BE5000069C304A1068002841D0D7F80480D7F8F3
:10BE600010A002E0C068002839D0027D0A2A40F004
:10BE70009583017A29B198F83C200132D2B29142DF
:10BE8000F0D11A88B0F818E09645EBD15A88B0F88E
:10BE900016909145E6D142685245E3D101687A692E
:10BEA0009142DFD1059B5F070FD49E0740F160836D
:10BEB000174B1A68436AD11A002904DB018D9B1ABB
:10BEC000CB4240F11584089B0BB92046F4E5438B27
:10BED00043F00203438301F0C3FA2046ECE5DFF8A8
:10BEE00040A0DAF80010002900F0C58088464FF025
:10BEF000000CD7F804E0D7F814901AE070E00020A6
:10BF000054E00020D0E00020E2E0002078E00020B3
:10BF100060E0002084E0002078360020E9E0002086
:10BF20007CE00020D8F80C20C446002A00F0A38052
:10BF3000904698F8080028B19EF83C200132D2B211
:10BF40009042EFD1B8F816005A889042EAD1D8F85A
:10BF500000204A4501D0002AE4D1BCF1000F00F0D6
:10BF6000AE80D8F80C20CAF80080CCF80C20C8F8B5
:10BF70000C10059A5107A8D412F0100940F0D18096
:10BF80009007A2D598F81500FEF7E6FB8246002838
:10BF900000F0AA82D7E9043205460321376845F844
:10BFA000042B4360B14B3A787F781B6842EA072242
:10BFB000B8F816700133028301754362C362C78209
:10BFC000FEF708FFA94B1B68013BCAF85430D8F8AC
:10BFD0001030CAF85800CAF81030A54BCAF8500003
:10BFE000CAF84400CAF85C00CAF87C801968C3F833
:10BFF00000A098F8093003F00C038AF8093098F88B
:10C000000830CAF80C108AF8083001F0C1FD01228E
:10C01000984B50461A70FEF769FF33682846DA8954
:10C020004B4662F30F0362F31F43CAF86030BAF85D
:10C03000326005F04BF92A4601463046FEF7DCFE39
:10C040001221AAF83200504600F0A0FF002840F06C
:10C050005E82504601F004FA20462DE5864A2046CD
:10C060001380FDF77FF99AE5844BCDF820E0079324
:10C07000A3F800E0D9E59889FCF71CF942073FF5E1
:10C0800024AF079B36681A88784B78681B681A4477
:10C090007B4B1968B5F888300133A5F88830B5F8BE
:10C0A0007E300133A5F87E30338802937388754D56
:10C0B000CDE900532B1D01F0F3F82046FCE4B5F860
:10C0C0008E200132A5F88E2053E71BF00205B8F848
:10C0D0001A305DD098F814100239012900F2FF815E
:10C0E00013F0100340F01A82A8F8A230664B4046C5
:10C0F0001B68C8F82030FEF7F9FE98F814309A1E35
:10C10000012A09D8032B6CD1584B1A68D8F824306F
:10C11000013B934200F085829AF8003003F0080357
:10C120003EE6524A089912681D8811440A4654494D
:10C130007046096802955B88B9E7B8F82A30002B89
:10C1400000F06D81B5F87E30504C0133A5F87E309B
:10C1500071E6002B00F0C6829AF8003043F0080325
:10C160008AF80030B8F81A3023F00103A8F81A3022
:10C17000D8F8903023B16FF00D01D8F8100098472F
:10C1800041463B48FEF7B6F94046FDF701FD52E651
:10C19000DB06A8F8A25003D43B4B1B68C8F820303C
:10C1A0004046FEF7A3FE98F81430023B072BB3D8A5
:10C1B000DFE803F017D604B6970472434046FFF752
:10C1C00005F89AF80030980608D5072288F8142058
:10C1D000B8F81A2042F00202A8F81A2003F0080367
:10C1E000DEE51BF0100F97D0254B306819681F4B08
:10C1F0001B682DB1D8F8442001328A4200F0138127
:10C20000079A12881A440388029343881D48CDE98F
:10C2100000031F4B404600F0E9FF98F84230052B21
:10C220003FF67AAF00234046A8F8303001F0F6FA26
:10C230009AF8003003F00803B2E54046FEF7C6FF67
:10C24000144B1A789AF80030D506C7D50C4AD8F89E
:10C25000501012689142C1D1D8F86C20002ABDD18B
:10C2600043F010028AF80020B8E700BF60E0002029
:10C2700070E00020EBE00020D4E00020D8E00020B7
:10C28000882200209836002080E0002078E00020FE
:10C290009C360020E2E000204046FEF797FFC44BAA
:10C2A0001B78DE067FF538AFC24BD8F850201B68EC
:10C2B0009A427FF431AFD8F86C30002B7FF42CAF6A
:10C2C0004046FEF70DF9BC4B1B68434500F0DB818F
:10C2D000002B00F09781DA68424500F09081134608
:10C2E000F6E74046FEF772FF9AF800309A067FF5AF
:10C2F00075AFB8F81A30404643F00203A8F81A3078
:10C30000FEF7EEF8AC4B1B68434500F0BC81002BF8
:10C3100000F07881DA68424500F071811346F6E753
:10C320004046FEF753FFA24B1A789AF8003002F00D
:10C330001002990640F15081B8F81A1041F002013C
:10C3400032B19C4A1068D8F85020824200F08681B1
:10C350000822A8F81A1003F0080388F814201FE533
:10C360001BF0100F3FF4D8AE924B1968D8F8443048
:10C37000DB43CB4200F19681D8F850305B1A002B9A
:10C38000C0F29081042388F81430D8F87C30002B58
:10C3900000F000819B69002B00F081810022414662
:10C3A000D8F8100098470346002840F074814046B2
:10C3B000FEF70CFF814A13880BB1013B138041F259
:10C3C0001C13B8F832104A009A42154638BF1D4671
:10C3D000B5EB810F4FEA810040F2808183B2A8F86B
:10C3E00048309AF800309D063FF5EFAEF6E6714B07
:10C3F000D8F850201B689A423FF4AEAE8CE6B8F8ED
:10C400001A30DB063FF5BCAED8F89030002B3FF475
:10C41000B7AE6FF00E01D8F810009847B0E640466E
:10C4200000F0BCFF8EE6C8F8442000220425591C09
:10C43000C8F82410C8F82C10C189013B61F30F0221
:10C4400061F31F4288F814504544C8F85430284618
:10C45000C8F86020B8F8326004F038FF2A46014678
:10C460003046FEF7C9FC41F21C13410099420246D6
:10C470000D4638BF1D46B5EB820FA8F832004FEAD3
:10C48000800040F2E48083B2A8F84830B8F8663003
:10C49000002B00F0D980D8F87000013BA8F8663076
:10C4A000002800F0CA800368C8F87030FDF7B2FFBA
:10C4B000D8F87030002B00F0BD80002388F842309F
:10C4C000A8F83030D8F888303BB100224146D8F87F
:10C4D000100098470D303FF4AEACB8F81A3043F076
:10C4E0000203A8F81A3017E6B5F884300133A5F82E
:10C4F0008430D8F81830002B3FF4E7AC01464FF0F9
:10C50000FF32D8F8100098472046FFF7D5BA5046BA
:10C510004946FEF759F82046FFF7CEBA4046A8F83C
:10C52000A220FEF7E3FCE8E52548F4F71DF92548CD
:10C53000F4F71AF92448F4F717F92448F4F714F932
:10C5400042F6A052B8F82830D8F8845093421CBF65
:10C550000133A8F82830002D3FF463AC0023414696
:10C560001A46D8F81000A8470D307FF45AAC62E4A0
:10C57000059BDD077FF5A7AC154B1B680362A2E4A2
:10C58000B5F88E200132A5F88E20FFF7B6BB104615
:10C59000FCF738FF4046FEF7DBF84CE40D48F4F7B3
:10C5A000E3F82B4628464146FEF76CFA25E400BF27
:10C5B000E2E000208822002070E00020D0E000208F
:10C5C000087D0110B07D0110847D01105C7D01109B
:10C5D00080E00020307E0110002A3FF4FFAD4F4A7A
:10C5E000D8F85010126891427FF4F8ADD8F86C205A
:10C5F000002A7FF4F3AD062288F81420EEE5D8F87F
:10C600000C20DA600A230121454A88F81430454B92
:10C6100011701A68C3F80080C8F80C2001F0B8FA4D
:10C620007AE5404600F074FD9AF8003003F0080304
:10C63000FFF7B6BB4FF0FF3342E7D8F86C0050B1BC
:10C640000368C8F86C3031E73748F4F78DF8994241
:10C6500088BF8BB218E73548F4F786F8D8F86C2015
:10C66000002A7FF475AE4046A8F81A10FDF738FF8F
:10C670002F4B1B68434506D0002BC3D0DA684245D8
:10C68000BDD01346F8E7D8F80C30294A1360B9E753
:10C690002848F4F769F80D333FF4CDAB7AE7264824
:10C6A000F4F762F8079A33681088244A1268024443
:10C6B000188802905B882248CDE90003214B404650
:10C6C00000F094FD9AF8003003F00803FFF768BB10
:10C6D0001D48F4F749F81D48F4F746F89A4288BF18
:10C6E00093B27CE61A48F4F73FF81A48F4F73CF89E
:10C6F000134BCDE9019E0093089B13441A46074B48
:10C700001968104B00F072FD2046FFF7D5B91248AA
:10C71000F4F72AF81148F4F727F800BF8822002020
:10C72000EBE0002084E00020807E0110987E011064
:10C7300070E00020CC7E0110AC7E011060E0002093
:10C74000983600209C360020D87D0110047E011010
:10C75000607E0110207D01103C7D0110307D0110B4
:10C76000024A137843F0100313707047E9E0002089
:10C770002DE9F0479DF820A0002852D0074604205C
:10C780000E4690469946FCF775FA4FEA8A0504462C
:10C7900005F0040500283DD0002380F80AA0328966
:10C7A0004660AA42036039D3521B028114213046ED
:10C7B000FCF7B2FD064610BB6368F88AD3F804A004
:10C7C000AD02C4F80CA0FBF775FDAAF80000388B89
:10C7D000E768FBF76FFD78804846E768FBF76EFD7A
:10C7E00005F5A045786048EA0500E568FBF762FDBD
:10C7F000E368A8819E74DE742046BDE8F0870A4A8B
:10C800002046B2F88C300133A2F88C30FDF702FEDE
:10C810000024F1E73046FCF7F5FDF9E70348F3F7AC
:10C82000A3FF0348F3F7A0FFAC360020087F0110F8
:10C83000E87E01102DE9F04304460D4690461E4661
:10C8400085B0002835D0007A40BB184604F03EFD84
:10C85000074640B300964346062128462A89D5F864
:10C860000490FBF7E9FFA9F81000E37AA47A00949A
:10C8700006243246184E02970194B6F87840414695
:10C880000134A6F87840284604F0AEFE0446284657
:10C89000FCF7B8FD204605B0BDE8F083FCF700FCCE
:10C8A00007460028D6D12846FCF7ACFD6FF00304FC
:10C8B000F0E7184604F00AFD07460028F3D000967A
:10C8C0004346062128462A89D5F80490FBF7B4FF91
:10C8D000FF23A9F81000CAE7AC360020002800F0BA
:10C8E000E5812DE9F04F9E46B0F862308C46418ECE
:10C8F0005B088B4228BF0B468146002B18BF1946A8
:10C900008BB0BCF1000F00F0BA81037D981E0228A5
:10C9100006D9072B04D06FF00A000BB0BDE8F08FEA
:10C92000002A00F07D81B9F864309342C0F0B781ED
:10C93000B9F86680B8F11F0F00F2A481D9F8700031
:10C94000B8F1000F40F0D080002840F0C181D9F844
:10C950006C30002B40F0BC81B9F868A0D346BAF126
:10C96000000F40F0B28100235746CDE90331019317
:10C97000CDE907AB1346CDF814C00292CDF824E000
:10C980000AE0019B002B00F097811C603744029B5A
:10C99000BFB2BB4273D901940499DE1BB6B28E427A
:10C9A00028BF0E4600244FF420723620FCF7DEFB31
:10C9B000B6B266F30F04834666F31F44002800F006
:10C9C000FA800568002D40F0748143893246069351
:10C9D000059B8460D91940680AF03AF85846FCF77C
:10C9E0001BFD40441FFA80F8B8F1200F00F21081BF
:10C9F000D9F85C20042007EB020AFCF73BF9044657
:10CA0000002800F005818572BBF80810C0E9005BC2
:10CA1000018158461421FCF77FFC0546002840F0B0
:10CA2000EA806368B9F81600D3F804B0C4F80CB013
:10CA3000FBF740FCABF80000B9F81800D4F80CB0D4
:10CA4000FBF738FCABF802005046D4F80CA0FBF71B
:10CA500035FCCAF804004FF4A040D4F80CA0FBF752
:10CA600029FCE368AAF80C009D74DD74039B002B7D
:10CA700087D1029B3744BFB2BB4203948BD806993F
:10CA80001A46DDE907AB8E1B039BDDF814C0DDF809
:10CA900024E0B6B2BAF1000F5ED1A9F86860BBF12C
:10CAA000000F00F0C980CBF80030D9F85C30A9F84D
:10CAB00066801344C9F85C30B9F864309B1AA9F851
:10CAC0006430B8F1000F04D0D9F87030002B00F0BA
:10CAD000C1802CB1E3681BB11EF0020F00F0C280D0
:10CAE00000200BB0BDE8F08FD9F86C30002800F0C2
:10CAF000AB80002B3FF430AF9B461B68002BFBD173
:10CB00009BF80A00BBF80840800000F004002518DC
:10CB1000A942C0F2D480B9F868A0BAF1000F00F0C1
:10CB20008E800C1B201A80B2824500F2CB80924589
:10CB3000544628BF1446A04228BF2046AAEB000650
:10CB4000B6B2002E00F09680824240F0C480924639
:10CB5000002A00F0C3805C46DBF804501DB3CDE929
:10CB60000134544629896746214429812968F246BF
:10CB7000039231B10D462989214429812968002970
:10CB8000F8D16989686822460844394609F060FF8F
:10CB900069892144698129680029EBD1D646019B26
:10CBA000A246039A029CBBF808105144ABF8081047
:10CBB000A9F8686077E7039B4A4DB9F81A10B5F8F1
:10CBC000842041F080010132A9F81A10A5F88420D0
:10CBD00013B11846FDF704FCB9F8663033B1D9F843
:10CBE00070301BB9D9F86C30002B38D04FF0FF30C3
:10CBF0000BB0BDE8F08F3B4D039BB5F88C20204671
:10CC000001320193A5F88C20FDF704FC019BD4E7C9
:10CC1000039B58460193334DFCF7F4FB019BCCE793
:10CC2000D9F86C30B9F86680002B7FF465AFB9F89D
:10CC30006810002949D11446C9F86C3035E714460C
:10CC4000002A7FF490AE2EE7002B7FF455AF2648E4
:10CC5000F3F78AFDD9F86C30002B7FF43AAF234804
:10CC6000F3F782FD08209D89FBF724FBE368054369
:10CC70009D8135E7824282463FF675AE6BE76FF0E5
:10CC80000F004AE61749B9F81A30B1F8842043F08A
:10CC900080030132A1F88420A9F81A30A6E7B9F878
:10CCA0001A3043F08003A9F81A309FE76FF00F00A5
:10CCB00070470F48F3F758FD0E48F3F755FD0E483F
:10CCC000F3F752FD0D48F3F74FFD0D48F3F74CFD18
:10CCD0000C48F3F749FD0C48F3F746FD5C46A9F80C
:10CCE0006860E0E6AC360020207F01104080011033
:10CCF000188001102C800110907F0110A87F011076
:10CD0000E87F01105C7F0110C87F01102DE9F04F12
:10CD100083B0002800F0AC80C56E0646002D00F000
:10CD20009A800C46002900F0A080B5F8089089454B
:10CD30007BD9438E8B42C0F09E8095F80AA0A9EB68
:10CD400001074FEA8A0BBFB20BF0040B0BEB070194
:10CD50004FF42072362089B2FCF708FA804600288A
:10CD60007CD068682A890389D8F804109B1A234468
:10CD70003A469BB25944FCF775FCB84262D1EB6865
:10CD80009889FBF797FA10F0080BC7B251D101232D
:10CD900007F03F07FA0748BF9B46EB6848BF07F01C
:10CDA000FE075868FBF78AFA414623185A46304670
:10CDB000CDF800A0FFF7DCFC804600284ED0686864
:10CDC000FCF72AFB6A68B6F866301189A4EB0904FF
:10CDD000A4B21B1A2144104689B2A6F86630FCF7AB
:10CDE00057FA2B8938461C44EB682C819C89FBF749
:10CDF00061FAEB68044368689C81FCF70DFBB6F8A8
:10CE000066300344D8F80400A6F86630FCF704FB4B
:10CE1000B6F8663018442B68A6F86600C8F80030EB
:10CE2000C5F80080D8F800304BB1002003B0BDE851
:10CE3000F08F09234FF0080B07F03707AAE7A6F891
:10CE40006830F2E70D4A4046B2F884300133A2F868
:10CE50008430FCF7D7FA4FF0FF30E7E7074AB2F823
:10CE600084300133A2F88430F5E70548F3F77CFC01
:10CE70000448F3F779FC0448F3F776FCAC3600205D
:10CE80008480011060800110A880011070B582B00C
:10CE9000002868D0C36E04464BB11D461B68002BAA
:10CEA000FBD1EB689889FBF705FA420740D00021D7
:10CEB0004FF420723620FCF759F90146002844D07F
:10CEC0000025E36D012220460095FFF751FC002864
:10CED0003BD0C3689B074CD10389002B46D1E36E3E
:10CEE00023B31A461B68002BFBD110600021E26DB2
:10CEF000638B013243F0200340686383E265A4F84A
:10CF00006810FCF789FAB4F86630184480B2A4F8C7
:10CF1000660010B9002002B070BD236F002BF9D15C
:10CF2000E36E002BF6D11448F3F71EFCE066DDE754
:10CF3000EB6801209E89FBF7BDF9638BEA68064325
:10CF400043F0200396816383E4E70C4A618BB2F8D7
:10CF5000843041F0800101339BB261834FF0FF3098
:10CF6000A2F88430D7E70648F3F7FEFB0548F3F74D
:10CF7000FBFB0548F3F7F8FB18810110AC360020E5
:10CF8000B8800110EC800110D48001102DE9F0412F
:10CF90008A0782B06DD00446002867D0C1F34007ED
:10CFA0004FEA87080D464FF42072362001F0020642
:10CFB0004146FCF7DBF80146002843D0438943454E
:10CFC0005AD300972A462046E36DFFF7D1FB00288D
:10CFD00038D0C3689B0746D10389002B40D1E36E4C
:10CFE00043B31A461B68002BFBD11060002305F0E9
:10CFF0000105A4F86830BEB935B1E36D0133E365CE
:10D00000638B43F0200363834068FCF705FAB4F8B0
:10D010006630184480B2A4F8660010B1206F58B191
:10D02000002002B0BDE8F081E36D0133E365002D1F
:10D03000EAD0E5E7E066D9E7E36E002BF1D11048CE
:10D04000F3F792FB0F4A618BB2F8843041F0800114
:10D0500001339BB261834FF0FF30A2F88430E0E7E8
:10D060000948F3F781FB0948F3F77EFB0848F3F71B
:10D070007BFB0848F3F778FB0748F3F775FB00BF25
:10D0800018810110AC360020EC800110D480011012
:10D090009881011040810110B8810110F8B5002875
:10D0A00030D0026F054652B31446D4E900639B7B2F
:10D0B0003EB1012B23D13446D4E900639B7B002E83
:10D0C000F7D1012B1BD1EB6E23606B8BEA6643F427
:10D0D00000636B83E3682E675868FBF7EFF8E3683B
:10D0E000278904469889FBF7E5F810F0030318BF79
:10D0F00001233C44234430466E63EB64F8BD6FF07B
:10D100000500F8BD0148F3F72FFB00BFF4810110C3
:10D11000F8B5002832D0066F07464EB373689B7B84
:10D12000012B25D13268C36E026700F16C051BB973
:10D130000FE01D461B6863B1DB685868FBF7BEF85B
:10D14000F36804465868FBF7B9F8241A002C2B68DA
:10D15000EFDB33602E6033686BB197F84230FF2B02
:10D160001CBF013387F84230002318467B63F8BDAB
:10D170006FF00500F8BDA7F86830EEE70148F3F757
:10D18000F3FA00BF1882011010B548B3036F0446CC
:10D1900013B1438B5B0700D510BDFFF7B9FF002823
:10D1A000FAD1B4F86010B4F848304FF0000C99424E
:10D1B00028BF1946628E4B085000B0EB510F618BAF
:10D1C000A4F84A30024484BF83B2A4F84A3013441E
:10D1D00041F00402A4F848306283A4F830C010BDC6
:10D1E0000148F3F7C1FA00BF308201102DE9F04F7A
:10D1F00081B0DDF828A0BDF82C40BDF830B0002B80
:10D2000041D0BAF1000F3BD00746084690461E4673
:10D21000FBF754F84FF42072814614212220FBF7CB
:10D22000A5FF054648B34389132B2FD920466C68C8
:10D23000FBF740F820805846FBF73CF8C4F8049010
:10D2400060804046FBF73AF8A06045F21400FBF717
:10D2500031F8A0814AF22D00FBF72CF82946E08135
:10D26000002553463246384625746574A574E57426
:10D2700001B0BDE8F04FFFF7DDBA01B0BDE8F08FB7
:10D280000448F3F771FA0448F3F76EFA0348F3F72A
:10D290006BFA00BF6C82011050820110888201106D
:10D2A0002DE9F04F85B0DDF83890BDF83C70BDF841
:10D2B00040A000285DD01E46002B60D0B9F1000FC1
:10D2C0005AD0054608469046FAF7F8FF4FF4207208
:10D2D000834614212220FBF749FF0446002848D04A
:10D2E0004389132B4ED938466768FAF7E3FF388035
:10D2F0005046FAF7DFFFC7F804B078804046FAF7E7
:10D30000DDFFB86045F21400FAF7D4FFB8814AF2A5
:10D310002D00FAF7CFFF4FF000082289D4F804A0BF
:10D32000F88187F8108087F8118087F8128087F8D5
:10D330001380334606212046CDF80090FBF77CFA97
:10D3400006273146114EAAF810000295CDF800804C
:10D35000B6F878504A460135A6F87850FF232046A3
:10D36000019704F041F9204605B0BDE8F04FFCF705
:10D3700049B805B0BDE8F08F0548F3F7F5F9054861
:10D38000F3F7F2F90448F3F7EFF900BFAC360020E9
:10D390006C82011050820110888201102DE9F04743
:10D3A000002852D00446006DFAF788FF4FF420722F
:10D3B000074614212220D4F82490E58AB4F818A056
:10D3C000B4F82A80FBF7D2FE0646B0B34389132B8C
:10D3D0003ED928467568FAF76DFF28805046FAF75F
:10D3E00069FF6F6068804846FAF768FF034645F2B8
:10D3F0001000AB60FAF75EFFA8814046FAF75AFFCB
:10D400000023E8812B74608D6B74AB74EB74636ADA
:10D4100031460344E3622246231D2046FFF70AFA01
:10D42000638B28B923F003039BB26383BDE8F087C5
:10D4300043F003036383BDE8F087638B6FF0010063
:10D4400043F003036383BDE8F0870348F3F78CF9E7
:10D450000248F3F789F900BFB882011088820110F1
:10D460002DE9F04F87B0002800F0BA81037D044613
:10D47000012B00F0B281B24B1B68834238D0C56EDD
:10D4800085B3B0F84870B0F8606000F10408007A25
:10D49000002840F08981404603F018FF02460590BD
:10D4A000002A00F0918123680BB953682360EB6870
:10D4B000B742586828BF3746FAF700FF2B89626CDD
:10D4C0009B1A0344BB4217D9B4F86030BB4200F04A
:10D4D0005981638B980708D5204607B0BDE8F04F07
:10D4E000FFF75CBF438B9D07F7D423F08003638372
:10D4F000002007B0BDE8F08F002384F8A130236F2F
:10D50000002B00F04F819A461B68002BFBD146464A
:10D51000DFF83492EB685868FAF7D0FE626C2B891A
:10D52000801A1844B84200F24481EB689889FAF7EF
:10D53000C1FE410700F14B81236F5BB1638B13F098
:10D54000440F07D1E16E002900F0E7800A68002A45
:10D5500000F0DE80237DD5F80CB0022B0AD010201D
:10D56000BBF80CB0FAF7A6FE4BEA0000D5F80CB0F9
:10D57000ABF80C006B689B7B012B5ED1606AFAF7FD
:10D580009DFECBF80800608DD5F80CB0FAF792FE3E
:10D59000628D636AABF80E001344E362AB7AD5F890
:10D5A0000CB0DA0700F19F800BF11408B4F93020B9
:10D5B000002ABCBF00222286626B002A00F088800D
:10D5C0004FF0000C686841680289ABEB0101B0F8CC
:10D5D0000AE089B2521A92B2AEEB0101C0F804B06F
:10D5E000028141818BF810C08BF811C0A97A11F02B
:10D5F000010F0CBF142118215944884540F0EA80DE
:10D60000234606210096FBF717F90622B9F8783071
:10D61000ABF810000133A9F87830059B6868CDE9B4
:10D620000123A37A324600932146E37A03F0DCFF1C
:10D63000002840F0C480D5F80CB0237D2A68022B66
:10D64000E26603D0638B23F003036383DBF80400FB
:10D65000FAF734FEEB6883469889B5F80880FAF744
:10D6600029FE10F0030318BF0123226DC3445B445D
:10D67000D21A002AB8BF2365EB68B5F808B09889BC
:10D68000FAF718FE830702D1BBF1000F3CD000224D
:10D69000236F2A60D3B1EB685868FAF70FFEDAF807
:10D6A0000C3083465868FAF709FEABEB000BBBF170
:10D6B000000F4BDBCAF80050AA46E56E002D7FF440
:10D6C00029AF638B0022A4F868200EE72567F3E7F3
:10D6D0001C4B1A686263DBF80400FAF7EFFDD5F81B
:10D6E0000CB0A0636CE73246059940F2B450FDF7E8
:10D6F00083FB40F00170FAF7E1FD0BF11808CBF85D
:10D700001400D5F80CB051E72846FCF783FED4E7A7
:10D710000889628E9042BFF41DAFB4F86420002ADD
:10D720003FF418AFB4F866201F2A3FF613AF13F08A
:10D73000A00F7FF40FAF00297FF4D7AEC2E700BF80
:10D7400078E0002080E00020AC360020236F04F158
:10D7500070081BB912E098461B687BB1DB685868FB
:10D76000FAF7ACFDEB6883465868FAF7A7FDABEB18
:10D77000000BBBF1000FD8F80030ECDB2B60C8F8D1
:10D7800000509AE7236F002B7FF4A3AE94F8A130EA
:10D79000002B7FF49EAE4FF4807284F8A230A4F880
:10D7A000A02096E69A46B2E6FBF77AFC0246059080
:10D7B00076E6E16E638B00297FF497AE82E7638B98
:10D7C00043F08003638394E66FF0030091E606481C
:10D7D000F2F7CAFF0548F2F7C7FF0548F2F7C4FFA2
:10D7E0000448F2F7C1FF00BF188301103083011015
:10D7F000F0820110D882011008B550B190F8423083
:10D80000FF2B1CBF013380F84230BDE80840FFF712
:10D8100027BE0148F2F7A8FF44830110F8B500289D
:10D8200039D0026F044632B11546D5E900639B7BBF
:10D8300046B1012B00D0F8BD3546D5E900639B7B8E
:10D84000002EF6D1012BF6D1E36E2B60638BE266DE
:10D8500043F400636383EB6826675868FAF72EFD8C
:10D86000EB682F8905469889FAF724FD10F0030329
:10D8700018BF012394F842203D44FF2A18BF01320B
:10D880002B4418BF84F8422020466663E364BDE859
:10D89000F840FFF7E5BD0148F2F766FF6883011025
:10D8A0002DE9F047002844D00446006D0138FAF70E
:10D8B00005FD4FF42072074614212220D4F824904D
:10D8C000E58AB4F818A0B4F82A80FBF74FFC0646A6
:10D8D00058B34389132B2FD928467568FAF7EAFC09
:10D8E00028805046FAF7E6FC6F6068804846FAF7F1
:10D8F000E5FC034645F21000AB60FAF7DBFCA881BB
:10D900004046FAF7D7FC0023E8812B74608D6B74D6
:10D91000AB74EB74636A31460344E36222462046EB
:10D92000231DBDE8F047FEF785BF4FF0FF30BDE88F
:10D93000F0870348F2F718FF0248F2F715FF00BF1F
:10D9400084830110888201102DE9F04F83B00028F4
:10D9500000F09380C56E0446002D00F08A8090F898
:10D96000A230FF2B1CBF013380F8A230EB689889EE
:10D97000FAF7A0FC10F0010762D11521EB684FF413
:10D980002072D3F80490636A2220B4F816B0B4F879
:10D9900018A0B4F82A800193FBF7E8FB064600289C
:10D9A00062D04389132B6BD95846D6F804B0FAF7E6
:10D9B00081FCABF800005046FAF77CFCCBF80490F1
:10D9C000ABF802000198FAF779FCCBF8080045F2B1
:10D9D0001000FAF76FFCABF80C004046FAF76AFC4F
:10D9E0000023618D626AD6F804800A44ABF80E0009
:10D9F0008BF810308BF811308BF812308BF8133015
:10DA0000E26237B31120B8F80C70FAF753FC27F430
:10DA10007C57BFB23843A8F80C00EB685868FAF797
:10DA20004DFC236D01301B1A002BB8BF2065224628
:10DA300031462046231D03B0BDE8F04FFEF7FABE85
:10DA40002989B1FA81F7003918BF01217F09143102
:10DA500094E768682A89038908F114019B1A9BB22C
:10DA60000122FBF7FFFDD8E74FF0FF3003B0BDE820
:10DA7000F08F284603B0BDE8F08F0348F2F774FE3C
:10DA80000248F2F771FE00BFA083011088820110E6
:10DA900010B5FDF7D1F8144B1B68DBB1FAF7A0F90C
:10DAA00004460620FA34FBF7E5F8D0B100220F4B0C
:10DAB0000F49C0E901430B680260C2601BB907E06F
:10DAC00019461B681BB15A68A21A002AF8DA0360CB
:10DAD000086010BD074B1B68002BDFD1064A13609E
:10DAE00010BD0648F2F740FE70E0002091DA001009
:10DAF00044D0002084E0002090E00020C483011086
:10DB000070B5054643689847FAF76AF91C4B2968CF
:10DB10001C680C44231ADE0F19D0024606208C180C
:10DB2000FBF7A8F848B30022164B1749C0E90235A5
:10DB30000B68C0E900241BB907E019461B681BB13C
:10DB40005A68A21A002AF8DA0360086070BD06203D
:10DB5000FBF790F888B10B4B0B49C0E902350B6815
:10DB6000C0E9006423B9F0E719461B68002BEBD02D
:10DB70005A68A21A002AF7DAE6E70448F2F7F4FD39
:10DB8000E423002001DB001044D00020C4830110F6
:10DB9000164B1A6802B17047154A1268F2B1012299
:10DBA00010B51A60FAF71CF904460620FA34FBF7A0
:10DBB00061F8C0B100220F4B0F49C0E901430B6867
:10DBC0000260C2601BB907E019461B681BB15A68A6
:10DBD000A21A002AF8DA0360086010BD074A12682A
:10DBE000002ADCD170470648F2F7BEFD90E0002025
:10DBF00070E0002091DA001044D0002084E0002082
:10DC0000C48301102DE9F041DFF87880194E1A4CD9
:10DC100008F1280558F8087FB7F1804F23D2FAF7AA
:10DC2000DFF8034606201F44FBF724F8F0B100227A
:10DC30002368C0E90268C0E9002723B15A68BA1A0C
:10DC4000002A09DA036020604545E3D1BDE8F08190
:10DC50005A68BA1A002A03DB19461B68002BF7D151
:10DC600003600860F0E70548F2F77EFD0448F2F72C
:10DC70007BFD00BF01DB001044D0002004840110B4
:10DC8000C48301109C910110B0F1804FF8B51DD2F2
:10DC900005460F461646FAF7A3F8044606202C441C
:10DCA000FAF7E8FFA8B100220B4987600B68C6604D
:10DCB000446002601BB907E019461B681BB15A6833
:10DCC000A21A002AF8DA03600860F8BD0348F2F7E8
:10DCD0004BFD0348F2F748FD44D0002004840110B6
:10DCE000C483011030B40D4D2B689BB1002403E0B8
:10DCF0001A681C4672B113469A688242F8D1DA68F3
:10DD00008A42F5D11A683CB12260194630BC06201F
:10DD1000FAF7D0BF30BC70472A60F6E744D0002045
:10DD20002DE9F843FAF75CF8114E0546114C124FF5
:10DD300010E02168B1B14B68EA1A002A12DBD1E980
:10DD400002890A6806203B602260FAF7B3FFB8F147
:10DD5000000F09D13378002BEBD0FBF7EDF92168E8
:10DD60000029E8D1BDE8F8834846C047F2E700BF84
:10DD7000E8E0002044D00020E423002010B5074C48
:10DD800023683BB1FAF72CF823685B68181A48BF80
:10DD9000002010BD4FF0FF3010BD00BF44D0002068
:10DDA00008B5FAF76FFA6FEA80406FEA9040014BCE
:10DDB000188008BD361800202DE9F04F87B00028E4
:10DDC00000F05D818A46002900F05681AD4E044680
:10DDD000B6F862300133A6F862304389072B40F26F
:10DDE000F280DFF8BC82D0F80490D8F80010D8F8A0
:10DDF000140003F031FD8346B9F80000FAF75AFA2F
:10DE00000746B9F80200FAF755FA9F4BD8F81420E4
:10DE1000D3F800E003920346BEF1000F00F0028148
:10DE2000D8F80400BBF1000F41D1F4465D465A46D4
:10DE3000CDE9044E05E0DCF80C106246002975D0EF
:10DE40008C46BCF812109942F5D19CF808E0BEF15E
:10DE5000000F05D090F83C100131C9B28E45EAD1CF
:10DE6000DCF8001011B1039C8C42E4D19CF8101036
:10DE7000490702D4002D08BF6546BCF81410B9420A
:10DE8000D9D1DCF8041019B1D8F810408C42D2D1A5
:10DE90006546DDE9044E002A00F0E5807A4BC3F8C0
:10DEA00000C0DCF80C30D360CCF80CE041E0002579
:10DEB0000132F4462A46CDE9044E05D16CE0DCF887
:10DEC0000C10624691B38C46BCF812109942F6D100
:10DED0009CF808E0BEF1000F05D090F83C1001312D
:10DEE000C9B28E45EBD1DCF8001039B1039C84EA4D
:10DEF000010EDAF808101EEA010FE0D19CF81010AC
:10DF00004C0702D4002D08BF6546BCF81410B94276
:10DF1000D5D1DCF804100029BAD0D8F81040A142BD
:10DF2000B6D0DCF80C1062460029CCD1049C002D40
:10DF300078D0B9F806304BB1544B112100932046EC
:10DF40002289043BFAF778FC002872D10821204688
:10DF5000FBF708FA002840F08C80002D4FD0AE6906
:10DF6000002E64D0E86922462946494B0097B04705
:10DF700007B0BDE8F08F9CF808E0BEF1000F10D0AC
:10DF800090F83C100131C9B28E450AD0DCF80C1073
:10DF900062460029CAD08C46BCF812109942F5D1CD
:10DFA000E9E79CF8101049071CD5BCF81410B942D9
:10DFB000ECD1DCF8041000293FF46AAFD8F8104027
:10DFC000A142E3D164E7B6F86A20B6F866300132C0
:10DFD0000133A6F86A20A6F8663007B0BDE8F04F16
:10DFE000FBF710BA002D3CD0DAF804102C688C42F4
:10DFF000DBD0DCF80040A14208BF6546D5E7BBF1A5
:10E00000000F05D1D8F8143003F0F003E02B1AD13B
:10E01000B6F87020B6F86630013220460133A6F813
:10E020007020D8E7DAF80430039A9A4217D02046D5
:10E03000D3E7B6F86820B6F86630013220460133DF
:10E04000A6F86820C7E7B8F80C102046083109B2D6
:10E05000FBF7A4F90321204602F07EFCD8E7002557
:10E0600067E76546A1E7B6F876300133A6F8763063
:10E070005FE70848F2F778FB0748F2F775FB0748B7
:10E08000F2F772FBAC360020ACE000209C3600209A
:10E090009836002070840110548401103C840110D3
:10E0A00088360020394B2DE9F041002914BF0C4679
:10E0B0001C46002864D0364F3E68002E32D03146D0
:10E0C00001E0C96811B18842FBD10121002A31D099
:10E0D0002568334615B91CE0DB688BB19842FBD04C
:10E0E000B3F812C09445F7D11C68AC4201D0002CA3
:10E0F000F2D16FF00700BDE8F0812568AEF800208E
:10E100000560428291B10020BDE8F081DB68002B00
:10E11000F6D09842FAD05C8A9442EAD0DB68002BB1
:10E12000F7D1EDE72AB1236842820360C660386008
:10E13000E9E731464FF6FF72DFF858E0BEF80030ED
:10E14000934216BF01334FF440429AB2002ED4D00E
:10E150004FF480454FF6FF78334602E0DB68002B32
:10E16000CBD0B3F812C09445F8D1013DADB255B152
:10E17000424502D0013292B2EEE74FF44042EBE763
:10E180006FF00F00C0E7AEF80020B2E7D0910110A9
:10E19000ACE00020361800202DE9F04F85B0DDE915
:10E1A0000EBA002876D00D46002973D09046002A7A
:10E1B00070D0BAF1000F6DD0BBF1000F6AD0428A67
:10E1C00099460446002A3DD04FF6F7732A899A42B1
:10E1D00063D808212846FBF79FF800283CD12E463B
:10E1E0007389072B5CD9608A7768FAF763F83880FF
:10E1F0004846FAF75FF8002378803089BB71FB71DD
:10E20000FAF758F8B880237CDB0734D51123CDF812
:10E2100008B00193A37A4246009351463046E37A10
:10E2200003F07EFAAE42074602D03046FBF7EAF82A
:10E230001D4AB2F860300133A2F86030384605B0AC
:10E24000BDE8F08F0146FFF72DFF07460028BBD041
:10E25000384605B0BDE8F08F4FF420720821222027
:10E26000FAF784FF0646C0B12B89002BB8D02946A7
:10E27000FBF718F9B4E75346328911213046CDF83F
:10E280000080FAF7D9FA4FF6FF73002818BF03464B
:10E29000FB80BBE76FF00F07D0E74FF0FF37CDE70C
:10E2A0000248F2F761FA00BFAC3600208C840110FE
:10E2B00070B582B0069CA8B1A1B19AB194B10568BD
:10E2C00035B9251DCDE90045FFF766FF02B070BDE9
:10E2D00005F0F00CBCF1E00FF3D06668B54204D154
:10E2E0000546EFE76FF00F00F0E76FF00300EDE792
:10E2F000B0B32DE9F0410F4682B071B3164662B358
:10E300000446007A9846C0B1FAF7CAFE0546DDB168
:10E310002268BAB102F0F003E02B13D06B689A4286
:10E3200018D123460193324643463946204600958C
:10E33000FFF732FF02B0BDE8F081104602F0C6FFE1
:10E340000546E4E72B1DEDE7074AB2F86E300133CE
:10E35000A2F86E306FF00300ECE76FF00F00E9E712
:10E360006FF00F00704700BFAC36002028B370B5C7
:10E370000D46F9B11646428A0446AAB12A681049E8
:10E38000237C62600A6843F004032374A682134668
:10E3900012B905E0DB681BB19C42FBD1002070BDC7
:10E3A0000020E2600C60FAE70146FFF77BFE0028E0
:10E3B000E4D070BD6FF00F0070BD6FF00F007047BC
:10E3C000ACE0002008B1C0E906127047014698B1E0
:10E3D0000A4A136883420AD033B11A46DB681BB17C
:10E3E0008B42FAD1CB68D3600120FAF763BCC368D3
:10E3F00001201360FAF75EBC704700BFACE000205C
:10E4000010B50120FAF736FC044628B1202200217D
:10E4100008F090FAFF23E372204610BD88B102682D
:10E420007AB171B10B6863B10A4B1B684BB110B480
:10E430001C68944206D0DB68002BF9D15DF8044BD0
:10E44000704770470A681A60DB68002BF6D00268D4
:10E45000EEE700BFACE000202DE9F84300286FD0C4
:10E460000E4600296CD0054690464FF49A714FF441
:10E47000207236209946FAF779FE074600285FD0C9
:10E480004389B3F59A7F64D3B8F1030F3DD0B379D4
:10E49000002B59D0304B18687C684FF49A720021D9
:10E4A0003060204608F046FA40F20113238095F8C8
:10E4B0003830A3703068F9F701FFA8F10703012B8A
:10E4C00060603AD9B8F1030F33D0D5F832306FF02D
:10E4D0007D02E361EB8E53212384632384F8EC30C7
:10E4E00084F8EF3040F2351384F8F28084F8EE10AF
:10E4F00084F8ED20A4F8F030B9F1000F02D0032326
:10E50000A9F800303846BDE8F8837379032BBED0F4
:10E5100044684FF49A720021204608F00BFA40F24A
:10E520000113238095F83830A3703068F9F7C6FEE0
:10E5300060607379043B012BC7D86B68E360C4E764
:10E5400000273846BDE8F883F9F79CFE024B1860B7
:10E55000A2E70248F2F708F9C4E00020BC840110E9
:10E5600070B5134D2C78CCB9124E3368D3B9FFF780
:10E5700047FF3060C8B1427A0F4942F02002427230
:10E580004422FFF78FFD43220B493068FFF7EEFE70
:10E5900022460A493068FFF715FF2C7801342C70A9
:10E5A000002070BD0648F2F7DFF84FF0FF3070BD75
:10E5B000DFE00020AC2D0020D091011011ED001003
:10E5C000FC840110002800F08D80816A002900F091
:10E5D0008980002210B58B6A82B05C1C4A8207D009
:10E5E0001E33B3F5701F68D23B2B70D801238B828A
:10E5F000CB6A5A1C24D01E33B3F5701F49D34FF693
:10E60000FF720B6B4A815C1CCA8167D01E33B3F565
:10E61000701F71D23B2B91BF0123394AA2FB032308
:10E62000C3F34F138B810B8200234B81CB79DB0724
:10E630001CD491F91C300A7F002B54DBFF2316E019
:10E640000A6B4B89541C32D01E32B2F5701F3BD27C
:10E650003B2A4FD92A4CA4FB0242C2F34F129342E9
:10E660008A810A82E0D2CB79DB07E2D50B6A4A794C
:10E6700000934B6A0A2A019304D00A220023A1F8CE
:10E6800005200B816A4601AB1C31FAF713FC02B07E
:10E6900010BD3B2B92BF0123194AA2FB03230A6B37
:10E6A00088BFC3F34F13541C4B81CB81CCD18A89D3
:10E6B0009A42D8D8002AD6D0B6E74FF6FF738B829D
:10E6C000CB6A5A1C97D1BBE74FF6FF72C7E7A2F19E
:10E6D0007732A2FB0323C3F34F13F0E78A89002AA2
:10E6E000C1D0A1E77047BF2A4FF6FF7388BF6FF014
:10E6F0007F43BCE70122B2E78A810A8294E700BF28
:10E700008988888870B5044642B310460E4615467F
:10E7100008F014FA10B3C4F141029042234622D803
:10E72000FF2820D8A21C02EB000CBCF1440FC1B2A0
:10E730001CD84FF00C0C06F804C00134A4B201330D
:10E7400031553344284494B2442C15F8012B07D09A
:10E750000134854203F8012FA4B2F5D1204670BDE3
:10E760000448F2F701F80448F1F7FEFF0348F1F717
:10E77000FBFF00BF84850110248501104085011036
:10E78000002330B52B4D83B0EA780446C0E9083346
:10E7900012B1294BDB6883622B79002B47D0264BC3
:10E7A0001B696A79E36232B3234B5B6923630A69AD
:10E7B000AB79E2614BBBE37903F0FE03E371EB79E4
:10E7C000002B2ED12B7AA3B11B4C206AF9F776FDD2
:10E7D000034601A900200193F9F7D6FE6B7A43B1F5
:10E7E000606AF9F76BFD034601A901200193F9F76F
:10E7F000CBFE03B030BDA36AC3EBC303DB082363C6
:10E800000A69AB79E261002BD5D00B4B9869F9F717
:10E8100055FDE379206243F00103E371EB79002BAE
:10E82000D0D0054BD869F9F749FD6062CAE7A36A01
:10E830005B08B6E7B02D0020BC2D00202DE9F04F7D
:10E84000866A8046737985B0032B04D003220023A7
:10E85000A6F8052033810322314640460DF10E0310
:10E86000FFF7FAFD0746002800F08D80BDF80E4046
:10E870004568221D442A05F1F00500F2A1803923E4
:10E88000022140202B55631C9BB2E95463189BB2B4
:10E89000E95404F10A0AE31C9BB2BAF1440FE854AC
:10E8A00000F28E8032234FF00409AB54631D9BB2FB
:10E8B00005F80390F069F9F701FD04F1060E1FFA5F
:10E8C0008EFE04F1070C4FEA106B05F80EB01FFA2C
:10E8D0008CFC04F1080104F1090204F110034FEA71
:10E8E000104E05F80CE089B292B24FEA102C442B7E
:10E8F00005F801C0A85463D898B237234FF0010E31
:10E900004FF0030C1C21062205F80A3004F10B031A
:10E910009BB205F8039004F10C039BB205F803E0E9
:10E9200004F10D039BB205F803C004F10E030F348C
:10E930009BB2A4B2E9542A552946D8F82C20ADF848
:10E940000E00FFF7DFFEFF23411C89B24329024678
:10E950002B5407D8C2F14302681892B2002107F085
:10E96000E9FF4421F031384689B2FAF791FC164AA2
:10E97000432310683946154ACDF80080FFF798FC0C
:10E980003846FAF73FFDB379FF2B14D00133DBB2E1
:10E99000092BB3710FD8C3EB431203EB8203DB00E7
:10E9A0000B4A03F2F3139BB2A2FB03235B093381EF
:10E9B00005B0BDE8F08F1423338105B0BDE8F08FBA
:10E9C0000448F1F7D1FE00BFAC2D0020CC9101101E
:10E9D000D34D62104085011000232DE9F041856A76
:10E9E00084B06A790646062AEB6103D006222B81A1
:10E9F000A5F805200122294630460DF10E03FFF748
:10EA00002BFD074600285FD0BDF80E304468181D66
:10EA1000442804F1F00472D839220221E2545A1C2D
:10EA200092B2A154318E9A1C03339BB24FEA112C3F
:10EA300092B204F802C0E154F26A214680B2FFF7B4
:10EA400061FE821D442A034659D8ADF80E203722B4
:10EA50004FF0010E4FF00408032122544FF01C0C1C
:10EA60004FF6067003EB0E0292B204F802809A1C75
:10EA700092B204F802E05A1892B2A1545A1D03EB64
:10EA8000080107339BB292B289B2432B04F801C04C
:10EA9000A05207D8C2F14202E018002192B207F05A
:10EAA00049FF4423F03399B23846FAF7F1FB154B8E
:10EAB00015491868154ACDE9006143233946FFF727
:10EAC0006BFB3846FAF79EFCAB79FF2B12D0013373
:10EAD000DAB2052AAA710DD84FF47A7393400C4923
:10EAE00003F2F3139BB2A1FB03135B092B8104B068
:10EAF000BDE8F08178232B8104B0BDE8F0810548A2
:10EB0000F1F732FEAC2D0020D0910110CC91011014
:10EB1000D34D621040850110002800F0EB802DE9F4
:10EB2000F04F866A074685B0002E00F0DE807379CC
:10EB3000012B04D001220023A6F8052033810322F3
:10EB4000314638460DF10E03FFF786FC804600285B
:10EB500000F0B880BDF80E404568211D442905F13C
:10EB6000F00500F2C880392302222B55631C9BB2AA
:10EB7000EA54388EA218E31C04F10A0B92B29BB23D
:10EB80004FEA102CBBF1440F05F802C0E85400F224
:10EB9000B28032234FF004096B54631D9BB205F819
:10EBA0000390F069F9F78AFB04F1060C1FFA8CFC5C
:10EBB000E11D4FEA106E05F80CE089B204F108027D
:10EBC00004F1090304F1100A4FEA104C05F801C0E2
:10EBD00092B29BB2010ABAF1440FA954E85400F270
:10EBE0008A80362305F80B3004F10B039BB205F83D
:10EBF0000390B069F9F762FB04F10C0E1FFA8EFE68
:10EC000004F10D0C4FEA106B05F80EB01FFA8CFCE6
:10EC100004F10E0104F10F0204F116034FEA104E45
:10EC200005F80CE089B292B24FEA102C442B05F89B
:10EC300001C0A8545FD898B237234FF0010E4FF0AF
:10EC4000030C1C21062205F80A3004F111039BB2C3
:10EC500005F8039004F112039BB205F803E004F1F8
:10EC600013039BB205F803C004F1140315349BB2DF
:10EC7000A4B2E9542A552946FA6AADF80E00FFF706
:10EC800041FDFF23411C89B2432902462B5407D87A
:10EC9000C2F14302681892B2002107F04BFE4421F2
:10ECA000F031404689B2FAF7F3FA144B1449186868
:10ECB000144ACDE9007143234146FFF76DFA4046FF
:10ECC000FAF7A0FBB379FF2B12D00133DAB2052A91
:10ECD000B2710DD84FF47A7393400B4903F2F313DA
:10ECE0009BB2A1FB03135B09338105B0BDE8F08F34
:10ECF0007823F9E770470548F1F736FDAC2D002081
:10ED0000D0910110CC910110D34D621040850110BB
:10ED1000A64B2DE9F04F5F681446BD6A8DB0002DFB
:10ED200000F0C8802B79002B00F0C48053892B2B76
:10ED300040F2C08053681A78022A40F0BB8097F8EE
:10ED400038207AB397F83200197F884240F0B280B9
:10ED5000012A27D0587F97F83310884240F0AA80C4
:10ED6000022A1FD0987F97F83410884240F0A28082
:10ED7000032A17D0D87F97F83510884240F09A8040
:10ED8000042A0FD093F8200097F83610884240F0FC
:10ED90009180052A06D097F8371093F821209142E8
:10EDA00040F088805868F9F789FA2B68984240F05B
:10EDB00081800026DFF8FCB1CBF80460ABF8086076
:10EDC0006389CBF800602B2B74D9F022B4F808A02B
:10EDD000B04651462E46B946A246154603925446C1
:10EDE00007E02468ED1AC91AADB289B2002C60D0D0
:10EDF0006389AB42F5D963688D42029380F04F81FD
:10EE000023465246CDE90796CDF824800298445D0A
:10EE1000FF2C00F03F81AF1CBFB2AF42C0F0DE81DB
:10EE2000588905F1010C844580F22C81029E2E4404
:10EE300076783B2C44D8DFE814F05D000C014300E9
:10EE4000FD0043004300E90043004300430043004A
:10EE5000430043004300430043004300430043009A
:10EE6000430043004300430043004300430043008A
:10EE7000430043004300430043004300430043007A
:10EE8000430043004300430043004300430043006A
:10EE9000430043004300430043004300430043005A
:10EEA000DC00CB00BF00AB0043004300430019016E
:10EEB0006000544620460DB0BDE8F04FFAF7A2BA04
:10EEC0004FF6FD743544A54200F388813744BFB244
:10EED0003D468542C0F0DB802D1A081AADB281B2E2
:10EEE0008D4280F07B811B68002B00F07781586891
:10EEF00002908BE71FFA8CF5EBE7042E40F06E8151
:10EF00004FF6F970854200F269814FF00508063529
:10EF1000ADB200200B90264801240BEB080900EB52
:10EF2000880A059101930695049227E0042E354640
:10EF300028BF04253B462A4601980BA9FAF792FB05
:10EF4000854240F04D81042E40F24C81B30740F0E1
:10EF500047810B9809F8014CF9F7B0F93A1D92B2C4
:10EF6000043E97424AF8040BF6B200F2398108F1E8
:10EF70000108B8F10A0F00F0A281174619F8012B19
:10EF8000002AD3D00599019B069D049A5889A0E7D1
:10EF9000042E40F023814FF6F970854200F21E8165
:10EFA00006354FF00208ADB2B3E700BF8836002047
:10EFB000BC2D0020B02D0020012E40F00F814FF617
:10EFC000FE70844500F00A810335B046ADB2A0E77B
:10EFD000012E40F003810398F02840F0FF804FF6A7
:10EFE000FE70844500F0FA8003354FF00008ADB2A2
:10EFF0008FE7042E40F0F2804FF6F970854200F260
:10F00000ED8006354FF00308ADB282E7B40740F05B
:10F01000E5804FF6FD743544A54200F3DF80F51915
:10F02000ADB2002E3FF455AF082E28BF08264FF092
:10F0300008086EE7032E40F2D1804FF6FD7035448C
:10F04000854200F3CB80F5194FF007080426ADB2D6
:10F050005FE7042E40F0C2804FF6F970854200F25F
:10F06000BD8006354FF00608ADB252E7042E40F0E1
:10F07000B5804FF6F970854200F2B0800635B04693
:10F08000ADB246E71E685EB376683678D1E68D424B
:10F09000FFF4BCAE9246DDE90796DDF824809BF8CC
:10F0A000003053B100238BF80030864B1B68012BD6
:10F0B00012D0022B05D0032B0CD0B8F1000F00F0BA
:10F0C000A9802C234FF000086C210393BAF80A3072
:10F0D000039D84E64FF001086C23EC210393F5E7D0
:10F0E0003B2C3FF6F5AE01A555F824F0F5EE0010E7
:10F0F000DDF10010D1EE0010DDF10010D1EE0010B6
:10F10000D1EE0010D1EE0010D1EE0010D1EE0010C3
:10F11000D1EE0010D1EE0010D1EE0010D1EE0010B3
:10F12000D1EE0010D1EE0010D1EE0010D1EE0010A3
:10F13000D1EE0010D1EE0010D1EE0010D1EE001093
:10F14000D1EE0010D1EE0010D1EE0010D1EE001083
:10F15000D1EE0010D1EE0010D1EE0010D1EE001073
:10F16000D1EE0010D1EE0010D1EE0010D1EE001063
:10F17000D1EE0010D1EE0010D1EE0010D1EE001053
:10F18000D1EE0010D1EE0010D1EE0010D1EE001043
:10F19000D1EE0010D1EE0010D1EE0010D1EE001033
:10F1A000D1EE0010D1EE0010D1EE0010D1EE001023
:10F1B000D1EE0010D1EE0010DDF10010DDF10010F5
:10F1C000DDF10010DDF10010D1EE0010D1EE0010E5
:10F1D000D1EE0010DDF10010DDF10010144669E6FB
:10F1E000049C67E60599019B069D049A08D09DF84A
:10F1F0002C00344C44F8280001200BF80800C5E628
:10F200000B98CDE904320191F9F758F8DDE90432A1
:10F210000199EEE79BF8013035464F464646544685
:10F22000002B3FF447AE274A61681379052B1CD0A9
:10F23000062B2AD0022B7FF43DAE6B79062B7FF490
:10F2400039AE9BF80230002B3FF434AEBD6A9068B3
:10F250002E810191F9F732F803460199AB610B69F0
:10F260003846EB61FFF758FC24E66B7903F0FD02AA
:10F27000012A03D0043B012B3FF61CAEB86AFFF70E
:10F280007FFA3846FFF79EF914E66B79DA1E022AF8
:10F2900002D9012B7FF40EAEBB6A5A790C2A04D036
:10F2A0000C210022A3F805101A81074B38461A4694
:10F2B0001946F9F7FFFD3846FFF78EFBFAE50348DC
:10F2C000F1F752FABC2D0020D0910110BC8501103D
:10F2D00010B560B10B4681B1816A044651B9342240
:10F2E000184607F027FB0222C271A06210BD044835
:10F2F000F1F73AFA0348F1F737FA0348F1F734FA2D
:10F30000D0850110F0850110E0850110F8B50028C6
:10F3100041D090F839300446DA073CD5038E856A2F
:10F32000B3F5107F34D365B32B79E3B934220021D0
:10F33000284607F0FFFAFFF713F9064640BB012302
:10F340002B7194F839305B0708D46B79022B03D00A
:10F3500002232881A5F805303046F8BD2046FFF786
:10F360003BFB3046F8BD0F4B1E78BEB1013EF6B2F6
:10F370001E70002EDAD10C4F3868FFF727F83E6078
:10F38000D4E73420F9F7B2FB054608B1A062CDE717
:10F390004FF0FF36E0E76FF00F06DDE70348F1F7C7
:10F3A000E3F900BFDFE00020AC2D0020148601103F
:10F3B00008B5836A2BB15A79052A03D8022A03D8E3
:10F3C00052B908BD0A2A05D100229A71BDE8084049
:10F3D000FFF734BA0C2A05D800229A71BDE808401C
:10F3E000FFF7FABA0148F1F7BFF900BF38860110FC
:10F3F0002DE9F043856A06466B7985B0052B04D06C
:10F4000005220023A5F805202B810322294630463A
:10F410000DF10E03FFF720F80746002800F0868064
:10F42000BDF80E30446803F1040CBCF1440F04F144
:10F43000F0047ED839220221E2545A1C92B2A1541F
:10F44000308E5918DA1C4FEA102E89B292B204F8A5
:10F4500001E0A05403F10A0044286AD837220621AB
:10F460004FF004094FF001084FF0030E04F80C2090
:10F470004FF01C0C5A1D92B204F802905A1892B226
:10F4800004F80280DA1D92B204F802E003F10802E7
:10F4900009339BB292B204F802C0E154F26A2146E9
:10F4A00080B2ADF80E00FFF72DF9FF2300EB080145
:10F4B00089B243290246235407D8C2F14302601897
:10F4C00092B2002107F036FA4421F031384689B271
:10F4D000F9F7DEFE184A432310683946009605F115
:10F4E0001802FEF7E5FE04463846F9F78BFFAB79C4
:10F4F000FF2B15D00133DBB2092BAB7110D820469E
:10F50000C3EB431203EB82031B010C4A03F2F31318
:10F510009BB2A2FB03235B092B8105B0BDE8F083FE
:10F52000282320462B8105B0BDE8F0834FF0FF343F
:10F53000DDE70348F1F718F9AC2D0020D34D621038
:10F54000408501102DE9F04F846A85B0DCB1627905
:10F55000CAB10023A1690A2A0546C4E90633C4E9F1
:10F560000833C4E90B330391A362C4F80E30C4F826
:10F5700012300BD0043A012A08D9A4F805302381AF
:10F580002379002B67D105B0BDE8F08F4FF000095B
:10F590000722214628460DF10A03A4F80590A4F895
:10F5A0000890FEF759FF804600284BD0BDF80A604E
:10F5B000476806F1060ABAF1440F07F1F0075FD871
:10F5C00036230422BB55731C9BB2FA540398F8F7F8
:10F5D00075FE06F1020E1FFA8EFE06F1030C4FEACD
:10F5E000106B07F80EB01FFA8CFC321D731D4FEA2A
:10F5F000104E07F80CE09BB292B24FEA102C07F8BD
:10F6000002C0F8544FF0FF33F11D89B2432907F8C7
:10F610000A3007D8C6F13D02781892B2494607F081
:10F6200089F94421F031404689B2F9F731FE164A92
:10F63000432310684146009503AAFEF739FE404671
:10F64000F9F7E0FE114B28461A461946F9F732FC45
:10F650002379002B97D00E4B1D7875B1013DEDB28B
:10F660001D7025B10023237105B0BDE8F08F064E53
:10F670003068FEF7ABFE3560F4E70648F1F774F842
:10F680000548F1F771F800BFAC2D0020D0910110B2
:10F69000DFE0002014860110408501102DE9F043C1
:10F6A000724B85B01D68DDB1AC6AB4B16379A3B1AA
:10F6B000A18A29B1628A013292B29142628212D049
:10F6C000228A1AB1511E012A218213D0E28922B165
:10F6D000511E012AE18100F0AC802D68002DE3D19C
:10F6E00005B0BDE8F0832846FFF72CFF2846FFF75A
:10F6F0000DFEF2E75A1ED2B2092AEED840F21921C5
:10F7000021FA02F2D207E8D5042B04D00422002308
:10F71000A4F8052023810322214628460DF10E037B
:10F72000FEF79AFE0746002865D0BDF80E30466801
:10F7300003F1040CBCF1440F06F1F00600F29280D4
:10F7400039220221F2545A1C92B2B154288E59180F
:10F75000DA1C4FEA102E89B292B206F801E0B054DA
:10F7600003F10A0044287DD8372206214FF004090E
:10F770004FF001084FF0030E06F80C204FF01C0C60
:10F780005A1D92B206F802905A1892B206F80280F8
:10F79000DA1D92B206F802E003F10902083392B2D0
:10F7A0009BB206F803C0B154ADF80E203146EA6AA8
:10F7B00080B2FEF7A7FFFF23335400EB08039BB290
:10F7C000432B024607D8C2F14302F018002192B23F
:10F7D00007F0B0F84423F03399B23846F9F758FDF2
:10F7E000234A432310683946224A0095FEF760FDFC
:10F7F0003846F9F707FEA379FF2B31D00133DBB28E
:10F80000092BA3712CD8C3EB431203EB8203DB005B
:10F81000194A03F2F3139BB2A2FB03235B09A28AEA
:10F82000618A2381531A012B7FF757AF5B10238224
:10F8300053E7013BDBB2092B3FF64FAF40F21122F9
:10F8400022FA03F3DB077FF548AF2846FFF7D0FD28
:10F85000A389628A9B1A012BC4BF5B10E3813CE73A
:10F860001423DCE70548F0F77FFF00BF3CD0002001
:10F87000AC2D0020CC910110D34D621040850110B9
:10F88000264B10B51C6824B92CE0013A1A81246873
:10F8900044B3A36A002BFAD01A89012AF5D8F6D10D
:10F8A00000215A791981013A0B2AF0D801A151F8A7
:10F8B00022F000BFFDF800108FF80010EFF80010E4
:10F8C0008FF800108FF80010E7F800108FF8001084
:10F8D0008FF800108FF800108FF800108FF80010CC
:10F8E000E7F8001010BD2046FFF776F8CFE79B79C8
:10F8F0002046012B0FD9FFF76FF8C8E79B79204608
:10F90000052B02D8FFF708F9C1E7FFF71BFE2046D9
:10F91000FFF7FCFCBBE7FEF791FFB8E73CD0002007
:10F920002DE9F04F846A85B0DCB16279CAB1002359
:10F93000A1690A2A0546C4E90633C4E90833C4E9C3
:10F940000B330391A362C4F80E30C4F812300BD00D
:10F95000043A012A08D9A4F8053023812379002B21
:10F9600067D105B0BDE8F08F4FF0000907222146AE
:10F9700028460DF10A03A4F80590A4F80890FEF7B4
:10F980006BFD804600284BD0BDF80A60476806F141
:10F99000060ABAF1440F07F1F0075FD836230422B4
:10F9A000BB55731C9BB2FA540398F8F787FC06F119
:10F9B000020E1FFA8EFE06F1030C4FEA106B07F8D9
:10F9C0000EB01FFA8CFC321D731D4FEA104E07F863
:10F9D0000CE09BB292B24FEA102C07F802C0F85428
:10F9E0004FF0FF33F11D89B2432907F80A3007D8D9
:10F9F000C6F13D02781892B2494606F09BFF4421B9
:10FA0000F031404689B2F9F743FC164A43231068A7
:10FA10004146009503AAFEF74BFC4046F9F7F2FC7D
:10FA2000114B28461A461946F9F744FA2379002B58
:10FA300097D00E4B1D7875B1013DEDB21D7025B10B
:10FA40000023237105B0BDE8F08F064E3068FEF745
:10FA5000BDFC3560F4E70648F0F786FE0548F0F790
:10FA600083FE00BFAC2D0020D0910110DFE000200C
:10FA700014860110408501102DE9F04F074690468D
:10FA800085B0002800F0CD80002A00F041810020E0
:10FA90004FF00A099C4D834695F814A02E46044663
:10FAA000CE46CDE901090390BAF1000F2FD02346CD
:10FAB0000A243A68686882426CD0BAF1010FB5F83E
:10FAC00012C058D00198844524BF60469E460190DC
:10FAD00001331FFA83FCBCF10A0F1BB269D00A2C58
:10FAE00005D14FE001339AB20A2A1BB223D003EBAF
:10FAF000430206EBC202107D0028F3D03D68506837
:10FB00008542EFD192689045ECD11C462FE0A2B21D
:10FB1000531C1FFA83FCBCF10A0F1BB200F0DC80FF
:10FB200095F82CA01835BAF1000FC2D1931C9AB2E7
:10FB30000A2A1BB2DBD1012940F0E38004EB440325
:10FB400006EBC3031B7D2546002B40F0B580D7F89C
:10FB500000C005EB450306EBC303C3F804C06B000C
:10FB600000222B4406EBC303C3F808805A822046C8
:10FB700005B0BDE8F08F286888B1DC4524BFE346B6
:10FB80009946A5E795F82CA018351C46BAF1000F48
:10FB90008DD1BCE7A86880458FD11C46E7E7039864
:10FBA000844528BF60460390029828BF18460290FB
:10FBB0008EE70129944640F0A4800A2C73D1744644
:10FBC000092C13DC04EB440356F8333025464FEA86
:10FBD0004409002B40F02E810023A14406EBC90903
:10FBE00089F81430002FB2D16300B9E7029B0A2BC9
:10FBF00015D1B9F1090F00F384804C4604EB440A97
:10FC00004FEACA0A56F80A0025464FEA4409002876
:10FC1000E2D0F9F7F7FB002346F80A30DCE71C4690
:10FC2000ECE70A233848BC4606463C46BB46BA4683
:10FC300099469E46027D029322BBA5B26B1C9AB2E6
:10FC40000A2A1BB253D090F82C2018306AB1012A2E
:10FC5000458A1DD0654524BFAC469E4601339AB205
:10FC60000A2A1BB232D00A2C19D0012949D104EB3F
:10FC7000440206EBC202127D25466300002A3FF4CF
:10FC80006FAF19E0012A2346458A4FF00A04E1D1FB
:10FC90000268A2B15D4524BFAB469946DEE7183045
:10FCA0001C46027DC8E704EB440306EBC3031B7D3F
:10FCB0002546002B3FF44DAF1448F0F755FD554550
:10FCC000029A24BF1A46AA460292C7E7012918D110
:10FCD0000A2C3FF474AFCAE7012912D196F8EC3030
:10FCE000002BE9D10924D7F800C0254631E70129C6
:10FCF00007D196F8EC30002BDED1092412232546DB
:10FD00002EE74FF0FF3432E78C220020648601108A
:10FD10004FF00A094948964606469346CA46CDE939
:10FD20000119057D03925DBB93B25C1CA5B20A2D3F
:10FD300024B271D090F82C5018301DBB023398B209
:10FD40000A2801991CB25AD004EB440306EBC30302
:10FD5000187D20B15B68386898423FF408AF0134E1
:10FD6000A3B20A2B24B2EFD10129CAD102EB42037C
:10FD700006EBC3031B7D1546002B9DD12C46E6E602
:10FD800014460A223B6841688B423FF4F0AE012DD5
:10FD9000B0F812C00CD0F44524BFE646A2460134A8
:10FDA000A5B20A2D24B210D00A2A0AD00199CBE7B5
:10FDB000056895B103998C4524BF6146A14603911E
:10FDC000EDE718302246057DADE701999C460129F3
:10FDD00097D10A2A08D15446F2E6DC45029924BF9D
:10FDE0002146E3460291DAE702EB420306EBC30346
:10FDF0001B7D1546002B7FF45FAF2C46A9E6012939
:10FE00007FF47FAF182303FB02631B7D1546002B95
:10FE10007FF452AF2C469AE6019901297FF471AF25
:10FE200096F8EC30002B7FF447AF0925D7F800C0D7
:10FE30002C468EE60248F0F797FC00BF8C2200208B
:10FE40004C8601102DE9F04782B0DDF82CA0BDF8FA
:10FE5000344000284CD08846914606464FF4207224
:10FE60001C210E201F46F9F781F90546002838D0DD
:10FE700043891B2B42D920466C68F8F71BFAE080B7
:10FE800096F83830062B36D1304640F2064640F61A
:10FE90000601D7F800C04B46C4F808C0BF884246E8
:10FEA000A781DAF80070C4F81270BAF80470E7821B
:10FEB0000A9F3F68C4F80E700C9F3F68A680114EE1
:10FEC000A76126600091294601F000FE0E4A2846EF
:10FED000138801331380F9F795FA002002B0BDE8CA
:10FEE000F087094A4FF0FF30938901339381F5E79A
:10FEF0000648F0F739FC0648F0F736FC0548F0F7FD
:10FF000033FC00BF00010800AC360020D085011092
:10FF1000C4860110908601102DE9F041284B02EBB8
:10FF2000420203EBC2060D46317D84B0012943D95C
:10FF3000D20002F10C07022904461F440DD004F13F
:10FF400032084FF400663B4642462946204600965A
:10FF500001F0BCFD04B0BDE8F081718AB1F58E7F7F
:10FF600017D8B1F5877FEAD304321A4401230393EB
:10FF7000144B00F132080193031D029200933A469C
:10FF800043464146FFF75EFF0028DAD1032333756D
:10FF9000D7E704321A44012303930A4B00F13208D5
:10FFA0000193031D0292009341464346064AFFF720
:10FFB00049FF0028C5D1E9E70448F0F7D5FB00BFA9
:10FFC0008C220020D4910110DC91011008870110CF
:10FFD00070B51D4C002684B004F1F0050AE0012A3A
:10FFE0001FD0032A2DD0042A01D1022323741834F0
:10FFF000AC4214D0227C002AF9D0E38901339BB2B1
:020000041001E9
:10000000B3F5967FE381EAD354F8040C18B1F9F7FD
:10001000F9F944F8046C26741834AC42EAD104B0FF
:1000200070BD042BF0D803926068084A00F13203D7
:100030000192021D00921946054A0294FFF702FF41
:10004000D5E704232374D2E790220020D491011035
:10005000DC91011038B5574C0546237D13B1A368D8
:10006000984247D094F82C3013B1236A9D424AD06D
:1000700094F8443013B1A36B9D426ED094F85C3079
:1000800013B1236D9D4252D094F8743013B1A36E16
:100090009D4278D094F88C301BB1D4F880309D42CA
:1000A0003BD094F8A4301BB1D4F898309D425ED078
:1000B00094F8BC301BB1D4F8B0309D4241D094F8D4
:1000C000D4301BB1D4F8C8309D4266D094F8EC30DF
:1000D0001BB1D4F8E030AB4200D038BDD4F8D80022
:1000E00020B1F9F78FF90023C4F8D830002384F841
:1000F000EC3038BD206818B1F9F784F9002323608B
:1001000000232375AEE7A06918B1F9F77BF9002346
:10011000A361002384F82C30AAE7A06F18B1F9F787
:1001200071F90023A367002384F88C30B9E7A06C31
:1001300018B1F9F767F90023A364002384F85C3051
:10014000A2E7D4F8A80020B1F9F75CF90023C4F8BD
:10015000A830002384F8BC30B1E7206B18B1F9F760
:1001600051F900232363002384F8443086E7D4F850
:10017000900020B1F9F746F90023C4F8903000232D
:1001800084F8A43094E7206E18B1F9F73BF9002306
:100190002366002384F874307CE7D4F8C00020B1D3
:1001A000F9F730F90023C4F8C030002384F8D430C4
:1001B0008CE700BF8C220020002900F08A802DE906
:1001C000F04F46680446338889B0B3F5807F02D18A
:1001D0003379062B0CD02046514B198ADA8801312D
:1001E00001321982DA8009B0BDE8F04FF9F70AB997
:1001F0007379042BEFD17388082BECD1484FD6F8D4
:100200000E207B880D4601337B804B680792002BC4
:1002100060D0A3EB020ABAFA8AFAB1694FEA5A1A15
:100220008B4206F1080873D101239946059395F88E
:100230003830062B71D1002A3FD02946104604924F
:1002400001F00AFB8346C0BB049A02F0F002E02AE8
:1002500033D049462A4607A8FFF70EFC00282CDBBE
:100260004FF0020E2F4900EB400001EBC00282F874
:1002700014E095604FEAC00CD8F800000CF10C0EA9
:1002800041F80E00B8F804008E44AEF8040051F8AE
:100290000C90A2F812B0B9F1000F0ED04FF4006329
:1002A00041F80CB0284600934946434605F1320216
:1002B00001F00CFC4846F9F7A5F8F388B3F5807F08
:1002C0000FD0B3F5007F02D0BB8A0133BB8220463A
:1002D00089E770479A464FF0020906F1080805932E
:1002E000A5E7059B002BF2D0BAF1000FEFD1022653
:1002F00007A905F132030291291D009142462846C3
:100300001946CDF804800396FFF79CFD20466AE766
:1003100000234FF00209059389E70348F0F724FA18
:10032000AC3600208C220020588701102DE9F04FB8
:100330000E460446014685B03068174601F08CFA37
:10034000002840F09D80336803F0F002E02A00F0BE
:100350009780002B00F09480224601213046FFF761
:100360008BFB051E55DBDFF840A105EB45080AEBCA
:10037000C80898F8142004F1320B4FEA450902BB73
:100380004FF0010EC8F8084088F814E0CDE9026E7D
:10039000404E04F1040C5B46594620463E4A019605
:1003A000CDF800C0FFF74EFD003818BF01204042D5
:1003B00027B198F81420012A19D806D005B0BDE855
:1003C000F08F002F2ED0012A11D13B4605E01A7B79
:1003D000520647D41B68002B35D059891A8991429F
:1003E000F5D11A68002AF2D02C48F0F7BDF9204662
:1003F0004FF40064A9440094294C0AEBC9095A46F9
:10040000394609F10C03257001F060FB05B0BDE829
:10041000F08F1FB1234A93890133938168B205B0ED
:10042000BDE8F08F01251B4A20460192221D009253
:100430005B465946184A02960395FFF703FD10B331
:100440004FF0FF30BAE73846F8F7F0FF09EB050345
:100450005AF8330008B1F8F7D5FF4D444AF8357023
:100460000020ABE73A464FF420710E20F9F722FA4C
:1004700007460028EAD10B4A938901339381DFE7CD
:100480006FF00F009AE798F81430012BE8D1A8F824
:100490001200E5E7D4910110DC9101107C87011076
:1004A000E1E00020AC3600208C2200202DE9F04154
:1004B00084B0002800F0FB800E46002900F0F48094
:1004C0001546002A00F0ED8001460446106801F050
:1004D000C3F90246002840F09680296801F0F00335
:1004E000E02B72D06368A0684B4003420AD04FF6FD
:1004F000A96388B2984205D0E168002900F0CE8057
:1005000004F10C05DFF8C4816A4B98F800C00CEBCD
:100510004C0003EBC00090F814E0BEF1010F02D9CB
:100520008768A74271D0187D012802D99868844253
:100530007AD093F82C20012A02D91A6A94427BD0EF
:1005400093F84420012A02D99A6B944279D093F807
:100550005C20012A02D91A6D944277D093F8742056
:10056000012A02D99A6E944275D093F88C20012A00
:1005700003D9D3F88020944272D093F8A420012AA2
:1005800003D9D3F8982094426FD093F8BC20012A65
:1005900003D9D3F8B02094426DD093F8D420012A27
:1005A00003D9D3F8C82094426BD093F8EC20012AE9
:1005B00003D9D3F8E020A24269D03246294620462A
:1005C00004B0BDE8F041FFF7B1BE01215E226B78B7
:1005D000ADF8081003F07F038DF80B30AB788DF881
:1005E0000A208DF80C30EB788DF80D3002AB4FF40B
:1005F00000653146204604F13202009501F066FAAA
:1006000004B0BDE8F0812C4BF1E7406888428AD104
:10061000624631462046294DEB8A0133EB8204B015
:10062000BDE8F041FFF778BC5868814281D131467E
:10063000204688F80020F2E7DA69914280D1012251
:10064000F5E75A6B914282D10222F0E7DA6C9142CF
:1006500084D10322EBE75A6E914286D10422E6E769
:10066000DA6F914289D10522E1E7D3F894209142D3
:100670008BD10622DBE7D3F8AC2091428DD1072243
:10068000D5E7D3F8C42091428FD10822CFE7D3F821
:10069000DC308B4208BF09228FD1C8E76FF003001E
:1006A000AEE70748F0F760F80648F0F75DF806484F
:1006B000F0F75AF88C220020DC910110AC360020B3
:1006C0003887011098870110D0850110E1E00020E3
:1006D0002DE9F04182B000284AD005460F464FF47C
:1006E00020721C2100F132080E20F8F73FFD06466B
:1006F000002836D043891B2B40D944680120F7F7E6
:10070000D9FDE08095F83830062B34D140F2064010
:1007100040F60601D5F83230A3601A4BB8F8042031
:10072000D3F800C09B88A281C4F812C0E3826B6832
:100730004246C4F80E303B68A080A361124B2846A5
:100740002360124B0091314601F0C0F9104A304647
:10075000138801331380F8F755FE002002B0BDE87E
:10076000F0810B4A4FF0FF30938901339381F5E715
:100770000848EFF7F9FF0848EFF7F6FF0748EFF7EB
:10078000F3FF00BFD491011000010800DC910110BB
:10079000AC360020D0850110C4860110908601106F
:1007A0002DE9F047674E684FB6F84A30D7F8089001
:1007B000013384B0A6F84A3099F80040054604F0A9
:1007C0000F04A400132C14D94389032B11D94368B7
:1007D0001B781BB3082B17D1786900F0F003E02BCE
:1007E00025D08846396801F037F800BB2B89072BE4
:1007F00026D82846F8F706FEB6F852300133A6F898
:10080000523004B0BDE8F087B6F85820B6F84E3044
:1008100001320133A6F85820A6F84E30284604B01D
:10082000BDE8F047F8F7EEBD5046F8F7EBFD284677
:10083000F8F7E8FDB6F85C300133A6F85C30E0E785
:100840002846F8F701F8002866D104F10E0A51464F
:100850002846F8F761FD002867D02B89191989B25D
:100860008B42E4D84FF420720E20F8F77FFC8246CA
:100870000028DCD0428904F108039A42D5D34946C6
:100880002246406806F0E4F821465046F8F76AFD33
:10089000002853D129465046F8F7DCFE0028C3D182
:1008A0002846F8F7AFFD554621462846D5F804906E
:1008B000F8F732FD0028B1D1D7E904314FF6F772CD
:1008C0006F68F9603B6189F80000E873B9F802309D
:1008D000214693428CBF093308339BB2A9F80230FA
:1008E00000244FF0FF09BC7287F80890FC7238466C
:1008F000F7F7A4FF78810127CDF808800094B6F8B7
:1009000048104B463944A6F84810224628460F495D
:10091000019700F069FE81E72846F8F773FDB6F805
:1009200050300133A6F850306BE751462846F8F7AF
:1009300019FD0028B8D00648EFF716FF0548EFF775
:1009400013FF00BFAC360020883600209C36002004
:10095000D8870110A48701102DE9F04307463E898E
:1009600088461C2E28BF1C2606F10804A4B287B0B6
:100970004FF4207222202146F8F7F8FB002836D0E9
:1009800043890546A34235D33246032300264468F3
:10099000D7F804903946237084F801800823267123
:1009A0006671A671E671F8F7B1FDD9F80C3005A8AB
:1009B000059300F08BFC0746B0B120466989A6700C
:1009C000E670F7F73BFF6080029701270B4C00961B
:1009D000B4F84800FF233844A4F8480031462846BC
:1009E00005AA019700F000FE2846F8F70BFD07B0B6
:1009F000BDE8F0830248EFF7B7FE00BFAC36002039
:100A00000C8801102DE9F04307463E8988461C2ECC
:100A100028BF1C2606F10804A4B287B04FF4207248
:100A200022202146F8F7A2FB002836D0438905464C
:100A3000A34235D332460B2300264468D7F80490EE
:100A40003946237084F80180082326716671A671E7
:100A5000E671F8F75BFDD9F80C3005A8059300F0B6
:100A600035FC0746B0B120466989A670E670F7F7F5
:100A7000E5FE6080029701270B4C0096B4F8480011
:100A8000FF233844A4F848003146284605AA0197B8
:100A900000F0AAFD2846F8F7B5FC07B0BDE8F083E2
:100AA0000248EFF761FE00BFAC3600200C88011051
:100AB00081422DE9F04155D00746884611B10B68B7
:100AC00083424CD17C6863689A883AB300262546F5
:100AD000636828461C68F8F79FFC3318B3F5803F1D
:100AE0003ADA28469EB2F8F78DFC002CEFD1224B63
:100AF0001A6897422DD0B8F1000F39D03B68C8F87A
:100B0000003039460520F8F7D5F81C4A1388B3425F
:100B10002BD39B1B30461380BDE8F0811A683869DF
:100B200079697A60FD68BA689860D9601A605D601A
:100B3000BA69012120461A61FFF764FF2046F8F7E1
:100B40006BFC06462046F8F75DFC7C68002CBED1A5
:100B5000CDE73A681A60D4E70948EFF705FE09487F
:100B6000EFF702FE0848EFF7FFFD0848EFF7FCFD3E
:100B70000748EFF7F9FD00BF50E00020CCE000206F
:100B80005888011044880110388801109488011099
:100B9000788801102DE9F047002705460E46DFF85A
:100BA000B080D8F80000002849D00024A64621468D
:100BB0002246D5F80CC0436963451FD0013492B377
:100BC00092F81FA090F81F900368D1450CD98BB301
:100BD00059698C4510D00146184690F81F9003685B
:100BE000D14504F10104F2D873B35A698E46944595
:100BF000024601D0CA46EEE701461846D5F81090E5
:100C000083694B45DAD1B0F80C90AB889945D5D1C2
:100C1000814671461046D9F800308E4602464BB1E7
:100C200049461846C7E78146D9F800308E46024645
:100C3000002BF5D132B9B74201DA012CB1DC3846CC
:100C4000BDE8F08710467146FFF732FF0744F2E730
:100C500050E0002038B50A4B1C684CB10025E37FFA
:100C600020465A1E246823B10546C277002CF6D1CF
:100C700038BD2946FFF71CFF002CF0D1F8E700BF74
:100C800050E000202DE9F04FB44DD0F804B06B8B4C
:100C900087B001336B839BF80030064603F00F03E7
:100CA000052B40F08380BBF80600F7F703FB0746EF
:100CB000BBF80200F7F7FEFA9BF8003003F00F03D1
:100CC000B0EB830F4FEA830265D3801A83B23046BC
:100CD0000193F8F7A1FBDFF888928046B9F800305D
:100CE00003440A2B00F31081DFF878A2DAF8004001
:100CF000002C5FD0DBF80C2002E02468002C59D0D7
:100D000063699342F9D1DBF81030A1699942F4D1BB
:100D1000A189BBF804309942EFD1EB8D0133EB850B
:100D2000BBF80600F7F7C6FAC0F30C00002800F085
:100D3000E280BBF80630C7F30C0713F020034FEA3C
:100D4000C707039308D1019BFB189BB29F4212D89F
:100D50004FF6EB7293420ED8D6F804B0BBF80200FF
:100D6000F7F7A8FA9BF8003003F00F03B0EB830FFE
:100D70004FEA830244D263680293029B5BB9DAF8BC
:100D80000030A34240F07781236821460520CAF84D
:100D90000030F7F78FFFEB8B30460133EB83F8F72A
:100DA00031FB0025284607B0BDE8F08FAB8D01333D
:100DB000AB85F0E70520F7F75DFF0446002800F05B
:100DC000D38000230F21DAF80020E3612260CAF803
:100DD0000040A360E36023616361A3616360E17726
:100DE000DBF80030DBF80400DBF80810DBF80C203F
:100DF000A360E06021616261DBF81030A36198E7D5
:100E0000831ABBF806001FFA83FBF7F753FA002397
:100E1000C0F30C027168D2009344606804910B70B7
:100E20004B708B70CB708A80A1F806B01FFA8BF1E3
:100E30008A4205910290A0D8002800F01281014654
:100E40004FF0010B94460FE0A5D0B3F806E0F4454F
:100E5000A1D332B1D288824214BF4FF0000B0BF005
:100E6000010B196800295ED01A464B6898888445A2
:100E7000EAD2134662469C46049B1960BCF1000FFF
:100E800000F08080BCF806309A4284D305998142F4
:100E900081D89A4214BF4FF0000B0BF0010B039B5B
:100EA000CCF80060002B48D1BBF1000F75D0029E3A
:100EB0007568AB88002B70D1049B1A68002A74D027
:100EC000059903E01A68002A70D0D98853689A8877
:100ED0008A42F7D0B9F800304344A9F80030039BA8
:100EE000002B7FF45EAFA37F019A43F00103174408
:100EF000A783A37755E7E089F7F7DCF9C0F30C0087
:100F000000283FF416AF6BE701465846FFF742FE54
:100F100028B1B9F8003043440A2B7FF7E5AEAB8C1B
:100F20000133AB8437E71E60039BF44514BF4FF0D9
:100F3000000B0BF0010B002BB6D0029EA37FDA074B
:100F400006D5BBF1000F03D07568AB88002BB3D07A
:100F5000B9F800304344A9F8003022E7AC3600204D
:100F6000CCE0002050E0002041465846FFF712FE3A
:100F70008045D4DC0520F7F77DFE044600287FF489
:100F800020AFCCE7059B83423FF605AF039B66602D
:100F9000002BD3D1BBF1000F8AD1019B1F44A37F4B
:100FA000A78343F00103A377D2E7049B9D4265D05A
:100FB000B9F800304344A9F80030039B002B4ED110
:100FC0000198A37F384480B243F00103A083A37744
:100FD000A368E668216962696E60A960EA602E68AC
:100FE0002B60A36914302B6180B2F7F763F90023FB
:100FF0006880AB712846EB71AB72EB721421F7F786
:101000001DFC688165685EB1142130467768F8F789
:10101000A9F931462846F8F71DFA3E68002EF3D1AB
:10102000DAF80030A34205D05BB31A68A24213D0AD
:101030001346F9E72368CAF8003021460520F7F780
:1010400039FE2846F8F7E8F9B9F8003083421BD397
:101050001B1AA9F80030A5E622681A60EDE7A08BFC
:10106000B6E7039B6660002B3FF422AFA37FDB074C
:101070007FF56EAF68E70648EFF776FB0548EFF7B8
:1010800073FB0548EFF770FB0448EFF76DFB00BFFB
:1010900008890110B888011078880110EC880110C7
:1010A0002DE9F04F87B00B8E0190019C0492B3F1B3
:1010B000140248BFA3F10D026768C2F3CF03029385
:1010C0003B78884603F00F03052B4FEA830940F075
:1010D000F3806389132B40F2EF80F888F7F7EAF882
:1010E0002589C0F30C0B143DADB200F40050002D67
:1010F00000F0DA80029BDB009BB20393002840F0F3
:10110000C5805BE0428903899A4240F0D880036839
:10111000002B40F0D4804B46616832460198F8F7C6
:10112000A1FA48441FFA80F914212046F8F7F4F890
:10113000002840F0BD80D7F804C06368F9683A68B9
:10114000B868C3F804C09860D9601A603A69CBF3F4
:101150000C001A61B8F83020D4F804A0133AAA425F
:10116000D8BF40F40050F7F7A5F8AAF8060006F13A
:10117000140080B2F7F79EF800221421AAF80200AA
:101180008AF80A208AF80B205046F7F757FB2146C9
:10119000049AD8F81430AAF80A0040469847494AF9
:1011A0002046138BAE1B01331383F8F72BF9029BF8
:1011B000B5B29B441FFA8BFB002D75D0039E4FF4F4
:1011C0002072AE4228BF2E4622203146F7F7CEFFCE
:1011D0000446002896D14FF0FF3007B0BDE8F08FED
:1011E000428903899A426AD10368002B67D14B4632
:1011F000616832460198F8F735FA48441FFA80F9D9
:1012000014212046F8F788F8002851D1D7F804E0D7
:10121000D7F808C0636839680590F868C3F804E037
:10122000C3F808C0D86019603969CBF30C001961A4
:1012300040F40050D4F804A0F7F73CF8AAF80600F0
:1012400006F1140080B2F7F735F8059A1421AAF8D0
:1012500002008AF80A208AF80B205046F7F7EEFAC7
:101260002146049AD8F81430AAF80A004046984754
:10127000144A2046138BAE1B01331383F8F7C2F8D0
:10128000029BB5B29B441FFA8BFB6DB1039E4FF4DA
:101290002072AE4228BF2E4622203146F7F766FF65
:1012A000044600289CD196E7002007B0BDE8F08FE7
:1012B0002046F8F7A7F88EE76FF005008DE70248A3
:1012C000EFF752FAAC3600202889011030B4174BE2
:1012D0001B68ABB193F83920D407F9D55107F7D57E
:1012E00059680029F4D004689D686140294204D0FF
:1012F0009207EDD4DA689442EAD1184630BC7047C0
:101300000B4B1B6853B193F8392002F00502052AF4
:1013100004D15A6812B102787F2AEED1002330BC82
:1013200004491846CA8F0132CA8770473CD0002052
:1013300038D00020AC3600202DE9F84FA74CD0F86B
:101340000480638E0133638698F800301A09042AFA
:101350000CD0F8F757F8B4F84420E38E013201338B
:10136000A4F84420E3860020BDE8F88F054603F08A
:101370000F03B8F802009E000F46F6F79BFF2B897B
:101380008146834213D86B89B34204D32B894B45E2
:1013900001D3132E13D82846F8F734F8628FE38E62
:1013A0000132013300206287E386BDE8F88F0146F1
:1013B0002846F7F76DFF6B89B342E7D2EBE731467A
:1013C0004046F7F73BFA002840F0D080D8F81020CC
:1013D000D8F80C00DFF80C9297F8393002F0F001E1
:1013E000E029C9E9040203F0010364D1002B00F0F5
:1013F0009A807B68002B00F09680002840F0B48033
:10140000BA46B8F8063023F0C0033BB12846FFF7D0
:1014100039FC05460028A6D0D0F80480C9E900A709
:10142000C9F8088098F80030394603F00F039B0094
:101430002846A9F80C30F8F76FFA0128834630D017
:1014400031462846F7F78EFF98F80930062B00F052
:10145000B280112B00F0AA80012B00F0A280BBF11A
:10146000020F1BD05146D9F8140000F0F5F968B905
:10147000D9F8143003F0F003E02B07D031462846AA
:10148000F7F78CFF02212846FFF766FAB4F84020F0
:10149000E38E01320133A4F84020E3862846F7F7B3
:1014A000B1FF0023C9E90033C9E90433C9F80830A2
:1014B000A9F80C3057E7002B41D1D2B27F2A5FD078
:1014C000474BD3F800A0BAF1000F09D158E05146BC
:1014D00000F0C2F990B9DAF800A0BAF1000F4FD0CD
:1014E0005745F8D09AF83930DB07F4D5DAF80430EC
:1014F000002BF0D0D9F814008342E8D1D9F81000BD
:1015000000283FF47EAF394600F0A6F9002841D10B
:10151000D9F8103003F0F003E02B3BD0BAF1000F04
:101520007FF46FAF04E098F80930112B15D070BB31
:10153000E38E28460133E386F7F764FF13E77B6801
:10154000002BBAD0934242D01046394600F084F9BD
:1015500000283ED1D9F81420AFE708EB06035B88DA
:10156000B3F5884FE3D14BE7BA46CCE72846F7F707
:1015700049FF228FE38E013201332287E386F2E6B0
:1015800098F80930112B1BD0D9F81000CFE74FF095
:10159000000AB8E72846F7F735FFE38E0133E38604
:1015A000E1E639462846FFF7FBF87AE73946284650
:1015B000FCF702FC75E739462846FAF75FFA70E750
:1015C00008EB06035B88B3F5884FDDD118E7BA4610
:1015D00096E7BA46D9F8100092E700BFAC36002073
:1015E0003CD00020883600202DE9F04F904685B091
:1015F0001D4604469DF838B09DF83C30109F827B14
:10160000B8F1000F62D0894609B1096809B907F13C
:101610000409012A76D1142120460193F7F77CFEB4
:10162000019B8246002864D162896668132A6CD9BE
:10163000452035727372D8F800104FEA0B2243EA46
:10164000052330700243080C86F801B01D12316189
:1016500010FA81F10A4445EA0325208912FA85F53A
:10166000F6F728FE0346DFF8B4B086F806A086F841
:1016700007A073809A46BBF80000F6F71BFED9F866
:101680000010B08015FA81F303EB11435344034477
:101690009AB202EB134303EB1343DB43F160BBF855
:1016A000001073810131ABF80010194A138E013319
:1016B00013863B8E13B122899A4212D842462146A4
:1016C00038467B69984705B0BDE8F08F012A19D1EB
:1016D0004389132B0DD943680DF10C081B69039343
:1016E000E3E7424639462046FFF7DAFC05B0BDE89D
:1016F000F08F074A6FF00100B2F844300133A2F8CE
:101700004430E0E70348EFF72FF80348EFF72CF8F1
:10171000AC3600204889011054890110CAE000202D
:101720002DE9F04F1746827B85B0012A99469DF836
:1017300038A09DF83C30109E7ED104460193002FC6
:101740005ED088461421F7F7E7FD019B8346002809
:1017500069D162896568132A71D9452185F8089095
:101760006B7243EA09223B6885F801A04FEA0A2A16
:1017700029704AEA010A190C4FEA22292B612089B3
:1017800011FA83F39A4449EA0229F6F793FD0346D6
:101790001AFA89F9DFF8BCA06B80BAF8000085F866
:1017A00006B085F807B09944F6F784FDBAF8003022
:1017B000A8800133AAF8003000EB0903B8F1000F4C
:1017C00026D0D8F8002013FA82F303EB1243EA6024
:1017D0009AB202EB134303EB1343DB436B81194AC9
:1017E000138E01331386338E13B122899A4212D895
:1017F0003A46214630467369984705B0BDE8F08FF8
:101800004389132B0FD9436803AF1B690393E6E7A2
:101810000D4A1268D7E73A4631462046FFF740FCAA
:1018200005B0BDE8F08F074A6FF00100B2F8443010
:101830000133A2F84430E0E70448EEF795FF04488E
:10184000EEF792FFAC360020D091011048890110CC
:1018500054890110CAE00020421E0332034615D805
:1018600091F8390010F002000FD04A689A420BD06C
:1018700089685A400A4207D1C84323EA0103181A6B
:10188000B0FA80F04009704700207047012070478F
:1018900070B55B4C037886B0E25C52071ED5844677
:1018A0000DF1080E05AD302B1BD0002000EB8000A1
:1018B00003EB40001CF8013F3038E25C12F0040FEB
:1018C000F4D12E2B4ED1AE4508D09CF801304EF805
:1018D000040BE25C0CF1010C5207E4D4002006B0CA
:1018E00070BD9CF8013003F0DF02582A12D00020AE
:1018F000E25C0CF1010C12F0040FE2D0A3F130060F
:10190000072EDED803EBC003A3F130001CF8013F23
:10191000E25CF0E79CF802300020E25C0CF1030C82
:1019200008E003EB0013A3F130009CF80030E25C08
:101930000CF1010C12F0040FF3D112F0440F0DD092
:1019400002F00302022A14BF4126612603F10A02B3
:10195000921B9CF8003042EA0010E8E72E2B0CF1B5
:10196000FF3CB0D00BB11307B8D502ABAEEB03030D
:101970009B100133042B40D801A252F823F000BF82
:10198000DD180110A519011095190110D9190110C0
:10199000B5190110B0F1807FA0D2029BFF2B9DD81A
:1019A00040EA036021B10191F6F788FC01990860D3
:1019B000012094E7FF2891D8029CFF2C8ED8039B2E
:1019C000FF2B8BD8049AFF2A88D81B0443EA0463B0
:1019D00043EA02231843E5E7B0F5803FBFF47EAF4A
:1019E000029AFF2A3FF67AAF039BFF2B3FF676AFB2
:1019F0001B0443EA02631843D4E70248EEF7B4FE3F
:101A0000D906051084890110438970B50E2B044650
:101A10002CD94068E37B0D4686891BB991F83C3090
:101A20000133E3730378D9070AD5012B39D0062295
:101A3000244904F0D3FE18B9637B43F008036373B1
:101A4000082E1FD0B6F5C16F10D195F839301B079D
:101A500013D50E212046F7F785FC68B31A4B598938
:101A6000DA88013101325981DA8006E0164B198A91
:101A7000DA88013101321982DA802046F7F7C2FC98
:101A8000002070BD95F839301A07F6D50E21204692
:101A9000F7F768FC0028F0D129462046FFF74CFCF8
:101AA000EEE74378002BCBD183785E2BC8D1637BE4
:101AB00043F010036373C3E729462046FEF77CFB1F
:101AC000DEE700BFDC910110AC3600202DE9F041CB
:101AD0000546BDF818000C4616461F46F6F7EAFB09
:101AE0000E2180462046F7F717FCA8B96168A1F8D7
:101AF0000C803B680B60BB888B803368C1F8063074
:101B0000B3884B8195F83830062B09D121462846F9
:101B1000AB69BDE8F04118476FF00100BDE8F08106
:101B20000148EEF721FE00BF908901102DE9F04F2A
:101B300087B00746DDE910958846002A47D016464B
:101B40009846DFF80CA1DFF80CB1059100213F4861
:101B500003F05EFC821C044621D0DAF824309D425A
:101B60000AD8DAF828204A4504D36FF0010007B0FC
:101B7000BDE8F08F9D42F8D1DBF800000268936A5F
:101B80001BB19847DBF800000268116B2B464A46F0
:101B90008847002C52DB032CD8D10020E7E73846D9
:101BA00004F0CCFF0446304604F0C8FF4FF0FF328B
:101BB0000392059A0346CDE9018221463A4623481D
:101BC000009603F07BFF0028D1D10124C5E7204E09
:101BD000DFF880A000211D4803F01AFC831C044696
:101BE00019D0736A9D4204D8B26A4A45BDD29D425B
:101BF000BBD1DAF8000003689A6A1AB19047DAF8A4
:101C000000000368196B4A462B468847002C15DBF9
:101C1000032CDFD1C1E7384604F090FF4FF0FF32CC
:101C200000230146CDE90282CDE900333A46074858
:101C300003F044FF00289AD10124D2E7033414BFF3
:101C40006FF007006FF0060091E700BFF42300205B
:101C500000000B407C230020014B1860704700BF40
:101C60007C230020034B012200211B68024803F063
:101C70006FBE00BF38180020F42300202DE9F04784
:101C800084B00746904699460C46EFF761FE05463C
:101C900038460E4604F052FF824644B3204604F014
:101CA0004DFF42460346514601924FF0FF3A002253
:101CB0001048CDE9022A00943A4603F0FFFE98B995
:101CC0004FF47A73E9FB03566FF00043AA4573EBB8
:101CD00006023CBF1E465546434622463846002172
:101CE00000950196FFF722FF04B0BDE8F087224679
:101CF0002346D8E7F423002003460A460148194644
:101D000003F014BFF4230020014B1868704700BF94
:101D10007C23002010B582B0FFF7F6FF68B10446BF
:101D2000204604F07BF9034620461C46F6F72AF8C5
:101D300084B178B1002002B010BD684604F0E0FB29
:101D400069460F4804F0E2FBB0B10D48FFF784FF8D
:101D50000B4CE5E7FFF7D8FF044604F07BF920467B
:101D6000F6F728F8064B9C4206D1236820465B6BA9
:101D700098470020FFF770FF4FF0FF3002B010BD12
:101D8000B819002008B50520EFF766FE6421030CA2
:101D900001FB03F3034A5B08A2FB03231B0A033B7B
:101DA000FDD208BD1123970838B5D0F84C48A4B12E
:101DB0002168054631B1D4E90132154804F034F800
:101DC0000023236094F90C00002813DA94F90D0025
:101DD000002803DA0023C5F84C3838BD04F060F859
:101DE00094F90D0004F046F8FF2363730023C5F84F
:101DF0004C38F2E704F054F894F90C0004F03AF887
:101E0000FF2394F90D0023730028E3DBE6E700BF0E
:101E1000E491011006232DE9F04F87B001930126CC
:101E20004FF6FF734FF0180800253F4C0296CDF88F
:101E300000808146A381C0F84C4821463B4825607C
:101E4000231D04F1080203F037FF002866D0D4E90F
:101E50000131374803F1050C826FDB01D243354F66
:101E600043EA0C3323F0C04302F030020593BA6713
:101E7000806F4FF4003BC0434FF4403A00F0010044
:101E8000B867206801EB410CD0F8687100F5005E7E
:101E9000C7F1180706FA07F7CEF83870059F00EB70
:101EA000CC0CCCF8C8B0CCF8D0A0CCF8CC70224F79
:101EB0003346CCF8DC701D22009603F0B7FE216893
:101EC000404601F12F4101F56001090D0631C9B20B
:101ED000EEF78CFB324629464046EEF7A5FB31462D
:101EE0004046EEF7B5FB4EF20101A368226803EB12
:101EF000430302EBC302C2F8D810284603F0C0FF28
:101F00002073284603F0BCFF237B40B26073184364
:101F1000030603D4284607B0BDE8F08F4846FFF714
:101F200043FF6FF00500F6E798230020E4910110CD
:101F3000008003400090034018771C242DE9F04FE7
:101F400087B016461F460391002900F01981D0F88A
:101F50004C481820216801F12F4101F56001090D5D
:101F60000631C9B2EEF742FB21681D2001F12F4175
:101F700001F56001090D0631C9B2EEF737FB012208
:101F800000211D20EEF750FB19234FF0000242EC18
:101F900040302068A168039B002F00F0F7804FF0CD
:101FA0000108002B08BF3B464FF0004CD0F800B0B2
:101FB000039308FA01F301EB41022BEA0303D4F87F
:101FC000049000EBC20E0360DEF8CC3009F1050A84
:101FD0006FF3D01343EA0A330EF5865243EAC9136E
:101FE000CEF8CC30C2F810C00023C2F810C04FF0B9
:101FF0008072CDE9002303F0E5FDD4E900311098AB
:1020000001F01F010591811BA268C900481E01460D
:10201000101D049002EB420003EBC005101D03F5F8
:10202000005A08FA00F0CAF8000046F2200002F157
:10203000080E4FEAC60C03EB820908FA0EFE0CF1FB
:10204000FF3CCAF800E0C9F810C0C5F8D80046F255
:1020500040004FF0A04BC9F810100599C5F8D80002
:10206000C5F8D81094F90C90DDE9035108FA09F08D
:102070004FEA891ECBF864040EEB0B0CDCF80C0065
:102080004001FBD44FF0010A94F90D8003954FEA0B
:10209000881C0AFA08FA0CF1A040CBF864A4824626
:1020A000039DDAF80C004001FBD40EF1A04ECEF8EF
:1020B00000500395012503F12F40DFF818A200F529
:1020C0006000000D0AEA49390AEA483A02EBC00802
:1020D00049EA4848049101EBC00010994AEA404A95
:1020E00048F080704FEA9608C8EB91090499954032
:1020F0004AF0807203EB810A0CF1A04C0AF1100146
:1021000040F01900CEF804A042F04902CEF8088051
:10211000CEF80C00CCF80010B919CCF80410CCF8AB
:102120000890CCF80C201A6815431D6094F90C2017
:10213000920102F1A04213695801FCD494F90D30C8
:102140009B0103F1A043196911F08061FBD1324674
:10215000384604F0EFFB2068A1684AF2030401EB63
:10216000410300EBC3004FF001021923C0F8D8402F
:1021700042EC4030FFF706FE002007B0BDE8F08FCC
:10218000002B7FF4E4AE6FF00400F6E7002BE4D000
:102190004FF001084FF0004C036808FA01FB01EB17
:1021A000410223EA0B03D4F8049000EBC20E036053
:1021B000DEF8CC3009EB080A6FF3D01343EA0A3398
:1021C0000EF5865243EAC913CEF8CC30C2F810C0DF
:1021D0000023C2F810C04FF08072CDE9002303F055
:1021E000F1FCD4E90031A26801F01F010491101D37
:1021F00002EB420103EBC10503F5005A08FA00F1B6
:10220000CAF8001046F2200102F1080E4FEAC60C8F
:1022100008FA0EFE0CF1FF3C03EB8209CAF800E05D
:10222000C9F810C0C5F8D81046F240014FF0A04BD5
:10223000C9F81070049FC5F8D810C5F8D87094F983
:102240000CC0039D08FA0CF14FEA8C1ECBF8641405
:102250000EEB0B07F9684901FCD40EF1A0410D60AB
:102260000395012503EB8000486003F12F4000F542
:102270006000000D02EBC0009540164AB60802EA65
:102280004C3242EA404242F0807242F019028E60C3
:10229000CA601A682A431A600B695B01FCD40122E8
:1022A000A368216818339A408A608B681342FCD077
:1022B000012300262068A16805688B4025EA0305F4
:1022C000056018220123009603F0B0FC2068A16885
:1022D00043E700BFFDFF01FC10B51720EEF720FA21
:1022E0004FF00104172044EC440000220121EEF7D6
:1022F0009BF91820EEF714FA182344EC44304FF001
:10230000000242EC40301920EEF70AFA192344EC9F
:10231000443044EC403010BD38B517254FF0000470
:1023200044EC4050142003F01DFF4FF0010343EC38
:102330004050FA2003F016FF1820EEF7F1F91823A9
:1023400044EC443038BD00BF30B5082300250E4CA6
:1023500085B004EAC22444EA0174009344F0804446
:10236000042229466B4444F00404039564BA0294A1
:10237000FFF7E4FD18B9039840BA05B030BD6FF01F
:10238000040005B030BD00BF00F8FF0F944630B523
:102390000D460422114C89B004EACC2444EA0574A9
:1023A00044F0804414430294A5F10104B4FA84F487
:1023B000640994400834002102AB0094FFF7BEFD8D
:1023C00040B9012D14BF012305230DEB8303986849
:1023D00009B030BD6FF0040009B030BD00F8FF0F48
:1023E000944630B50D46134C89B004EACC2444EA37
:1023F000057444F0804444F002040294A5F1010401
:10240000B4FA84F40422640994400834002102AB35
:102410000094FFF793FD40B9012D14BF012305235C
:102420000DEB8303986809B030BD6FF0040009B06C
:1024300030BD00BF00F8FF0F944630B50D46134C79
:1024400089B004EACC2444EA057444F0804444F0A2
:1024500001040294A5F10104B4FA84F4042264098D
:1024600094400834002102AB0094FFF767FD40B9A7
:10247000012D14BF012305230DEB8303986809B0D8
:1024800030BD6FF0040009B030BD00BF00F8FF0F91
:102490002DE9F04F5BBA04466E4DD4F84C4805EA7E
:1024A000C22545EA0175216887B001F12F4101F588
:1024B0006001090D0631182045F04042C9B242F0D2
:1024C000040252BACDE90423EEF790F821681D20EA
:1024D00001F12F4101F56001090D0631C9B2EEF796
:1024E00085F8012200211D20EEF79EF80027192310
:1024F00047EC403001254FF000462068A168D0F835
:10250000009005FA01F201EB410329EA0202D4F836
:1025100004E000EBC30C0260DCF8CC200EEB0508F5
:102520006FF3D01242EA08320CF5865342EACE121B
:10253000CCF8CC201E614FF080721E6100234FF05A
:102540003F0A46F22009CDE9002303F03BFBD4E922
:102550000031A26801F01F010391101D02F108066D
:1025600002EB420105FA06F603EBC10103F5005E3A
:1025700003EB820C05FA00FBCEF800B0CEF8006049
:10258000CCF810A0C1F8D890CCF8107046F24007F3
:102590004FF0A048039EC1F8D870C1F8D86094F9F4
:1025A0000C60B540B701C8F8645407EB0805E9684A
:1025B0004901FCD44FF0010C07F1A041022703F1BF
:1025C0002F4505F560052D0D02EBC5050CFA02FC43
:1025D000214A03EB800002EA463242EA454242F0D9
:1025E000807242F0190204AD0D6048608F60CA60CD
:1025F0001A684CEA02021A600B695B01FCD40122E2
:10260000A368216818339A408A608B681A42FCD00C
:10261000012700252068A168066807FA01F326EA69
:10262000030606603B461822009503F0FFFA4AF2C3
:102630000300A368226803EB430302EBC3031921E1
:10264000C3F8D80047EC4010FFF79CFB284607B0C2
:10265000BDE8F08F00F8FF0FFDFF01FC2DE9F04F02
:1026600004466E4DD4F84C4805EAC22545EA01758A
:10267000216845F0404501F12F4101F56001090D48
:10268000063187B0182045F00405C9B2CDE90453DE
:10269000EDF7ACFF21681D2001F12F4101F560012C
:1026A000090D0631C9B2EDF7A1FF012200211D205D
:1026B000EDF7BAFF0027192347EC403001254FF012
:1026C00000462068A168D0F8009005FA01F201EBFD
:1026D000410329EA0202D4F804E000EBC30C0260D3
:1026E000DCF8CC200EEB05086FF3D01242EA08327A
:1026F0000CF5865342EACE12CCF8CC201E614FF086
:1027000080721E6100234FF03F0A46F22009CDE996
:10271000002303F057FAD4E90031A26801F01F0149
:102720000391101D02F1080602EB420105FA06F6BC
:1027300003EBC10103F5005E03EB820C05FA00FB1D
:10274000CEF800B0CEF80060CCF810A0C1F8D89058
:10275000CCF8107046F240074FF0A048039EC1F835
:10276000D870C1F8D86094F90C60B540B701C8F8CA
:10277000645407EB0805E9684901FCD44FF0010CEB
:1027800007F1A041022703F12F4505F560052D0D46
:1027900002EBC5050CFA02FC214A03EB800002EAB9
:1027A000463242EA454242F0807242F0190204ADDC
:1027B0000D6048608F60CA601A684CEA02021A60B5
:1027C0000B695B01FCD40122A368216818339A408D
:1027D0008A608B681A42FCD0012700252068A16816
:1027E000066807FA01F326EA030606603B4618224C
:1027F000009503F01BFA4AF20300A368226803EB7A
:10280000430302EBC3031921C3F8D80047EC40107F
:10281000FFF7B8FA284607B0BDE8F08F00F8FF0FC1
:10282000FDFF01FC2DE9F04F04466E4DD4F84C48F5
:1028300005EAC22545EA0175216845F0404501F1E8
:102840002F4101F56001090D063187B0182045F0D0
:102850000205C9B2CDE90453EDF7C8FE21681D2079
:1028600001F12F4101F56001090D0631C9B2EDF703
:10287000BDFE012200211D20EDF7D6FE0027192301
:1028800047EC403001254FF000462068A168D0F8A1
:10289000009005FA01F201EB410329EA0202D4F8A3
:1028A00004E000EBC30C0260DCF8CC200EEB050862
:1028B0006FF3D01242EA08320CF5865342EACE1288
:1028C000CCF8CC201E614FF080721E6100234FF0C7
:1028D0003F0A46F22009CDE9002303F073F9D4E959
:1028E0000031A26801F01F010391101D02F10806DA
:1028F00002EB420105FA06F603EBC10103F5005EA7
:1029000003EB820C05FA00FBCEF800B0CEF80060B5
:10291000CCF810A0C1F8D890CCF8107046F240075F
:102920004FF0A048039EC1F8D870C1F8D86094F960
:102930000C60B540B701C8F8645407EB0805E968B6
:102940004901FCD44FF0010C07F1A041022703F12B
:102950002F4505F560052D0D02EBC5050CFA02FCAF
:10296000214A03EB800002EA463242EA454242F045
:10297000807242F0190204AD0D6048608F60CA6039
:102980001A684CEA02021A600B695B01FCD401224E
:10299000A368216818339A408A608B681A42FCD079
:1029A000012700252068A168066807FA01F326EAD6
:1029B000030606603B461822009503F037F94AF2F9
:1029C0000300A368226803EB430302EBC30319214E
:1029D000C3F8D80047EC4010FFF7D4F9284607B0F9
:1029E000BDE8F08F00F8FF0FFDFF01FC2DE9F04F6F
:1029F00004466E4DD4F84C4805EAC22545EA0175F7
:102A0000216845F0404501F12F4101F56001090DB4
:102A1000063187B0182045F00105C9B2CDE904534D
:102A2000EDF7E4FD21681D2001F12F4101F5600162
:102A3000090D0631C9B2EDF7D9FD012200211D2093
:102A4000EDF7F2FD0027192347EC403001254FF048
:102A500000462068A168D0F8009005FA01F201EB69
:102A6000410329EA0202D4F804E000EBC30C02603F
:102A7000DCF8CC200EEB05086FF3D01242EA0832E6
:102A80000CF5865342EACE12CCF8CC201E614FF0F2
:102A900080721E6100234FF03F0A46F22009CDE903
:102AA000002303F08FF8D4E90031A26801F01F0180
:102AB0000391101D02F1080602EB420105FA06F629
:102AC00003EBC10103F5005E03EB820C05FA00FB8A
:102AD000CEF800B0CEF80060CCF810A0C1F8D890C5
:102AE000CCF8107046F240074FF0A048039EC1F8A2
:102AF000D870C1F8D86094F90C60B540B701C8F837
:102B0000645407EB0805E9684901FCD44FF0010C57
:102B100007F1A041022703F12F4505F560052D0DB2
:102B200002EBC5050CFA02FC214A03EB800002EA25
:102B3000463242EA454242F0807242F0190204AD48
:102B40000D6048608F60CA601A684CEA02021A6021
:102B50000B695B01FCD40122A368216818339A40F9
:102B60008A608B681A42FCD0012700252068A16882
:102B7000066807FA01F326EA030606603B461822B8
:102B8000009503F053F84AF20300A368226803EBB0
:102B9000430302EBC3031921C3F8D80047EC4010EC
:102BA000FFF7F0F8284607B0BDE8F08F00F8FF0FF8
:102BB000FDFF01FCF0B50129054683B003F10300D8
:102BC0001E460F46089C20F0030023D024234FF01C
:102BD000040C174905EB8C0C01EAC221314341EA90
:102BE0000771043041F08041CCF8141004220090A9
:102BF000002128462B44FFF7A1F9074678B905F1D3
:102C00002801A14203D03246204603F021FF384676
:102C100003B0F0BD14234FF0000C1030D9E76FF073
:102C200004010448F1F748F8384603B0F0BD00BF8E
:102C300000F8FF0FC48901102DE9F04F02298BB075
:102C400003F103049A460E4605469346DDF850907C
:102C500024F003031ED0284A4AEA067602EACB2271
:102C600005F128001643484503F1040446F04046A8
:102C700032D02F465246494647F8246F03F0E8FE0B
:102C8000002322463946284614930BB0BDE8F04F86
:102C9000FFF754B940F2E7344FF00808174F039399
:102CA00004E0059B9B0623D4013C0DD304220021A4
:102CB000284604ABCDF800800497FFF73FF90028C1
:102CC000EFD0039B002CC6D10D48F0F775FF6FF0D5
:102CD00005000BB0BDE8F08F2946002322462846A8
:102CE00041F8246F14930BB0BDE8F04FFFF726B9FD
:102CF000039B002CAFD1E7E700F8FF0F0440004032
:102D0000F88B011038B5836821F4FF4424F07F0468
:102D1000A3420BD06340B3F1807F054607D213F482
:102D20007F0F0ED113F47F4F16D1AC6038BD230E48
:102D300001210D4AFFF75AFEAB68634013F47F0F81
:102D4000F0D0230C01212846084AFFF74FFEAB685C
:102D5000634013F47F4FE8D001212846044A230A38
:102D6000FFF744FEE1E700BF0C0001000B0001008B
:102D70000A000100C31C70B59D08A1F1020019D022
:102D8000012D52D023F0070CDE080B4601EB0C0E90
:102D90001C685A6843F8024CC3F8022008339E4569
:102DA000F6D1B5EB460F05D001EB0C0200EB0C039E
:102DB00012681A60D1F802200B8814BAC1F80240D8
:102DC000D1F806405BBA0B8023BAC1F80630D1F8BF
:102DD0000A30B2F18A4F1BBAC1F80A3000D070BD78
:102DE000B4F1006FFBD1B1F8AE20D1F8B240D1F808
:102DF0003E3015199D421BD801F13A0313441C447F
:102E0000A3423ED24FF0000C664604E0DD2D14D004
:102E100013449C421FD95A7802329D18AC42F7D312
:102E20001D78302DF2D11E46F2E70A460346BFE771
:102E30004FF0FF33C1F8063070BD9D78002DE7D10B
:102E4000DD78502DE4D11D79F22DE1D15D79012D90
:102E500008BF9C46DCE7331E18BF01239B00BCF172
:102E6000000F01D043F00203B1F84A20D20691F8D6
:102E7000822048BF43F0010381F88630A1F8822008
:102E800070BD0023F0E700BF2DE9F0410E46054676
:102E900001213346184AFFF7A9FD33460121284690
:102EA000154AFFF7A3FD26B34FF003084746402419
:102EB0000AE0012003F056F93346012128460E4A64
:102EC000FFF794FD013C0ED00B4A01212846FFF785
:102ED000B3FA002800EA0702EBDB4245E9D1FF28FC
:102EE000E7D0BDE8F0813146BDE8F0410348F0F796
:102EF000E3BEB0460127DAE71F000100E0890110B8
:102F00002DE9F043C37C05460F46164683B02BB926
:102F1000006802F095FB012840F09580284602F0F9
:102F200095FBAB7C2BB901212846FFF7ADFF0123B0
:102F3000AB74E97C00296ED04FF47A7402E0013C56
:102F400000F08180082200212846FFF71FFA421C6A
:102F5000F5D0C30540F1C580C0F34A235A1EB2F52F
:102F6000C06F80F0B88010F0020240F0B48005F12C
:102F70002804022128460094FFF71CFE00283FD1B8
:102F8000298D6A8D51EA020300F0AB800123EB74B6
:102F90004FF6FF7381EA020C9C4540F0A880D243B3
:102FA00092B2914240F0A0800B2940F2A78095F8A0
:102FB0002D3095F8302003F00F03022BAA7322D88E
:102FC00095F831C06A7BACEB0202D2B2142A98BFEA
:102FD00085F80DC00C291BD0012B37D0022B66D0F1
:102FE0001B2940F2978095F82F302D8A23445A8967
:102FF000954240F08C8010331C1B0C1B3C603360EE
:1030000003B0BDE8F0830C2918BF6FF00A00F7D1B8
:103010006FF00300F4E704222846FFF7E1F9DFF838
:103020000C911FFA80F8B9F800300446434502D0ED
:1030300010F0860F2DD1B8F1000F31D1A106A9F8FB
:1030400000803FF579AF4FF0FF30D9E7102964D900
:1030500095F82F202244D07802EB8002107C0432B5
:10306000141B8828A1EB04014BD1507B6C2848D15C
:10307000D07C00283FD1107D10283CD1507D1828ED
:1030800039D11846183918323960326003B0BDE8BA
:10309000F08341462248F0F70FFEB8F1000FCDD083
:1030A0004346042200212846FFF7BCFBC6E710294F
:1030B0002AD9184695F82F202244D37802EB8303AF
:1030C000043392781C1B0C1B44EAC2723A603360D2
:1030D00003B0BDE8F083012328461946114AFFF7E3
:1030E00085FC0023EB74AEE76FF0010088E70E4823
:1030F000F0F7E2FDA7E76FF0090081E76FF002004B
:103100007EE76FF008007BE76FF0060078E76FF06E
:10311000050075E76FF0040072E76FF007006FE7D6
:10312000048A01100D000100308A0110CEE0002059
:103130002DE9F04F044685B099468B46924602F041
:1031400085FAA37C2BB901212046FFF79DFE0123C0
:10315000A374A37B13B32D4EDFF8B880B76A0CE0DD
:10316000A17BED1B19B9237B627B9A421AD145459D
:1031700042D84FF47A7002F0BFFF204603AA02A99A
:10318000B56AFFF7BDFE0128EAD1DDE90201FFF7CC
:10319000F1FD0146204602F05FFAE1E7237B627B06
:1031A0009A42D8D00AF10C0189B289F8043089F822
:1031B00005B0CDF80090A9F80010C943BBF1020F8B
:1031C000A9F802104FF0000214BF0C210E21581C68
:1031D0000AF10F0389F8071089F80620A9F80820DA
:1031E000A9F80A200221207323F003032046FFF7E9
:1031F00023FD05B0BDE8F08F637B227B0448F0F728
:103200005BFD6FF0010005B0BDE8F08F00000B40E2
:103210005C8A011040420F002DE9F04F284EDFF884
:10322000AC80B76AB46A8A46E41B44459346994623
:1032300083B02CD805460FE002281FD0002803DBFE
:1032400021462048F0F738FD4FF47A7002F054FF21
:10325000B36ADB1B43451AD86946284601AAFFF723
:103260004FFE0446F8B10128E6D1DDE90001FFF781
:1032700081FD0146284602F0EFF9E5E7DDE900139C
:10328000286821F00042C90F02F08CF8DCE76FF0EB
:1032900001044B465A4651460B48F0F70DFD2046B7
:1032A00003B0BDE8F08F009B4A46994528BF1A46F7
:1032B0000C98019903F0C0FA204603B0BDE8F08FE6
:1032C00000000B40808A0110AC8A01103F420F00C1
:1032D0002DE9F041044682B008460E46904603F0C0
:1032E0002DFC0746314604F144057E1C2846324633
:1032F00003F0AEFB07F12103B3F5006F45F806803C
:103300001DD87E1D002107F1150240F20717238A00
:10331000204601339BB223821B0443F00203E36384
:10332000A66304F1280321646763FFF701FF30B946
:1033300033463A46022120460095FFF76DFF02B062
:10334000BDE8F0812DE9F047044608461D46894650
:10335000904603F0F3FB04F144072946451C42461E
:103360007819089E03F068FA2A46494638464544CB
:1033700003F06EFB05F11C03B3F5006F20D8238A20
:10338000360301339BB246EA034646F002060021AB
:10339000E66340F2071623822046A56304F1280362
:1033A00005F1100221646663FFF7C2FE40B92B46A7
:1033B0003246204608970221BDE8F047FFF72CBFB0
:1033C000BDE8F0872DE9F04700F1440582B00446DE
:1033D0000846984691460E4603F0B0FB0746314634
:1033E0007E1C3246284603F033FB0021781D07F18E
:1033F000250C05F80690AA192B184FEA182A4FEA4F
:1034000018494FEA186EBCF5006F51709170D17079
:1034100005F8008083F801A083F8029083F803E0A8
:103420001DD807F1090607F1190240F20717238A90
:10343000204601339BB223821B0443F00203E36363
:10344000A663216404F128036763FFF771FE30B9B6
:1034500033463A46022120460095FFF7DDFE02B0D2
:10346000BDE8F08770B5836821F4FF4626F07F063B
:103470009E4204460D460AD07340B3F1807F23D2AA
:1034800013F47F0F2AD113F47F4F32D1A660C5F316
:103490000E020121204642F40042FEF7CDFFA36850
:1034A0000546B3F1C05F0DD083F0C053B3F1807F08
:1034B00039D213F47F0F2BD113F47F4F20D14FF06B
:1034C000C053A360284670BD330E01211B4AFFF78D
:1034D0008DFAA368734013F47F0FD4D0330C01210D
:1034E0002046174AFFF782FAA368734013F47F4F10
:1034F000CCD001212046134A330AFFF777FAC5E7FB
:103500004FF4C013012120460E4AFFF76FFAD6E7A9
:103510004FF4C05301212046094AFFF767FAA36818
:1035200083F0C053C8E7182301212046034AFFF760
:103530005DFAA36883F0C053BBE700BF0C00010035
:103540000B0001000A0001002DE9F843866821F410
:10355000FF4727F07F07B74204460D46904699463D
:103560000BD087EA060CBCF1807F3CD21CF47F0FA5
:103570002FD11CF47F4F25D1A760C5F30E02B8F1FF
:10358000010F4B4642F4004217D001212046FFF7BD
:1035900065F8A368B3F1C05F0DD083F0C053B3F1F9
:1035A000807F3CD213F47F0F2ED113F47F4F23D1B1
:1035B0004FF0C053A360BDE8F88341462046FFF7B3
:1035C00015FAE6E7012120461A4A3B0AFFF70EFAF0
:1035D000D2E701212046184A3B0CFFF707FAA06802
:1035E00087EA000CC5E73B0E0121144AFFF7FEF9FC
:1035F000A36887EA030CB9E74FF4C0130121204602
:103600000C4AFFF7F3F9D3E74FF4C05301212046EA
:10361000094AFFF7EBF9A36883F0C053C5E7182305
:1036200001212046054AFFF7E1F9A36883F0C05362
:10363000B8E700BF0A0001000B0001000C00010008
:1036400001292DE9F0410CBF4FF438474FF44847AA
:1036500004460CBFDFF88C83DFF88C830D464146AF
:10366000FFF750FB3A4601212046FEF7E5FEA3682E
:10367000B3F1C05F10D083F0C053B3F1807F80F00E
:10368000D08013F47F0F40F0D98013F47F4F40F0C7
:10369000E3804FF0C053A36041462046FFF732FB62
:1036A0003A4601212046FEF7C7FEA3680646B3F15D
:1036B000C05F10D083F0C053B3F1807F80F0788179
:1036C00013F47F0F40F0698113F47F4F40F05D8168
:1036D0004FF0C053A360F30740F17481012D0BBF7D
:1036E0004BF208454CF20845B84EB94E20463146DB
:1036F000FFF708FB032301212A462046FFF776F94E
:10370000A368B3F1C05F10D083F0C053B3F1807FE2
:1037100080F0318113F47F0F40F0228113F47F4F4A
:1037200040F016814FF0C053A36031462046FFF7AA
:10373000E9FA2A4601212046FEF77EFEA368B3F18E
:10374000C05F10D083F0C053B3F1807F80F0F6806B
:1037500013F47F0F40F0E78013F47F4F40F0DB80DD
:103760004FF0C053A36041462046FFF7CBFA002339
:1037700001213A462046FFF739F9A368B3F1C05F4B
:1037800010D083F0C053B3F1807F80F0BA8013F47F
:103790007F0F40F0AB8013F47F4F40F09F804FF0DD
:1037A000C053A360012002F0DDFC31462046FFF744
:1037B000A9FA01232A4619462046FFF717F9A368FC
:1037C000B3F1C05F0DD083F0C053B3F1807F7BD2E3
:1037D00013F47F0F6DD113F47F4F62D14FF0C053BC
:1037E000A36031462046FFF78DFA2A460121204684
:1037F000FEF722FEA368B3F1C05F0DD083F0C05383
:10380000B3F1807F43D213F47F0F35D113F47F4F90
:103810002AD14FF0C053A3600120BDE8F04102F06F
:10382000A1BC1823012120466A4AFFF7DFF8A368EC
:1038300083F0C05313F47F0F3FF427AF4FF4C0530E
:1038400001212046644AFFF7D1F8A36883F0C053F2
:1038500013F47F4F3FF41DAF4FF4C01301212046F6
:103860005E4AFFF7C3F814E74FF4C0130121204666
:103870005A4AFFF7BBF8CCE74FF4C053012120466A
:10388000554AFFF7B3F8A36883F0C053BEE7182387
:10389000012120464F4AFFF7A9F8A36883F0C053DF
:1038A000B1E74FF4C013012120464C4AFFF79EF8C0
:1038B00094E74FF4C05301212046474AFFF796F89A
:1038C000A36883F0C05386E7182301212046414AAC
:1038D000FFF78CF8A36883F0C05379E74FF4C01367
:1038E000012120463D4AFFF781F858E74FF4C053C5
:1038F00001212046384AFFF779F8A36883F0C053C6
:1039000049E7182301212046324AFFF76FF8A368E0
:1039100083F0C0533BE74FF4C013012120462F4AE8
:10392000FFF764F81CE74FF4C053012120462A4AF0
:10393000FFF75CF8A36883F0C0530DE7182301215B
:103940002046244AFFF752F8A36883F0C053FFE6ED
:103950004FF4C01301212046204AFFF747F8E1E663
:103960004FF4C053012120461B4AFFF73FF8A368DC
:1039700083F0C053D2E6182301212046154AFFF7F1
:1039800035F8A36883F0C053C4E64FF4C013012197
:103990002046124AFFF72AF89AE64FF4C053012155
:1039A00020460D4AFFF722F8A36883F0C0538BE648
:1039B000182301212046074AFFF718F8A36883F06F
:1039C000C0537DE60648F0F7F7F887E6083410188C
:1039D000084410180C0001000B0001000A0001004F
:1039E000D48A0110003810180048101800234FF432
:1039F000807201608360828183730361C0F84C38F8
:103A0000704700BFFEF7D0B970B50446184602F102
:103A10001203B3F5006F9DF810601CD82023E386D5
:103A20000023154684F8381004F13A0C84F8393034
:103A300066B90146604602F0FFFE204604F1280305
:103A4000AA1D0221BDE87040FFF772BB614692B229
:103A5000F5F708FEF1E76FF0040070BD10B50446FD
:103A600082B06946204601AAFFF74AFA012805D02C
:103A700002280CD00130F4D102B010BDDDE9000104
:103A8000FFF778F90146204601F0E6FDE9E7DDE9B8
:103A90000013206821F00042C90F01F083FCE0E729
:103AA0002DE9F0471F4602F11C03B3F5006FDDF866
:103AB00020C02DD804464FF0000916464D08456336
:103AC000008A4FEA410808F00208013080B248EA53
:103AD0000C3C4CEA0043E36393B239462082A36373
:103AE00004F14400C4F8409002F0A6FE4946204686
:103AF00004F1280306F11002FFF71AFB50B9334610
:103B00002A46414620460897BDE8F047FFF784BBA8
:103B10006FF00400BDE8F08710B5044641B1837C26
:103B200003B910BD0021BDE810408174FFF7ACB9A6
:103B300001F08CFDA37C002BF3D101212046FFF77F
:103B4000A3F90123A37410BD0B462DE9F0410446EF
:103B5000764A1E0C03CA82B004F144056064A16475
:103B6000D8B2C3F3072100F0D68000221B0E66F303
:103B7000070263F30F2240F207174FF0140884F88E
:103B80004D1084F855100021238A04F128060133D2
:103B90009BB223821B0443F00203226584F84C008D
:103BA00084F85400E363242233462046C4E90D78A8
:103BB000A4F84E10A4F856102164FFF7B9FA30B9F2
:103BC00043463A46022120460095FFF725FB322066
:103BD00002F0C8FA402700214FF00408238A14227B
:103BE00001339BB223821B0443F00203E3632046AC
:103BF0003346C4E90D7861642164FFF799FA30B95E
:103C000043463A46022120460095FFF705FB002275
:103C100020464749FFF75CFB012220464549FFF754
:103C200057FB082220464449FFF752FB0422204656
:103C30004249FFF74DFB002220464149FFF748FB70
:103C4000404B60689B6A404A191A914266D94FF00E
:103C5000FF33E7224BF6EE707F214FF0000E40F26B
:103C600007174FF02908DFF8E4C0C4F85A30C4F849
:103C70005E30C4F86230C4F86630A4F85F0084F89F
:103C8000621084F85C20C4F86930BCE80F006064FE
:103C9000EB60BCF800306960AA602B82238A714611
:103CA00001339BB223821B0443F00203E3633922F6
:103CB00033462046C4E90D78C4F840E0FFF738FAEF
:103CC00030B943463A46022120460095FFF7A4FA50
:103CD000322002F047FA102202250021208A3346C2
:103CE000013080B2208290402843E063C4E90D5146
:103CF00020462164FFF71CFA034628B92A462946C4
:103D000020460093FFF788FA322002F02BFA0020B9
:103D100002B0BDE8F0814FF0FF322CE7C3F512335B
:103D200003F5F873184402F03DFA90E7C00405105B
:103D3000F08A0110FC8A0110048B0110148B011011
:103D4000208B011000000B40EF490200308B011066
:103D50002DE9F04104464FF0000E4FF4837614270E
:103D6000038ADFF86CC001339BB282B003821B046C
:103D7000C0E90D67C0F840E0C3630D4600F1440898
:103D8000BCE80F006064DCF80000A164E264236515
:103D9000606571462422204604F12803FFF7C8F924
:103DA00068B901463B4632462046CDF80080FFF711
:103DB00033FA38B9636C2B60B4F84830AB8002B08A
:103DC000BDE8F0816FF0010002B0BDE8F08100BFF6
:103DD000CC0405102DE9F0479E4B86B09B6A044643
:103DE00043600F46FEF716F888B9FEF775FA0A2504
:103DF000FEF792FA984E142200212046FEF7A4FA0C
:103E0000B0420DD0012002F0ADF9013DF3D193484D
:103E1000EFF7D2FE6FF00506304606B0BDE8F0873A
:103E20000022204611468E4BFEF732FB0546002845
:103E3000EDD1024601462046FEF7A8FA2946102396
:103E40001D222046FEF7D2FD01460028DFD199232E
:103E500004222046FEF7CAFD01460028D7D1BE2322
:103E600006222046FEF7DEFC0028D0D108230121DF
:103E700020467C4AFEF7BAFD0A257A4A01212046EF
:103E8000FEF7DAFA420608D4012002F06BF9013D90
:103E9000F3D17548EFF790FEBCE70023714A01218A
:103EA0002046FEF7A3FD20467049FEF72BFF4FF496
:103EB000384201212046FEF7BFFAA368B3F1C05F84
:103EC00010D083F0C053B3F1807F80F0D38213F41D
:103ED0007F0F40F0978213F47F4F40F08B824FF0BA
:103EE000C053A36020466149FEF70CFF4FF43842EF
:103EF00001212046FEF7A0FAA3680546B3F1C05F92
:103F000010D083F0C053B3F1807F80F0698213F446
:103F10007F0F40F05A8213F47F4F40F04E824FF0F3
:103F2000C053A360EB0740F15B8320465049FEF786
:103F3000E9FE4FF4484201212046FEF77DFAA368CE
:103F4000B3F1C05F10D083F0C053B3F1807F80F035
:103F5000B88213F47F0F40F0A98213F47F4F40F032
:103F60009D824FF0C053A36020464149FEF7CAFE30
:103F70004FF4484201212046FEF75EFAA368054649
:103F8000B3F1C05F10D083F0C053B3F1807F80F0F5
:103F90007B8213F47F0F40F0A68213F47F4F40F032
:103FA0009A824FF0C053A360EE0740F11D830221B7
:103FB0002046FFF745FB0323042220462D49FFF747
:103FC000C3FA0023042220462B49FFF7BDFA2B4BEE
:103FD0002B4EB3F80E23B2F5FA7F80F2AD8093F842
:103FE0000D33002B40F0A880502A40F3A580254DCA
:103FF00005F15003A3EB020802E0454500F09C8068
:1040000028460922204902F0E3FC013D0028F4D1B2
:104010000546DFF87880A6F140092E462046314655
:104020004035FEF76FFEC6F30E0209EB0500009067
:1040300040230121204642F40042FEF7FDFD0646E2
:1040400000287FF4E9AE4545E7D18046DFF840A07F
:104050003BE000BF00000B40ADBEEDFE448B011005
:10406000B30402000E000100988B011000381018F4
:1040700000481018104000184440001896FA041028
:10408000F891011053FD0410648B0110C06B030004
:10409000D001051013F47F0F3AD113F47F4F43D1B1
:1040A0004FF4F023A3600AEB08004038C5F30E027A
:1040B000009001214B46204642F40042FEF7BCFD31
:1040C00000283DD1B8F5407F3AD04546A16808F1B7
:1040D0004008B8F53A7F8CBF4FF028094FF04009EF
:1040E00005F5FF25B1F5F02F81F4F02305F2145505
:1040F000D9D0B3F1807FCDD3002301212046C74A18
:10410000FEF774FCA36883F4F02313F47F0FC4D08C
:10411000072301212046C24AFEF768FCA36883F406
:10412000F02313F47F4FBBD04FF4F06301212046FE
:10413000BC4AFEF75BFCB3E7BB48EFF73DFD69E621
:10414000BA4B04222046BA49FFF7FEF90121204666
:10415000FFF776FA2046B749FFF784F900F003032A
:10416000012B40F022812046B349FFF77BF9C507B8
:1041700000F11F814FF47A7505E0012001F0F2FF94
:10418000013D00F0258201212046AC4AFEF754F99A
:104190000006F2D5F02304222046A949FFF7D4F9FE
:1041A000202301212046A74AFEF720FC4FF47A7510
:1041B00005E0012001F0D6FF013D00F00D82002155
:1041C00008222046FEF7E2F88106F2D501219E4A38
:1041D0002046FEF731F9C3B201219B4A43F00203A6
:1041E0002046FEF703FC0823F02200212046FEF7BC
:1041F000FDFB02230121914A2046FEF7F7FB934A7B
:1042000001212046FEF718F9C20740F17B810F23F8
:1042100001218F4A2046FEF7E9FB002301218C4A49
:104220002046FEF7E3FB0121894A2046FEF704F908
:10423000042200212046FEF7D3F8C30700F16B816A
:10424000A368B3F1C05F10D083F0C053B3F1807F97
:1042500080F0B48113F47F0F40F0A58113F47F4FF9
:1042600040F099814FF0C053A36048F208520121F9
:104270002046FEF78BF8A368B3F1C05F10D083F03F
:10428000C053B3F1807F80F0748113F47F0F40F04E
:10429000658113F47F4F40F076814FF0C053A360E7
:1042A000204601F0D3F9A37C2BB901212046FEF76B
:1042B000EBFD0123A3744FF0000A4FF4767240F235
:1042C00007184FF47C796349634BC4E9142AE1640D
:1042D00003CB6064A16404F15800604902F0B8FBAC
:1042E000238A514601339BB223821B0443F002030D
:1042F000C4F840A004F1280AE3634FF480625346F7
:104300002046C4E90D8904F14405FEF711FF30B9D8
:104310004B464246022120460095FEF77DFF4FF0B6
:10432000000E4FF483784FF01309DFF844C1BCE866
:104330000F006064AA60BCF8002069602A829CF8C3
:104340000220EB60AA74228A7146013292B2228264
:104350001204E263534623222046C4E90D89C4F8BF
:1043600040E0FEF7E5FE014628B94B4642462046AE
:104370000095FEF751FF636C002B40F0BF800022D8
:1043800020463749FEF7A4FF012220463549FEF7B3
:104390009FFF002F00F0C68000253B4606222046E6
:1043A00031490095FEF7CEFF36E53048EFF704FCC3
:1043B000D9E62E48EFF700FCDCE64FF4C0130121EC
:1043C0002046184AFEF712FBA9E54FF4C05301211D
:1043D0002046134AFEF70AFBA36883F0C0539AE510
:1043E0001823012120460D4AFEF700FBA36883F045
:1043F000C0538CE54FF4C01301212046094AFEF753
:10440000F5FA6CE54FF4C05301212046044AFEF74B
:10441000EDFAA36883F0C0535DE500BF0C00010016
:104420000B0001000A000100708B0110BA0045FF6B
:10443000FCFF070008341018003810180E000100A7
:1044400024200018080001001E0001001F000100C8
:104450000F00010006100200E4040510F8FD04102E
:10446000F08A0110FC8A0110208C0110C48B01100D
:10447000F00405101823012120465D4AFEF7B6FA24
:10448000A36883F0C05322E5182301212046584A2F
:10449000FEF7ACFAA36883F0C0537AE54FF4C0137B
:1044A00001212046534AFEF7A1FA5AE54FF4C053C2
:1044B00001212046504AFEF799FAA36883F0C053C1
:1044C0004BE5182301212046494AFEF78FFAA368DD
:1044D00083F0C0533DE54FF4C01301212046454A07
:1044E000FEF784FA5DE54FF4C05301212046424AAD
:1044F000FEF77CFAA36883F0C0534EE53F48EFF720
:104500005BFB3CE7C3B2012120463D4A43F0010377
:10451000FEF76CFA7BE683B2042200212046FEF708
:1045200081F98DE6374B02AF93E803000490ADF8B4
:10453000141020463946FFF70BFC50B90299049A33
:1045400091427FF469ACBA88BDF814309A427FF486
:1045500063AC3946002001F0A1FD1DE74FF4C053C4
:1045600001212046244AFEF741FAA36883F0C05394
:104570008FE61823012120461D4AFEF737FAA3686B
:1045800083F0C05381E64FF4C01301212046194A3D
:10459000FEF72CFA81E64FF4C01301212046154A9C
:1045A000FEF724FA5EE64FF4C05301212046124A7A
:1045B000FEF71CFAA36883F0C0534FE618230121CD
:1045C00020460B4AFEF712FAA36883F0C05341E677
:1045D0000D48EFF7F1FA1DE40C48EFF7EDFA19E496
:1045E0000B48EFF7E9FAA0E40948EFF7E5FADEE453
:1045F0000C0001000A0001000B000100088C0110F2
:104600001F00010004050510D88B0110F08B01106C
:10461000D48A0110C82A28BFC822012A38BF012223
:104620002DE9F04104461E4602EB820282B00D469F
:1046300052003949FEF74CFE324620463749FEF714
:1046400047FE2046089A3649FEF742FE2046099A60
:104650003449FEF73DFE56274FF004080021238A17
:1046600004F1280601339BB223821B0443F00203AA
:104670006564E363142233462046C4E90D7821645F
:1046800004F14405FEF754FD30B943463A46022191
:1046900020460095FEF7C0FD01226E2700214FF055
:1046A0000408238A626413449BB223821B0443F0F0
:1046B0000203E36314223346204667632164C4F88F
:1046C0003880FEF735FD30B943463A460221204690
:1046D0000095FEF7A1FD0021334604278E26228A8D
:1046E0002046013292B22282120442F00202E263B8
:1046F000C4E910111422C4E90D67FEF719FD30B9A1
:104700003B463246022120460095FEF785FD0020FB
:1047100002B0BDE8F08100BF308C0110408C011068
:104720004C8C0110588C01102DE9F04F1446A9B0A3
:10473000DDF8CC808B46082210490594029304468C
:10474000FEF7C6FDB8F1000F00F0A1810C4B28F078
:1047500002029A421CD00B4B984500F018820A4B7B
:10476000984500F01982094B984540F01F820023BC
:1047700004204FF48027CDE903300DE0048B0110B5
:104780000400400002002000040000010400400179
:1047900080270023CDE90373029B402B00F20682A1
:1047A000002186264FF0040A238A04F128090133E8
:1047B0009BB223821B0443F00203E36314224B46A3
:1047C0002046C4E90D6A84F8448084F8451084F8D2
:1047D000461084F84710216404F14405FEF7A8FC54
:1047E00030B953463246022120460095FEF714FDAB
:1047F000B8F10003C24E18BF012300222046C14970
:10480000FEF7E0FD0FCE6064EB60B3884FF0000C64
:10481000AB82B3794FF0FF3EAB751F2340F2071A0E
:1048200030686960AA602861A363238A6146013306
:104830009BB223821B0443F00203E3632F224B4607
:104840002046C4F85FE0C4F85BC0C4F834A0C4F8E4
:1048500040C0FEF76DFC30B91F23524602212046AE
:104860000095FEF7D9FC41F2883300222046A64984
:10487000FEF7A8FDB8F1000F34D0A44B984531D015
:10488000012344264FF000084FF4867A029A3299A9
:1048900008A8ADF81C20ADF81E3002F0D9F80220AF
:1048A00001F060FC238A324601339BB223821B0451
:1048B00043F00203E36307A92846C4E90DA6C4F840
:1048C000408002F0C5F84B46542241462046FEF790
:1048D0002FFC38B907AB00935246334602212046DD
:1048E000FEF79AFCB7F5802F00F0168101234FF0F8
:1048F0001408002104266364238A424601339BB2D4
:1049000023821B0443F00203E36320464B46C4F8B2
:1049100034802164A663FEF70BFC30B9334642466F
:10492000022120460095FEF777FC00230021162681
:104930004FF0040884F84430238A142201339BB2D8
:1049400023821B0443F00203E36320464B46C4E981
:104950000D6884F8451084F8461084F847102164E7
:10496000FEF7E6FB30B94346324602212046009569
:10497000FEF752FC802F1BBFA7F58022B2FA82F20D
:104980000122520920466249FEF7A2FCA526002119
:104990000427039B142284F84430049B204684F8A7
:1049A0004630238AC4E90D6701339BB223821B047E
:1049B00043F00203E36384F845104B4684F8471044
:1049C0002164FEF7B5FB30B93B4632460221204652
:1049D0000095FEF721FC059E5A463146C4F828B8DA
:1049E00004F62C0002F034F8349B002B53D0422202
:1049F000002108A801F09EFF31465A4608A8CDF8CC
:104A00001CB002F025F84FF0FF330022CDE911333E
:104A1000CDE91333349B8DF8402018689B8815909E
:104A2000ADF85830359B591C06D01A46012342F484
:104A30008057ADF860701793462207A904F149002A
:104A400002F006F840F2071600214B27314B5B229B
:104A500018681B7960642B71208A4B46013080B244
:104A60002082000440F00200E063C4E90D672046A4
:104A70002164FEF75DFB30B93B46324602212046F9
:104A80000095FEF7C9FB002029B0BDE8F08F47462E
:104A9000CDE9038884E62364238A1A2201339BB27A
:104AA00023821B0443F00203E363242304F6280655
:104AB000B446C4E90D2304F6480E674610350FCFFF
:104AC00077450CF1100C45F8100C45F80C1C45F816
:104AD000082C45F8043CF0D1DCF800004B46286077
:104AE000342200212046FEF723FB0028CBD12423CB
:104AF0001A22022120460096FEF78EFBC3E700BF74
:104B0000788C0110688C0110908C01100400000159
:104B1000B48C0110B88C01100026802200210DF108
:104B20001E0001F007FF029B32991A460DF11E008C
:104B3000ADF81C3001F08CFF022001F013FB822243
:104B400020461C4907AB0096FEF7FCFB01234FF003
:104B500014083146266404266364238A42460133DE
:104B60009BB223821B0443F00203E36320464B46BF
:104B7000C4F83480A663FEF7DBFA30B93346424608
:104B8000022120460095FEF747FB0323CEE60427CB
:104B90000023CDE90373FFE5029B802B06D8002399
:104BA00004254FF48027CDE90335F9E56FF00400C3
:104BB0006AE700BFA48C0110F0B500210425A526EA
:104BC000038A83B001339BB203821B0443F00203C8
:104BD000C3631422C0E90D650164456400F1280334
:104BE0000446FEF7A5FA40B904F144072B463246C5
:104BF000022120460097FEF70FFB03B0F0BD00BF77
:104C00001A23002270B52421044600F6280582B03C
:104C100043632B460264028A8163013292B200F13F
:104C2000440100F6480C100440F002002282E063C8
:104C30001E68D3F804E09868DA68103363450E60A4
:104C4000C1F804E08860CA6001F11001F0D11B686E
:104C500034220B602046002104F12803FEF768FA95
:104C600030B924231A22022120460095FEF7D4FAF7
:104C700002B070BD2DE9F04F0446012588464FF47F
:104C8000837A00214FF0080B1E46238AA5482B4447
:104C9000406D9BB283B004F1280723821B04914628
:104CA0006064A564E36318223B462046C4E90DAB6B
:104CB000216404F14405FEF73BFA30B901465B4636
:104CC000524620460095FEF7A7FA636C002B40F091
:104CD00022813EB1944B9E420C9B00F0AB81402B55
:104CE00000F2AB81022220469049FEF7F1FA01233F
:104CF000C4E9113804F14C0318462022002101F0C8
:104D000019FE4246494601F0A3FE2822294604F135
:104D1000500001F091FD40F207184FF0000C4FF0E9
:104D20003409834B07CB60646960AA60238A6146BB
:104D300001339BB223821B0443F00203E36344224A
:104D40003B462046C4E90D89C4F840C0FEF7F0F99F
:104D500030B94B464246022120460095FEF75CFAE8
:104D600000214FF01E084FF004090E9B14226364CB
:104D7000238A204601339BB223821B0443F00203A3
:104D8000E363C4E90D893B462164FEF7D1F930B9EC
:104D90004B464246022120460095FEF73DFA334637
:104DA000012220466349FEF70DFB5F4B9E4200F057
:104DB000B68003F58003F31AB3FA83F35B0941F27B
:104DC0000202002140F207184FF0080984F8483029
:104DD000238AC4E90D8901339BB2238242EA03434B
:104DE000E363554B1822186884F8491060643B4609
:104DF000204684F84A1084F84B102164FEF798F995
:104E000030B94B464246022120460095FEF704FA8F
:104E1000C6B14A4B9E4200F01381494B26F0020274
:104E20009A4200F09380404B9E4200F00B8103F5C4
:104E300080039E4200F02B8100230122204641493D
:104E4000FEF7C0FA0121238A41F202020B446E26CA
:104E50004FF00408616400219BB2238242EA0343BD
:104E6000E36314223B46204666632164C4F838801D
:104E7000FEF75EF930B943463246022120460095DE
:104E8000FEF7CAF941F202024FF0000C4FF0160E85
:104E900040F207164FF00D082B4B03CB1B786064D4
:104EA00069602B72238A614601339BB242EA034256
:104EB0002382E2633B461D222046C4E90D68C4F804
:104EC0004DE0C4F840C0FEF733F930B943463246EE
:104ED000022120460095FEF79FF9012041F20201D0
:104EE000228A4E26024492B23B462282042741EA9D
:104EF00002420021E263606414222046666321645A
:104F0000A763FEF715F930B93B4632460221204629
:104F10000095FEF781F9002003B0BDE8F08F022371
:104F20004DE700BFB804051004000001048B011018
:104F3000C08C0110CC8C0110B48C01100200200038
:104F400004004000D88C0110FC8C01108423012245
:104F500020466249FEF736FA0C9B5FFA83F9C3F3E9
:104F600007280123A4F8463004F1480318464022DC
:104F7000002184F8449084F8458001F0DBFCDDE9F1
:104F80000C2101F065FD022001F0ECF841F2020075
:104F900000214FF486784FF04409238A54220133CC
:104FA0009BB240EA03402382E0633B462046C4E9CB
:104FB0000D892164FEF7BCF830B94B464246022108
:104FC00020460095FEF728F9454B26F480069E42C0
:104FD0007FF438AF4FF0010A45F2020C4FF0000E9B
:104FE00040F207184FF015093E4E0FCE6064EB609B
:104FF00033786960AA602B74238A714653449BB24C
:105000004CEA03422382E2633B4625222046C4E960
:105010000D89C4F855A0C4F840E0FEF789F80028CF
:105020007FF410AF4B464246022120460095FEF722
:10503000F3F807E7802B7FF655AE6FF004006BE7BF
:10504000042384E720464FF4802301222349FEF7FE
:10505000B9F90C9B80221B0A84F845300C9B002177
:1050600084F8443004F14603184601F063FCDDE99E
:105070000C2101F0EDFC022001F074F801208222E5
:1050800000902B4620461849FEF75CF9A2E720461F
:105090000122164B1149FEF795F90C9B80225FFA0D
:1050A00083F9C3F3072804F146031846002184F866
:1050B000449084F8458001F03DFCDDE90C2101F0CD
:1050C000C7FC022001F04EF8012382220093204603
:1050D0002B460549FEF736F943E700BFD88C01108F
:1050E00004000001E88C0110A48C01108000040071
:1050F000F0B500230446012740F207150C2683B0C3
:1051000084F84C1084F84D30194684F84E3084F8F9
:105110004F302364238A104A01339BB210682382E4
:105120001B0443F002036064E3631C222046C4E9CD
:105130000D56A76404F12803FDF7FAFF40B904F106
:10514000440733462A46022120460097FEF764F8BA
:10515000002003B0F0BD00BF088D0110022945D822
:10516000F0B58E460121002A4FF00002038A4FF06D
:1051700010060B4401FA0EF1C9B283B0044680F860
:105180004C1040F2071508BF11469BB20382DFF8AE
:1051900064C0B34043F00203C36380F84D2080F83D
:1051A0004E2080F84F2080F8512080F8522080F85F
:1051B00053200264C0E90D5680F8501000F14407F6
:1051C00004F12803BCE803006064A1642046114692
:1051D0002022FDF7ADFF30B933462A460221204692
:1051E0000097FEF719F8002003B0F0BD4FF0FF3034
:1051F000704700BF0C8D011008B5006800F020FA60
:10520000A0F10100B0FA80F0400908BD38B540F2C5
:10521000DC5204463A230A4D0A490286C0E90515C4
:1052200090F83B1080F8393004F132023039406A8E
:1052300000F086FB062384F83830002038BD00BF1C
:1052400049520110AD04011001220B4600B583B094
:10525000009290F83B101A89406A303900F01AFB2E
:1052600010B903B05DF804FB01460348EEF724FDD6
:105270006FF00B00F5E700BF148D01100000000077
:10528000F0B58B0103F6D4020C46054689B08618AA
:1052900079BB00226FF07F4343F27701CDE904230D
:1052A0002EA3D3E90023CDE90623294A294B0090F8
:1052B000A0F80E1904A9CDE90132304605AA06ABC3
:1052C000F3F754FD244B3046C5F80039F3F78CFE54
:1052D0003046F3F78FFE204607A9F3F755F930461D
:1052E00005F65411F9F7F4FF3046FAF70FF809B054
:1052F000F0BD7721C718164A164B303487F80F498E
:1053000087F80E19CDE901320DA5D5E9004505AAAA
:1053100004A9009006AB3046CDE904450AA5D5E9BD
:105320000045CDE90645F3F721FD0B4B3046C7F8A4
:105330000039F3F759FE3046F3F75CFE09B0F0BDD3
:10534000C0A80401FFFFFF00C0A804010808080866
:10535000091A01100D520110388D0110C0A800016A
:105360000808080800EB811038B500F6D40499B19C
:105370000B4B1B682BB100259C4203D01B68002BF4
:10538000FAD138BD2046F3F7E7FD2368656084F85D
:105390003950002BF0D138BD2046FAF7C1FAE7E7C3
:1053A0003CD000202DE9F84300EB8115064695F826
:1053B0000D09400701D4BDE8F88394B200204FF4F2
:1053C000C1728F0121469846F3F7D0FE814600282E
:1053D000F1D041462246F4F7DDF907F6D4014846FC
:1053E000D5F8E438314498470028E4D04846BDE871
:1053F000F843F4F707B800BF00EB811000F6D400C3
:10540000F3F71ABE00EB811000F6D400F3F73ABEB2
:1054100000EB811393F80D2902F00502052A06D14D
:10542000D3F8D838002B0CBF02200320704700F0BF
:1054300035BB00BFF8B51A4E35682DB10021FEF717
:105440006BFB00252846F8BD04462946FFF78AFF76
:1054500001212046FFF786FF172784F8505845ECB6
:105460004070142000F07EFE4FF0010343EC4070CA
:10547000322000F077FE29462046FEF7ABFC0546B9
:105480000028DFD104F688112046FEF761FC3222A5
:105490000448054B30601A6000F0B6FD2846F8BDA0
:1054A000EC230020AD540110F02300202A4B1B6890
:1054B000002B50D010B5294C82B02046FFF79CFE3F
:1054C000002840D194F869387BBB94F86B380BBB4B
:1054D00094F86A3883B9224B1B6823B102B0BDE847
:1054E000104000F08BBD01211C48FEF715FB02B0F7
:1054F000BDE8104000F082BD0023184884F86A38E7
:10550000FFF77EFB0123C4F85C38154B1B68002BAA
:10551000E4D1E8E70023114884F86B38FFF74CFB2F
:1055200094F86A38002BD6D0E6E70023692100936F
:105530001A4684F869380948FEF7B2FA94F86B38CD
:10554000002BC5D0E6E72046FEF788FA94F86938C4
:10555000002BBAD0E9E77047EC230020F4230020A9
:10556000F02300202DE9F04104460025182045ECE9
:1055700044002A462946EBF757F81726012747EC3F
:1055800044602A4629463046EBF74EF845EC406029
:1055900021462046FEF72AFA0322084B84F8505889
:1055A000A4F8702884F87258C4F85858C4F85C58A5
:1055B0001D60C4F86878BDE8F08100BFEC230020CE
:1055C0002DE9F8431D4F044600F086FD3B6883B388
:1055D00020460021FFF7C6FE01212046FFF7C2FE4C
:1055E0002046FEF70FFA0025182045EC44002A4615
:1055F0002946EBF719F817264FF0010848EC4460EC
:105600002A4629463046EBF70FF845EC4060214624
:105610002046FEF7EBF9032384F85058C4F8585895
:10562000C4F85C58A4F8703884F87258C4F86888D4
:105630003D60BDE8F84300F057BD00BFEC230020FB
:105640004FF050435868C0F3006070473222014B5E
:105650001A607047F023002038B5D0F8543805465A
:10566000DA070C4633D46368452B1CD0312B1ED887
:10567000DFE803F0611D1D6B1D1D7D1D1D1D1D8CB3
:105680001D1D1D1D941D1D1D1D1D1DA51D1D1D1D4B
:105690001D1D1D1D1D1D1D1D1D1D1D1D1D1D1D1D3A
:1056A0001D1DB71D1DC8D5F85838012B37D0D5F8AA
:1056B0005C3840F60162934200D038BD0123284691
:1056C000C5F85C380021BDE83840FFF795BEECF71F
:1056D0003FF9E9B9684AA2FB00208109628867485E
:1056E000EEF7EAFA6168582900F29380644B53F8A8
:1056F0002130002B00F08D8019466248EEF7DCFA6D
:10570000D4E9021294F82E305F48EEF7D5FAAAE7F2
:105710004FF47A72002301F05BFA0146DEE7A268DB
:10572000082A00F08D80D5F85C38002AC1D1022209
:10573000C5F85828BDE7A368002BB8D0032B00F0AC
:1057400089800223C5F85C3838BDA368002B52D18C
:10575000D5F85C3803F00F02042A04BF23F00F03CE
:1057600043F0010343F40073C5F85C38A1E7A36874
:10577000002B9CD1E368022B99D10123434885F883
:10578000693800F041FCD5F85C3892E700212846E2
:10579000FFF738FE0023C5F85C3838BDA368002B3E
:1057A00085D1638894F82E10DB0758D500295CD189
:1057B000D5F85C3843F48063C5F85C3879E7A368B2
:1057C000002B7FF474AFE368082B7FF470AF40F2D6
:1057D00001132E48A5F86A3800F016FCD5F85C389D
:1057E00067E7A368043B062B08D8DFE803F0160739
:1057F000220716071600062B3FF459AF0423C5F8FD
:105800005C3838BD01232148A5F86A3800F0FCFB5C
:105810004DE71F48EEF750FA72E7E3680F2BEDD122
:1058200001231A4885F86A3800F0EEFBD5F85C3899
:105830003FE7D5F85C3843F40063C5F85C3838E7D7
:10584000D5F86438D5F8600804F130019847D5F8E8
:105850005C382EE7E268002A7FF473AFCFE7284672
:10586000FFF7D0FDD5F85C3823E72846FFF7C4FDE5
:10587000D5F85C381DE700BFD34D6210408D011094
:105880003C050510548D01105C8D0110AD540110C4
:10589000588D01102DE9F04FDFF8A0A083B0044629
:1058A0000E46174698469DF8309000F015FCDAF841
:1058B000005095B100212046FEF72EF943463A46A6
:1058C00031462046CDF80090FEF79EF8054600F0E0
:1058D0000BFC284603B0BDE8F08F29462046FFF7B1
:1058E00041FD01212046FFF73DFD4FF0170B84F8E5
:1058F000505845EC40B0142000F034FC4FF0010348
:1059000043EC40B0322000F02DFC29462046FEF743
:1059100061FA05460028DAD1204604F68811FEF720
:1059200017FA32220348044BCAF800001A6000F04C
:105930006BFBC3E7AD540110F0230020EC230020E3
:1059400008B50020114600F0BDFB002008BD00BFD7
:10595000F0B5164685B004460D461F4600F0BCFB68
:1059600076B194F8503823B3012D58D094F85038BC
:105970002B41DB073FD505B0BDE8F04000F0B4BBDC
:10598000012DF8D100F0A8FB2046FFF753FD01469A
:1059900010B92046FFF7ACFB00F0A6FB94F8503896
:1059A00023F0020384F8503805B0BDE8F04000F061
:1059B0009BBB00F091FB2046FFF73CFD002856D131
:1059C00039462046FEF7C0F8064600F08DFB002E53
:1059D000D1D100F081FB2046FFF72CFD40B9012317
:1059E0000A26142202212046CDE90036FEF712FED7
:1059F00000F07AFBB8E729462046FFF7B3FC2946BA
:105A00002046FFF73DFC012294F85038AA4013438A
:105A100084F8503805B0BDE8F04000F065BB00F0F8
:105A20005BFB2046FFF706FD88B994F8701804F672
:105A3000930294F87258D4F86C38CDE901212046CD
:105A400094F8711804F673020095FFF713F900F04B
:105A50004BFB94F850389A0710D500F03DFB2046D8
:105A6000FFF7E8FC18B901212046FFF741FB00F0E1
:105A70003BFB05B0BDE8F04000F036BB01212046FD
:105A8000FFF770FC01212046FFF7FAFB94F850382D
:105A900043F0020384F85038DFE700BF31B9D0F893
:105AA0005C3803F00F03013B032B01D90020704742
:105AB000014A52F8230070472C0505102DE9F041EA
:105AC000054684B098460E46174600F005FB95F84B
:105AD0005038DB0725D52846FFF7ACFC044678B9DB
:105AE0000D9C434603940C9C3A4602940B9C314611
:105AF00001940A9C28460094FEF716FE044628B13D
:105B000000F0F2FA204604B0BDE8F0810B9B23B907
:105B100040F60103C5F85C38F2E70123C5F85C38AC
:105B2000EEE700F0E1FA6FF00304EBE72DE9F8434C
:105B3000214E04468846174600F0CEFA356875B106
:105B400000212046FDF7E8FF3A4641462046FFF790
:105B500005FB054600F0C8FA2846BDE8F88329464B
:105B60002046FFF7FFFB01212046FFF7FBFB4FF02C
:105B7000170984F8505845EC4090142000F0F2FAD0
:105B80004FF0010343EC4090322000F0EBFA29463D
:105B90002046FEF71FF905460028DBD1204604F613
:105BA0008811FEF7D5F83222044B05481A603060A0
:105BB00000F02AFAC8E700BFEC230020F023002001
:105BC000AD5401102DE9F0434FF4003401EB410EC8
:105BD00000EBCE03079D00EBCE0E03F54353DEF83A
:105BE000DC904F00DEF8CC80DC60B5B14EF2800670
:105BF00095FAA5F3B3FA83F322FA03F405F1FF3C17
:105C00005B0104F0010443F08063344315EA0C05A2
:105C1000CEF8DC30CEF8D840EAD10F4400EBC70014
:105C2000C0F8DC90C0F8CC80BDE8F0832DE9F041ED
:105C3000D0F868419DF81860121B1F2A38D84EF220
:105C40009F044EF280054FF4003801EB410C002E0A
:105C500018BF254600EBCC0404F5435400EBCC0CF4
:105C6000052BDCF8DC704FEA410EDCF8CC60C4F8A0
:105C70000C800CD95401053B44F0A0540532052B8F
:105C8000CCF8DC4002F01F02CCF8D850F2D87144B6
:105C900000EBC1010020520142EA8363C1F8DC300D
:105CA000C1F8D850C1F8DC70C1F8CC60BDE8F08113
:105CB0006FF00400FAE700BF2DE9F04F81460E4671
:105CC000934687B0534D544FDFF8588102932C0D03
:105CD000A4F20254A4003560224600214F480097E8
:105CE000E31CEAF7A1FDA04203DB001B44B2002C39
:105CF00009DAA5F580154545E9D10023184633603A
:105D000007B0BDE8F08FEAF747FD012199F804A03C
:105D1000D6F800C001FA0AF1DCF868314B1E99F997
:105D2000052003930CF12F433D4903F560031B0D40
:105D3000002A51F823E005930490CAF120034FDBB9
:105D400093423FDB039B934013EA0E0F3AD1DCF8FA
:105D50006831104699F807208BB3D30731D4039AE2
:105D600082401EEA020F2CD159465346E346DDF825
:105D700008A08C46D9F8005083B1064605EB4303D2
:105D800035F8021B06F11207B1F5005F38BF09189C
:105D90009D424BF8271006F10106F1D1204B0599E1
:105DA000CCF800404EEA0202CAF80000049843F81A
:105DB0002120EAF703FD012007B0BDE8F08F51076D
:105DC000CDD50498EAF7FAFC3168144801F12F4167
:105DD00001F56001090D04EB8101EAF765FD88E733
:105DE000002BEEDB039901E05A1CEAD001FA03F222
:105DF00012EA0E0F184603F1FF33F5D1DCF86821E3
:105E000099F80730039112B95B07A8D5D9E7DA07EB
:105E1000A5D5D6E700004050088E0110B823002019
:105E2000B01F0020000010504FF0010C70B50C4660
:105E30001646017904F12F440CFA01F5013D9D400D
:105E400004F56004EAF7A8FC084A240D52F824304F
:105E500023EA050342F82430EAF7B0FC06EB84019C
:105E60000348BDE87040EAF71FBD00BFB01F002027
:105E7000B823002001460148EAF716BDC8E000201B
:105E800010B5054C82B001460F2300220094034850
:105E9000EAF7CAFC02B010BD2C8E0110C8E0002049
:105EA0004FF0A04C0121820102EB0C0370B41E697B
:105EB0000D4D81400D4C1A4686EA403010330540A6
:105EC00003F580531D60C4F80414C4F81414C4F816
:105ED0002414C4F83414CCF86414D3685B01FCD4E3
:105EE00070BCCCF80014704701E001000030005095
:105EF000036801495B6A18473C18002008B5402236
:105F00004FF080700649EAF7D7FB012202211820E2
:105F1000EAF7AEFB01211520EAF73EFD002008BD9F
:105F2000455F011008B5002202211820EAF7A0FB06
:105F30004FF080700249EAF7E1FB002008BD00BF86
:105F4000455F01104FF050431B6823B10B4BDB6BD7
:105F50009B0704D470470A4BDB6B9B07FAD50221E1
:105F6000182010B50022EAF783FBBDE81040054B6E
:105F70000549186803685B6A184700BF90820240B1
:105F800048820240E82300203C180020184B1B6880
:105F900063B370B5174D04462A680AB1013A2A6006
:105FA00098472B6833B923682046BDE870409B6949
:105FB00011491847EBF7CCFC4CF250334FF0FF354A
:105FC000C3186FF0004041F100019D4270EB010CDD
:105FD0003CBF2B46014625682046074A6C69C2E94A
:105FE00002312346BDE8704003491847704700BF9F
:105FF000EC230020F0230020501800200122022171
:106000001820EAF735BB00BF024B03491868036844
:106010005B6A1847E82300203C18002010B50446AE
:106020000848FFF79FFA23680748002204600749E1
:1060300020461B699847236820460549DB69984735
:10604000012010BDF4230020E8230020FD5E011094
:106050003C18002038B50C4D2B68A3B104460368EA
:106060000A499B699847236809491B6A2046984753
:10607000236800221B690749204698470648FFF716
:106080009FFA00232B6038BDE82300205018002021
:106090003C180020255F0110F423002010B50C46A9
:1060A00082B06846EEF7F0F8DDF80230BDF8062061
:1060B00023602378A28023F0010343F002032370BE
:1060C00002B010BD034BD3F888090860B3F88C39CF
:1060D0008B807047F4230020024B186803685B68CC
:1060E000184700BFE8230020024B186803689B682C
:1060F000184700BFE823002070B50446EFF305837E
:10610000DBB2174A1568ABB9EBF722FC4FF0FF3E44
:106110006FF0004C021941F1000396457CEB03013E
:10612000296838BF72462846BDE8704038BF6346CC
:10613000096B0847EBF70CFC4FF0FF3E6FF0004C8B
:10614000021941F1000396457CEB0301296838BF31
:1061500072462846BDE8704038BF6346C96A0847A2
:10616000E82300200E4B70B51D680446EBF7F0FBEA
:106170000B4602464FF47A704FF0FF3E6FF0004C32
:10618000E4FB002396457CEB0301296838BF724687
:106190002846BDE8704038BF6346C96A084700BF5B
:1061A000E82300200C4B70B51D680446EBF7D0FBCC
:1061B0004FF0FF3E6FF0004C221841F1000396456E
:1061C0007CEB0301296838BF72462846BDE8704061
:1061D00038BF6346C96A0847E8230020303000F022
:1061E0000FBD00BF002310B50C4691F8440081F8A4
:1061F0004530EAF7F7FB04F1380000F011FD00200C
:10620000002110BD012310B504460B7290F8440024
:10621000EAF7E8FB04F13800BDE8104000F000BDEB
:106220002DE9F04F4FF0010A00260446264BDFF817
:106230009C9085B0D3E900872046F1F725FE0546FE
:106240008B46EBF785FB281A6BEB0101012871F1F6
:106250000001F1DBBB4508BF454526D094F8453029
:1062600043B1D4E90A23AA1A6BEB0303012A73F1A1
:1062700000031DDA236C002B03DD216C206AEBF791
:10628000D5F9C4E90A5B206A84F845A05B462A4632
:10629000CDE90146CDF80090EBF7F6F82064236CC9
:1062A000002B05DC84F84560C6E7236C002B02DC7C
:1062B00005B0BDE8F08F216C206AEBF7B7F9002339
:1062C000236405B0BDE8F08F708E0110E561011008
:1062D000F8B51646044600F1300738460D4600F082
:1062E0008FFC3046A84794F835300546012B04D082
:1062F000384600F081FC2846F8BD2046FFF790FFA5
:10630000384600F079FC2846F8BD00BF38B5044691
:1063100090F84400A8B9236C002B03DD216C206A9F
:10632000EBF784F904F13005284600F069FC2846B3
:1063300000F062FC2046BDE838404822002100F011
:10634000F9BA0021EAF728FB064994F84400EAF775
:1063500089FC94F84400EAF7F1FD002384F8443006
:10636000D9E700BF6963011038B5EFF30583DBB2ED
:106370000C4A3E3B52F823407CB104F13005002129
:10638000284600F041FC40B194F83530012B05D08F
:106390002846BDE8384000F02FBC38BD2046FFF746
:1063A0003FFFF5E780230020383000F035BC00BF08
:1063B00010461946EFF30583DBB20BB1EBF7D2BA07
:1063C000EBF776B908B590F8353043B14FF050434C
:1063D00090F9342093F900309A4200D108BD014869
:1063E000EAF7C2F94C8E011010B590F8353004462A
:1063F000012B05D004F13000BDE8104000F0FCBBDB
:10640000FFF70EFF04F13000BDE8104000F0F4BBD0
:1064100070B504460D4600F13006304600F0F0FB42
:1064200029462046F1F720FD94F835300546012B2A
:1064300004D0304600F0E0FB284670BD2046FFF750
:10644000EFFE304600F0D8FB284670BD70B504461C
:106450000D4600F13006304600F0D2FB29462046BA
:10646000F1F7F2FC94F835300546012B04D03046A4
:1064700000F0C2FB284670BD2046FFF7D1FE304633
:1064800000F0BAFB284670BD70B504460D4600F119
:106490003006304600F0B4FB29462046F1F7C4FC34
:1064A00094F835300546012B04D0304600F0A4FBAB
:1064B000284670BD2046FFF7B3FE304600F09CFB37
:1064C000284670BD70B504460D4600F130063046D2
:1064D00000F096FB29462046F1F794FC94F83530FD
:1064E0000546012B04D0304600F086FB284670BDDF
:1064F0002046FFF795FE304600F07EFB284670BD33
:10650000FF21002201704260704700BF38B544226D
:1065100004460D460430002100F00CFA4FF05043C1
:1065200003221B681949A37668682160228348B357
:1065300001222062114604F13800EAF71BFD04F144
:106540003000EAF761FD00202D78EAF7FFFC002813
:1065500016DB0F4BA0F12E0284F844000D49C0B2A7
:1065600043F82240EAF75AFA94F844000121EAF786
:1065700013FA94F844002946EAF76EFC012038BD6E
:10658000002038BDEAF77CFFD2E700BFA006051067
:106590008023002069630110012307480749084A46
:1065A00003600B609368D907FCD50123054A13608B
:1065B0001368DB05FCD57047002002400030024024
:1065C0000000024000000A4008B500F0FDFA80F02B
:1065D0000100C0B208BD00BF2DE9F04F81468E46D4
:1065E0006D4875461EF801BB10F80B4014F0080406
:1065F000F7D1BBF12D0F23F010075DD0BBF12B0FAE
:1066000010D0AFB9BBF1300F00F08D80002B00F03F
:10661000858010236FF078460F27984600246FF08E
:10662000004A0DE09EF800B005F1020E002F60D088
:106630006FF000479846B7FBF3F6BA4603FB1677B0
:10664000002528460EE0ABF1370C9C451DDA0135DC
:1066500004D0B04202D822D1BC4520DD4FF0FF3536
:106660001EF801BBABF1300CBCF1090FEDD9ABF159
:10667000410CBCF1190FE6D9ABF1610CBCF1190F5B
:1066800003D8ABF1570C9C45E1DB6B1C0BD004B17C
:10669000404212B1002D57D11160BDE8F08F08FBC8
:1066A00000C00125DCE72223C9F80030002A4DD0C4
:1066B0000EF1FF315046EFE79EF800B005F1020EF3
:1066C00067B9BBF1300F44D0002B50D10A23334EB1
:1066D0000827012498464FF0004AB1E74FF0004ADE
:1066E00098460124BAFBF3F603FB06F7AAEB07076B
:1066F000A6E7BBF1300F89D1A87800F0DF00582859
:106700001ED1102395F803B005F1040E98466FF0E2
:106710000047B7FBF8F608FB16777FE70A231F4E02
:10672000072798467AE79EF8000000F0DF00582817
:1067300006D110239EF801B005F1030E9846E6E756
:1067400023BB08239846E2E78246B1E75046BDE8FE
:10675000F08FA87800F0DF00582810D0CBB11023BC
:1067600098464FF0004A0124BAFBF8F668E7102378
:106770004FF0006601244FF0004A984660E710236E
:1067800095F803B005F1040E9846EAE71023984601
:10679000BDE708239846E4E7D9060510CCCCCC0C1D
:1067A000242A134610B509D8012A07D0064C0A46F8
:1067B00001462068BDE81040FFF70EBF00F042F927
:1067C00016230360002010BD68180020024B03440C
:1067D000587800F008007047D8060510032A30B436
:1067E00012D941EA000484460B46A40721D1194678
:1067F000604653F8044B5CF8045BA54219D1043A97
:10680000032AF4D860461946541E7AB1431E013952
:10681000021901E09A4209D013F8010F11F801CFD3
:106820006045F7D0A0EB0C0030BC7047002030BCB6
:106830007047541EEAE700BF88420DD98B18834287
:106840000AD900EB020C5AB3624613F801CD994203
:1068500002F801CDF9D170470F2A0DD802F1FF3CA3
:10686000F2B10CF1010C431E8C4411F8012B61456F
:1068700003F8012FF9D1704740EA01039B07F0B5F7
:106880000C460ED002F1FF3C03460CF1010C013B1B
:106890008C4411F8012B614503F8012FF9D1F0BDAB
:1068A0007047A2F1100501F1200E01F1100300F173
:1068B000100C25F00F05AE4453F8106C10330CF19A
:1068C000100C4CF8206C53F81C6C4CF81C6C53F8F2
:1068D000186C73454CF8186C53F8146C4CF8146C25
:1068E000EAD101EB050C12F00C0F05440CF110017C
:1068F00005F1100302F00F050E4618D0043DA0EB81
:10690000040E25F00304A4440CF1140C0F6801EBF1
:106910000E0504312F606145F8D1043402F0030202
:10692000A119234402F1FF3C002AAED1F0BD2A4652
:10693000F8E700BF830730B546D08418844604E0EA
:1069400003F8011B9D0704D09C46A4456346F7D17C
:1069500030BD013A0244A2EB0C02032A29D9CCB281
:106960000F2A04EB042404EB04442FD9A2F1100CE9
:1069700003F110052CF00F0CAC44C3E90044C3E94B
:10698000024410336345F8D112F00C0F02F00F0EE1
:1069900018D02EF0030CAEF104051A469C4442F8C0
:1069A000044B6245FBD125F0030404330EF00302CF
:1069B0002344002ACCD0C9B21A4403F8011B9342E5
:1069C000FBD130BD7246F4E70346C6E79646E0E7E2
:1069D00082B30B4630B540EA01048646A40717D1BE
:1069E000032A07D814E0043A22D01CF0803F1FD1BC
:1069F000032A23D9DEF80040194653F8045B704699
:106A0000A4F1013C0EF1040EAC422CEA040CEAD0D5
:106A10000378013A0C78A3420ED1024406E03BB160
:106A200010F8013F11F8014FA34205D19042F6D171
:106A3000002030BD10467047181B30BD7046194607
:106A4000E6E700BF014B1868704700BF68180020D8
:106A5000844641EA000313F0030349D1403A23D3AB
:106A60000B6803604B6843608B688360CB68C360CE
:106A70000B6903614B6943618B698361CB69C361B6
:106A80000B6A03624B6A43628B6A8362CB6AC3629E
:106A90000B6B03634B6B43638B6B8363CB6BC36386
:106AA00040304031403ADBD230320BD30B680360C8
:106AB0004B6843608B688360CB68C36010301031D3
:106AC000103AF3D20C3205D351F8043B40F8043BA2
:106AD000043AF9D2043208D0D2071CBF11F8013BA6
:106AE00000F8013B01D30B8803806046704700BF6C
:106AF000082A13D38B07B1D010F00303AED0C3F133
:106B00000403D21ADB071CBF11F8013B00F8013B5C
:106B1000A4D331F8023B20F8023B9FE7043AD9D3D3
:106B2000013A11F8013B00F8013BF9D20B780370F0
:106B30004B7843708B7883706046704720F0030178
:106B400010F00300C0F1000051F8043B00F1040C08
:106B50004FEACC0C6FF000021CBF22FA0CF2134378
:106B60004FF0010C4CEA0C2C4CEA0C4CA3EB0C0241
:106B700022EA030212EACC1204BF51F8043B0430AB
:106B8000F4D0C2F1000102EA0102B2FA82F2C2F1CB
:106B90001F0200EBD2007047F8B500BF00000000F4
:106BA0005FF800F0910C00205FF800F0E103002096
:106BB0005FF800F0690C00205FF800F0090D00207C
:106BC0005FF800F0ED1200205FF800F0CD0F00201C
:106BD0005FF800F09D1300205FF800F0190400201A
:106BE0005FF800F0A50400205FF800F0C50C00205D
:106BF0005FF800F0790300205FF800F055040020F2
:106C00005FF800F0D90100205FF800F0B502002025
:106C10005FF800F0650200205FF800F0210100201D
:106C20005FF800F0850100206D1D0010E11C0010D0
:106C3000151D0010011E00104D1D0010651C0010D8
:106C4000951D0010511C0010A10F0010991D00107F
:106C500081130010B11C0010811D0010311D0010A7
:106C6000310900105909001059420010110200109A
:106C700053746174757320646120726571756973F2
:106C80006963616F204D5154543A2025640A000015
:106C90004D656E736167656D2072656365626964D9
:106CA00061206E6F20746F7069636F3A2025730ADC
:106CB000000000005061796C6F616420696E76613C
:106CC0006C69646F3A2074616D616E686F206578DD
:106CD00063656469646F00004E6F766F20696E743F
:106CE000657276616C6F20646F204C45443A2025B4
:106CF0006C6420730A0000004C4544206465736C8A
:106D0000696761646F3B207061796C6F61642072A8
:106D10006563656269646F3A2025730A00000000AC
:106D2000436C69656E7465204D51545420636F6ED9
:106D300065637461646F20636F6D20737461747533
:106D4000733A2025640A0000436F6E6578616F20F6
:106D50004D51545420616365697461002F706564FE
:106D6000726F5F636F656C686F2F3234303032350D
:106D70003730332F6C656400496E73637269746FCA
:106D800020656D2025730A0046616C686120616F83
:106D900020617373696E6172202573202865727299
:106DA0006F202564290A000046616C686120616FCC
:106DB00020696E696369616C697A61722057692D17
:106DC00046690000436F6E656374616E646F206195
:106DD0006F2057692D46692E2E2E000053454E48D0
:106DE0004100000052454445000000004572726FAA
:106DF00020616F20636F6E6563746172206E6F2017
:106E000057692D466900000057692D466920636F58
:106E10006E65637461646F0033342E3234332E3206
:106E200031372E353400000046616C686120616F97
:106E300020637269617220636C69656E7465204DB0
:106E40005154540046616C6861206E612072657116
:106E50007569736963616F20646520636F6E65781F
:106E6000616F204D5154543A2025640A00000000FF
:106E7000252E3266000000002F706564726F5F631C
:106E80006F656C686F2F3234303032353730332FC6
:106E900074656D70657261747572610054656D70B2
:106EA00065726174757261207075626C696361648A
:106EB0006120656D2025733A20257320430A000068
:106EC00046616C686120616F207075626C696361F6
:106ED000722074656D7065726174757261202865C9
:106EE00072726F202564290A000000004D5154542D
:106EF0002061696E6461206E616F20636F6E6563EF
:106F00007461646F3B207075626C69736820696797
:106F10006E6F7261646F00000A2A2A2A2050414E67
:106F20004943202A2A2A0A004E6F207370696E6C2A
:106F30006F636B732061726520617661696C616259
:106F40006C6500004E6F2075736572204952517355
:106F50002061726520617661696C61626C65000018
:106F6000486172647761726520616C61726D202581
:106F70006420616C726561647920636C61696D6520
:106F8000640000004861726420617373657274006C
:106F900052656C6561736500626F6F74325F773242
:106FA0003571303830000000302E3100322E322E54
:106FB000300000007069636F325F7700417469765A
:106FC00069646164650000004D61792032342032CB
:106FD00030323600666E692B00000000666E690074
:106FE0006E616E00666E692D0000000055534220F0
:106FF000737464696E202F207374646F757400005D
:1070000052617370626572727920506900000000ED
:107010005069636F00000000426F61726420434456
:10702000430000005265736574000000556E68618E
:107030006E646C65642049525120307825780A00CE
:10704000657020253032582077617320616C72653D
:1070500061647920617661696C61626C6500000031
:1070600043616E277420636F6E74696E7565207856
:10707000666572206F6E20696E6163746976652043
:1070800065702025303258006D7174745F636C6FC9
:1070900073653A20636C69656E7420213D204E55FE
:1070A0004C4C00006D7174745F6379636C69635F4D
:1070B00074696D65723A20636C69656E7420213D58
:1070C000204E554C4C0000006D7174745F72696EF7
:1070D000676275665F616476616E63655F6765743C
:1070E0005F6964783A206C656E203C204D515454A1
:1070F0005F4F55545055545F52494E474255465F75
:1071000053495A450000000066697865645F686409
:10711000725F6C656E203C3D20636C69656E742DFA
:107120003E6D73675F696478000000006D71747470
:107130005F7463705F726563765F63623A20636C4D
:1071400069656E7420213D204E554C4C00000000B6
:107150006D7174745F7463705F726563765F636290
:107160003A20636C69656E742D3E636F6E6E203DD0
:107170003D207063620000006D7174745F74637011
:107180005F6572725F63623A20636C69656E74203A
:10719000213D204E554C4C006D7174745F707562CA
:1071A0006C6973683A20636C69656E7420213D20B8
:1071B0004E554C4C000000006D7174745F70756228
:1071C0006C6973683A20746F70696320213D204EAA
:1071D000554C4C006D7174745F617070656E645FC6
:1071E000726571756573743A2074696D655F626567
:1071F000666F7265203C3D204D5154545F5245519D
:107200005F54494D454F5554000000006D71747432
:107210005F7375625F756E7375623A20636C696542
:107220006E7420213D204E554C4C00006D717474DD
:107230005F7375625F756E7375623A20746F706903
:107240006320213D204E554C4C0000006D7174743C
:107250005F7375625F756E7375623A20716F73202C
:107260003C2033006D7174745F7365745F696E7078
:1072700075625F63616C6C6261636B3A20636C6919
:10728000656E7420213D204E554C4C006D71747418
:107290005F636C69656E745F636F6E6E6563743A8D
:1072A00020636C69656E7420213D204E554C4C0066
:1072B0006D7174745F636C69656E745F636F6E6E1D
:1072C0006563743A2069705F6164647220213D20B7
:1072D0004E554C4C000000006D7174745F636C6916
:1072E000656E745F636F6E6E6563743A20636C697C
:1072F000656E745F696E666F20213D204E554C4C63
:10730000000000006D7174745F636C69656E745F7A
:10731000636F6E6E6563743A20636C69656E745F4B
:10732000696E666F2D3E636C69656E745F6964207B
:10733000213D204E554C4C00646E7320736572766F
:107340006572206F7574206F6620617272617900BA
:10735000756E6B6E6F776E20646E735F7461626CB6
:107360006520656E7472792073746174653A0000EB
:107370006D656D5F667265653A2073616E697479DB
:1073800020636865636B20616C69676E6D656E7400
:10739000000000006D656D5F667265653A20696C7E
:1073A0006C6567616C206D656D6F7279000000001F
:1073B0006D656D5F667265653A20696C6C656761C5
:1073C0006C206D656D6F72793A20646F75626C65C3
:1073D00020667265650000006D656D5F66726565AB
:1073E0003A20696C6C6567616C206D656D6F7279B0
:1073F0003A206E6F6E2D6C696E6B65643A20646F17
:1074000075626C652066726565000000706C75675A
:107410005F686F6C65733A206D656D203C2072610A
:107420006D5F656E640000006D656D5F7472696DFF
:107430003A206C6567616C206D656D6F7279000034
:107440006D656D5F7472696D2063616E206F6E6C27
:107450007920736872696E6B206D656D6F7279004B
:10746000696E76616C6964206E65787420707472E0
:10747000000000006D656D5F6D616C6C6F633A209C
:10748000616C6C6F6361746564206D656D6F72799A
:10749000206E6F742061626F76652072616D5F652A
:1074A0006E642E006D656D5F6D616C6C6F633A206C
:1074B000616C6C6F6361746564206D656D6F72796A
:1074C0002070726F7065726C7920616C69676E658F
:1074D000642E0000696E76616C696420706F6F6C59
:1074E00020646573630000006D656D705F6D616C95
:1074F0006C6F633A206D656D702070726F7065728D
:107500006C7920616C69676E656400006D656D70F3
:107510005F667265653A206D656D2070726F70658B
:10752000726C7920616C69676E656400696E766162
:107530006C696420706F696E746572006E65746941
:107540006620616C726561647920616464656400C1
:10755000746F6F206D616E79206E65746966732C2F
:10756000206D61782E20737570706F727465642061
:107570006E756D62657220697320323535000000CA
:10758000706275665F667265653A20702D3E726541
:1075900066203E2030000000696E76616C696420D0
:1075A000706275662074797065000000706275669F
:1075B0005F616C6C6F633A206572726F6E656F7598
:1075C0007320747970650000706275665F72656122
:1075D0006C6C6F633A207020213D204E554C4C005E
:1075E000706275665F7265616C6C6F633A207120C2
:1075F000213D204E554C4C006D656D5F7472696D78
:107600002072657475726E65642072203D3D204E57
:10761000554C4C006D656D5F7472696D20726574B8
:1076200075726E6564207220213D2071000000009B
:107630007020213D204E554C4C0000007062756654
:1076400020726566206F766572666C6F7700000049
:107650004372656174696E6720616E20696E666948
:107660006E697465206C6F6F70000000702D3E7441
:107670006F745F6C656E203D3D20702D3E6C656EB5
:1076800020286F66206C61737420706275662069B3
:107690006E20636861696E29000000006F66667382
:1076A00065745F746F203C3D20705F746F2D3E6C7D
:1076B000656E00006F66667365745F66726F6D203D
:1076C0003C3D20705F66726F6D2D3E6C656E0000F4
:1076D000706275665F74616B653A20696E76616C85
:1076E0006964207062756600646964206E6F74203E
:1076F000636F707920616C6C2064617461000000BC
:10770000706275665F636F7079206661696C65642D
:1077100000000000726177207063622072656376FA
:107720002063616C6C6261636B20616C746572656F
:10773000642070627566207061796C6F616420707E
:107740006F696E74657220776974686F75742065EF
:107750006174696E67207061636B6574000000007E
:1077600070636220213D204E554C4C007463705F65
:10777000667265653A204C495354454E000000003E
:107780007463705F7570646174655F7263765F6166
:107790006E6E5F776E643A20696E76616C69642004
:1077A000706362006E65775F7263765F616E6E5FB5
:1077B000776E64203C3D2030786666666600000087
:1077C000646F6E27742063616C6C207463705F72E9
:1077D000656376656420666F72206C697374656E8C
:1077E0002D706362730000007463705F736C6F7759
:1077F000746D723A20616374697665207063622DDE
:107800003E737461746520213D20434C4F534544C1
:10781000000000007463705F736C6F77746D723A70
:1078200020616374697665207063622D3E737461B4
:10783000746520213D204C495354454E0000000002
:107840007463705F736C6F77746D723A20616374E8
:10785000697665207063622D3E73746174652021C2
:107860003D2054494D452D57414954007463705F84
:10787000736C6F7774696D723A2070657273697397
:1078800074207469636B696E672077697468206916
:107890006E2D666C69676874206461746100000015
:1078A0007463705F736C6F7774696D723A20706582
:1078B0007273697374207469636B696E672077698A
:1078C000746820656D7074792073656E64206275CC
:1078D00066666572000000007463705F736C6F779A
:1078E000746D723A206D6964646C652074637020F5
:1078F000213D207463705F6163746976655F7063B6
:10790000627300007463705F736C6F77746D723AAA
:1079100020666972737420706362203D3D20746339
:10792000705F6163746976655F7063627300000005
:107930007463705F736C6F77746D723A2054494D45
:10794000452D57414954207063622D3E7374617414
:1079500065203D3D2054494D452D57414954000077
:107960007463705F736C6F77746D723A206D6964C5
:10797000646C652074637020213D207463705F74B3
:10798000775F7063627300007463705F736C6F770E
:10799000746D723A20666972737420706362203D60
:1079A0003D207463705F74775F70636273000000E2
:1079B0007463705F7365675F636F70793A20696E97
:1079C00076616C696420736567000000696E76619A
:1079D0006C696420736F636B657420737461746584
:1079E00020666F7220726563762063616C6C6261E1
:1079F000636B0000696E76616C696420736F636B02
:107A0000657420737461746520666F722073656E8F
:107A1000742063616C6C6261636B0000696E7661F7
:107A20006C696420736F636B657420737461746533
:107A300020666F72206572722063616C6C62616394
:107A40006B000000696E76616C696420736F636B14
:107A5000657420737461746520666F7220706F6C3A
:107A60006C0000007463705F7063625F72656D6FBD
:107A700076653A20696E76616C6964207063620095
:107A80007463705F7063625F72656D6F76653A20D4
:107A9000696E76616C6964207063626C69737400EE
:107AA000756E73656E74207365676D656E74732093
:107AB0006C65616B696E6700756E61636B656420F0
:107AC0007365676D656E7473206C65616B696E6755
:107AD000000000006F6F736571207365676D656EE0
:107AE0007473206C65616B696E670000646F6E274C
:107AF000742063616C6C207463705F61626F727478
:107B00002F7463705F6162616E646F6E20666F7266
:107B1000206C697374656E2D7063627300000000E1
:107B20007463705F636C6F73655F73687574646FA3
:107B3000776E3A20696E76616C69642070636200CA
:107B40007063622D3E666C61677320262054465F29
:107B50005258434C4F534544000000007463705F1B
:107B6000667265655F6C697374656E3A20214C4975
:107B70005354454E000000007463705F6E65787466
:107B80005F6973733A20696E76616C696420706313
:107B9000620000007463705F6566665F73656E64A3
:107BA0005F6D73735F6E657469663A20696E7661A6
:107BB0006C6964206473745F697000007063622D87
:107BC0003E736E645F71756575656C656E203E3DD4
:107BD00020706275665F636C656E286E6578742DC3
:107BE0003E7029007463705F726563656976653AFB
:107BF0002076616C6964207175657565206C656EB1
:107C0000677468007463705F726563656976653A6E
:107C10002077726F6E6720737461746500000000D6
:107C2000696E7365672E7020213D204E554C4C00C7
:107C3000696E73616E65206F6666736574210000FE
:107C40007062756620746F6F2073686F72742100A4
:107C50007463705F726563656976653A2073656702
:107C60006D656E74206E6F74207472696D6D6564DD
:107C700020636F72726563746C7920746F20726315
:107C8000765F776E640000007463705F7265636591
:107C90006976653A207365676D656E74206E6F74E2
:107CA000207472696D6D656420636F7272656374B0
:107CB0006C7920746F206F6F7365712071756575B5
:107CC000650000007463705F726563656976653A8C
:107CD000207463706C656E203E207263765F776EF1
:107CE000640000007463705F726563656976653A6D
:107CF000206F6F736571207463706C656E203E2019
:107D00007263765F776E64007463705F696E70751E
:107D1000743A20696E76616C6964207062756600E1
:107D2000702D3E6E65787420213D204E554C4C00E0
:107D3000702D3E6C656E203D3D203000702D3E74F0
:107D40006F745F6C656E203D3D20702D3E6E6578D2
:107D5000742D3E746F745F6C656E00007463705FA9
:107D6000696E7075743A206163746976652070631A
:107D7000622D3E737461746520213D20434C4F5346
:107D8000454400007463705F696E7075743A2061D9
:107D90006374697665207063622D3E7374617465E7
:107DA00020213D2054494D452D57414954000000A4
:107DB0007463705F696E7075743A2061637469767C
:107DC00065207063622D3E737461746520213D20CF
:107DD0004C495354454E00007463705F696E707572
:107DE000743A207063622D3E6E65787420213D20C8
:107DF00070636220286265666F72652063616368E4
:107E0000652900007463705F696E7075743A207044
:107E100063622D3E6E65787420213D207063622080
:107E200028616674657220636163686529000000DB
:107E30007463705F696E7075743A2054494D452DB6
:107E400057414954207063622D3E737461746520FC
:107E50003D3D2054494D452D5741495400000000F7
:107E60007463705F696E7075743A207063622D3E42
:107E7000737461746520213D20434C4F5345440089
:107E80007063622D3E736E645F71756575656C65B8
:107E90006E203E20300000006E6F207365676D65B8
:107EA0006E7420746F206672656500007063622DC9
:107EB0003E6C697374656E65722D3E6163636570B7
:107EC0007420213D204E554C4C0000007063622D03
:107ED0003E726566757365645F64617461203D3DE3
:107EE000204E554C4C0000007463705F63726561F6
:107EF00074655F7365676D656E743A20696E76614F
:107F00006C69642070636200702D3E746F745F6CE6
:107F1000656E203E3D206F70746C656E0000000041
:107F20007463705F77726974653A20706275667306
:107F3000206F6E207175657565203D3E206174204F
:107F40006C65617374206F6E652071756575652051
:107F50006E6F6E2D656D7074790000007463705FD4
:107F600077726974653A206E6F207062756673204F
:107F70006F6E207175657565203D3E20626F746877
:107F80002071756575657320656D707479000000EA
:107F90006D73735F6C6F63616C20697320746F6FB6
:107FA00020736D616C6C0000696E636F6E73697332
:107FB00074656E74206F76657273697A6520767366
:107FC0002E20737061636500696E636F6E736973F1
:107FD00074656E74206F76657273697A6520767346
:107FE0002E206C656E000000756E73656E745F6F99
:107FF00076657273697A65206D69736D6174636803
:1080000020287063622D3E756E73656E74206973EF
:10801000204E554C4C2900006E65656420756E63DA
:108020006861696E6564207062756600707265765D
:108030005F73656720213D204E554C4C00000000C9
:108040007463705F77726974653A2076616C6964F5
:10805000207175657565206C656E67746800000039
:108060007463705F73706C69745F756E73656E7442
:108070005F7365673A20696E76616C69642070632E
:108080006200000043616E27742073706C69742075
:108090007365676D656E7420696E746F206C656EB4
:1080A000677468203000000073706C6974203C3D78
:1080B000206D7373000000007463705F73656E64FD
:1080C0005F66696E3A20696E76616C6964207063E0
:1080D000620000007365672D3E74637068647220EF
:1080E0006E6F7420616C69676E6564007463705FA5
:1080F000656E71756575655F666C6167733A206959
:108100006E76616C6964207365676D656E74206C52
:10811000656E6774680000007463705F656E7175EA
:108120006575655F666C6167733A20696E76616C30
:108130006964207175657565206C656E677468008B
:108140007463705F656E71756575655F666C616798
:10815000733A206E656564206569746865722054A1
:1081600043505F53594E206F72205443505F46492D
:108170004E20696E20666C616773202870726F678D
:1081800072616D6D65722076696F6C6174657320C4
:1081900041504929000000007463705F656E71757D
:1081A0006575655F666C6167733A20696E76616CB0
:1081B00069642070636200007463705F656E71753E
:1081C0006575655F666C6167733A20636865636BAC
:1081D00020746861742066697273742070627566B9
:1081E0002063616E20686F6C64206F70746C656EC4
:1081F000000000007463705F7265786D69745F726F
:10820000746F5F707265706172653A20696E766135
:108210006C696420706362007463705F7265786D6E
:1082200069743A20696E76616C69642070636200DB
:108230007463705F7265786D69745F666173743AB8
:1082400020696E76616C69642070636200000000D2
:108250007463705F7273743A20696E76616C6964DE
:10826000206C6F63616C5F69700000007463705F05
:108270007273743A20696E76616C69642072656D00
:108280006F74655F69700000636865636B20746874
:108290006174206669727374207062756620636110
:1082A0006E20686F6C6420737472756374207463DD
:1082B000705F6864720000007463705F73656E6461
:1082C0005F656D7074795F61636B3A20696E76618A
:1082D0006C696420706362007463705F6F757470A2
:1082E00075743A20696E76616C696420706362000F
:1082F000646F6E27742063616C6C207463705F6FB1
:10830000757470757420666F72206C697374656E15
:108310002D70636273000000525354206E6F7420FE
:108320006578706563746564206865726521000016
:108330006F7074696F6E73206E6F742066696C6CF9
:10834000656400007463705F7265786D69745F7254
:10835000746F5F636F6D6D69743A20696E76616CDE
:1083600069642070636200007463705F7265786D89
:1083700069745F72746F3A20696E76616C6964200B
:10838000706362007463705F6B656570616C6976C1
:10839000653A20696E76616C6964207063620000E2
:1083A0007463705F7A65726F5F77696E646F775F11
:1083B00070726F62653A20696E76616C69642070D4
:1083C000636200007379735F74696D656F75743AE9
:1083D0002074696D656F757420213D204E554C4C9D
:1083E0002C20706F6F6C204D454D505F5359535F7B
:1083F00054494D454F555420697320656D7074790B
:108400000000000054696D656F75742074696D65B6
:1084100020746F6F206C6F6E672C206D61782069FF
:1084200073204C5749505F55494E5433325F4D418C
:10843000582F34206D736563730000007564705F9E
:10844000696E7075743A20696E76616C696420702B
:10845000627566007564705F696E7075743A206944
:108460006E76616C6964206E657469660000000058
:10847000706275665F72656D6F76655F6865616471
:108480006572206661696C656400000063686563FD
:108490006B207468617420666972737420706275F1
:1084A000662063616E20686F6C64207374727563FC
:1084B00074207564705F68647200000064686370A3
:1084C0005F6372656174655F6D73673A20636865A9
:1084D000636B2074686174206669727374207062C3
:1084E00075662063616E20686F6C642073747275AA
:1084F000637420646863705F6D73670064686370A1
:108500005F696E635F7063625F726566636F756EED
:108510007428293A206D656D6F7279206C65616BE6
:1085200000000000444843503A20686F73746E6145
:108530006D6520697320746F6F206C6F6E6721000A
:10854000646863705F6F7074696F6E3A206F7074E7
:10855000696F6E735F6F75745F6C656E202B203270
:10856000202B206F7074696F6E5F6C656E203C3DD0
:1085700020444843505F4F5054494F4E535F4C4541
:108580004E000000646863705F6F7074696F6E5FA7
:10859000627974653A206F7074696F6E735F6F757E
:1085A000745F6C656E203C20444843505F4F5054CC
:1085B000494F4E535F4C454E0000000063686563B1
:1085C0006B206465636F64655F6964780000000018
:1085D0006E6574696620213D204E554C4C000000AC
:1085E0006468637020213D204E554C4C0000000013
:1085F0006E6574696620616C72656164792068617A
:1086000073206120737472756374206468637020D2
:1086100073657400646863705F7063625F7265663F
:10862000636F756E7428293A20726566636F756E84
:1086300074206572726F7200696E76616C69642075
:10864000646863702D3E7374617465006172705F5D
:108650007461626C655B695D2E71203D3D204E55F5
:108660004C4C00006172705F7461626C655B695DA7
:108670002E7374617465203D3D204554484152502D
:108680005F53544154455F454D505459000000001C
:10869000636865636B2074686174206669727374C3
:1086A00020706275662063616E20686F6C64207351
:1086B0007472756374206574686172705F68647247
:1086C000000000006E657469662D3E687761646421
:1086D000725F6C656E206D757374206265207468BE
:1086E000652073616D65206173204554485F48576C
:1086F000414444525F4C454E20666F722065746859
:1087000061727021000000006172705F7461626CC0
:10871000655B6172705F6964785D2E737461746506
:10872000203E3D204554484152505F5354415445EA
:108730005F535441424C450069706164647220216A
:108740003D204E554C4C00006574685F7265742086
:10875000213D204E554C4C006E657469662D3E6877
:1087600077616464725F6C656E203D3D20455448BE
:108770005F4857414444525F4C454E006E6F207035
:1087800061636B65742071756575657320616C6CD0
:108790006F776564210000007120213D204E554C0B
:1087A0004C00000069636D705F696E7075743A20EB
:1087B0006D6F76696E6720722D3E7061796C6F61A6
:1087C0006420746F2069636D7020686561646572F0
:1087D000206661696C65640069636D705F696E70C5
:1087E00075743A20726573746F72696E67206F7268
:1087F0006967696E616C20702D3E7061796C6F6184
:1088000064206661696C65640000000063686563EC
:108810006B2074686174206669727374207062756D
:10882000662063616E20686F6C642069636D7020E0
:108830006D657373616765007072657620213D20F8
:1088400069707200707265762D3E6E657874203D99
:108850003D2069707200000070627566735F667219
:10886000656564202B20636C656E203C3D2030786C
:10887000666666660000000073616E697479206345
:108880006865636B206C696E6B6564206C697374DA
:108890000000000069705F72656173735F706275DC
:1088A00066636F756E74203E3D2070627566735FFF
:1088B000667265656400000073616E697479206397
:1088C0006865636B0000000076616C6964617465C3
:1088D0005F646174616772616D3A6E6578745F7030
:1088E000627566213D4E554C4C00000069705F7208
:1088F000656173735F70627566636F756E74203E39
:108900003D20636C656E00006E6F74206669727343
:1089100074616C74686F756768206A75737420651C
:108920006E7175657565640074686973206E656540
:1089300064732061207062756620696E206F6E65B9
:108940002070696563652100702D3E726566203D6B
:108950003D203100636865636B2074686174206634
:108960006972737420706275662063616E20686F2F
:108970006C64207374727563742069705F686472CC
:1089800000000000756E68616E646C656400000034
:108990006E657469662D3E6877616464725F6C65AC
:1089A0006E206D757374206265203620666F7220AC
:1089B00065746865726E65745F6F75747075742127
:1089C0000000000063797734335F726561645F6231
:1089D00079746573206572726F72202564000000DF
:1089E0005B43595734335D2063797734335F6B735E
:1089F0006F5F736574282564293A206661696C6528
:108A0000640A00005B43595734335D20427573207C
:108A10006572726F7220636F6E646974696F6E2025
:108A2000646574656374656420307825780A000095
:108A30005B43595734335D206572726F723A206818
:108A40006472206D69736D617463682025303478B9
:108A5000205E20253034780A000000005B4359571F
:108A600034335D205354414C4C2825753B25752DDE
:108A70002575293A2074696D656F75740A000000C8
:108A80005B43595734335D20646F5F696F63746C67
:108A90003A20676F7420756E6578706563746564DD
:108AA000207061636B65742025640A005B4359572D
:108AB00034335D20646F5F696F63746C2825752C97
:108AC0002025752C202575293A2074696D656F75F0
:108AD000740A00005B43595734335D20636F72653D
:108AE000206E6F7420696E207265736574000000DB
:108AF0006275733A7478676C6F6D0000617073749F
:108B000061000000616D7064755F62615F77736919
:108B10007A650000616D7064755F6D70647500004A
:108B2000616D7064755F72785F666163746F720007
:108B30006273736366673A6576656E745F6D7367BB
:108B4000730000005B43595734335D204661696C04
:108B5000656420746F2073746172742043595734B4
:108B60003300000056657273696F6E3A2000000092
:108B70005B43595734335D20636F756C64206E6FAF
:108B8000742066696E642076616C6964206669721F
:108B90006D776172650000005B43595734335D2087
:108BA00074696D656F75742077616974696E67208B
:108BB000666F7220414C5020746F2062652073658F
:108BC000740000005B43595734335D20636F726556
:108BD000206E6F74207570005B43595734335D20ED
:108BE0004854206E6F742072656164790000000043
:108BF0005B43595734335D204632206E6F742072C8
:108C000065616479000000005B43595734335D208F
:108C1000434C4D206C6F6164206661696C65640033
:108C20006375725F657468657261646472000000E8
:108C3000706D325F736C6565705F72657400000003
:108C400062636E5F6C695F62636E000062636E5F99
:108C50006C695F6474696D006173736F635F6C69E5
:108C60007374656E000000006273736366673A7325
:108C700075705F77706100006273736366673A7343
:108C800075705F777061325F656170766572000044
:108C90006273736366673A7375705F7770615F7450
:108CA0006D6F00007361655F70617373776F7264DD
:108CB000000000006D6670006A6F696E00000000C1
:108CC0006273736366673A73736964006273736394
:108CD00066673A77736563006273736366673A77B2
:108CE00070615F61757468007361655F6D61785F65
:108CF0007077655F6C6F6F700000000032675F6DAA
:108D00007261746500000000627373006770696FC0
:108D10006F7574005B43595734335D2073656E641F
:108D20005F65746865726E6574206661696C656400
:108D30003A2025640A0000005069636F5700000064
:108D40005B252038645D204153594E43282530343B
:108D5000782C000025730000257500002C25752C4B
:108D600025752C2575290A005345545F53534944F2
:108D7000000000004A4F494E000000004155544891
:108D8000000000004445415554485F494E440000EE
:108D90004153534F430000004449534153534F4301
:108DA000000000004449534153534F435F494E4430
:108DB000000000004C494E4B0000000050534B5F38
:108DC00053555000455343414E5F524553554C5403
:108DD000000000004353415F434F4D504C45544504
:108DE0005F494E44000000004153534F435F5245DA
:108DF000515F4945000000004153534F435F5245C6
:108E000053505F49450000004E6F2050494F20737A
:108E100074617465206D616368696E657320617249
:108E20006520617661696C61626C65004E6F2044FB
:108E30004D41206368616E6E656C732061726520C0
:108E4000617661696C61626C650000006173796EC6
:108E5000635F636F6E74657874206C6F636B5F63C0
:108E60006865636B206661696C65640000000000E2
:108E7000FFFFFFFFFFFFFF7F06005250D3F0754258
:108E8000906F011006005250E182887F986F0110A8
:108E9000060052503ABCA911A86F011006005250AA
:108EA000ABB36053AC6F011006005250BBFF3CB631
:108EB000B46F011006005250861C0302BC6F0110F3
:108EC000060052505422A29DC86F01100500525056
:108ED000DE65F468B4200510000000000000F03FDB
:108EE0000000000000002440000000000000594085
:108EF0000000000000408F40000000000088C340D8
:108F000000000000006AF8400000000080842E414C
:108F100000000000D01263410000000084D7974198
:108F20000000000065CDCD410D0A000000000000EA
:108F3000D53C001000000000D93C0010E53C0010BA
:108F4000113D00100D3D0010000000000A0000005F
:108F500000000306A6000800020002009C001400A6
:108F6000030057494E555342000000000000000026
:108F70000000800004000100280044006500760025
:108F800069006300650049006E00740065007200AE
:108F90006600610063006500470055004900440019
:108FA00000004E007B006200630037003300390090
:108FB0003800630031002D00370033006300640087
:108FC0002D0034006300620037002D0039003800A6
:108FD000620038002D003900310033006100380094
:108FE00066006300610037006200660036007D00A5
:108FF00000000000050F2100011C100500DF60DDEE
:10900000D88945C74C9CD2659D9E648A9F00000309
:1090100006A60001000000000600525053B4F4A15F
:10902000EC6F0110000000000070011010700110C2
:10903000B0E00020187001102470011009025400E3
:10904000030100807D080B000202020000090400F9
:109050000001020200040524002001052401000192
:1090600004240206052406000107058103080010F8
:1090700009040100020A0000000705020240000086
:10908000070582024000000904020000FF000105FC
:1090900012011002EF0201408A2E090000010102B4
:1090A00003010000000000001D5600108D56001046
:1090B000BD56001009570010C957001089580010FC
:1090C000000000000000000081590010DD59001070
:1090D000F95900101D5A0010693D0010115B001075
:1090E00000000000689101105C9101105091011086
:1090F00044910110389101102C9101102091011020
:109100001491011008910110FC0518003C37002053
:1091100018D0002010001000E0C6002014D000205D
:1091200010000700FCC8002024D00020200005000B
:1091300058C8002020D00020100020008CCD002036
:1091400030D000201C00080070C900202CD0002066
:10915000A400050054CA002028D0002020000400EC
:1091600090CF002034D000201C000400E4C7002071
:109170001CD000207CE0002074E0002070E0002083
:1091800084E0002003060C1830607800010203041C
:10919000050607070707070707000000FA00000099
:1091A00039AC0010E8030000550C0110E803000082
:1091B000D1FF001060EA00009DF60010F4010000ED
:1091C00081F80010E8030000B1850010FFFFFFFFE9
:1091D000000000000000000000000000FFFFFFFF93
:1091E000FFFF0000EC91011006FF0100016040103C
:1091F00080E042B0014084100000000065140000CF
:1092000091130000911300009113000091130000CE
:1092100091130000911300009113000091130000BE
:1092200091130000911300009113000091130000AE
:10923000911300009113000091130000911300009E
:10924000911300009113000091130000911300008E
:10925000911300009113000091130000911300007E
:10926000911300009113000091130000911300006E
:10927000911300009113000000480047651400009E
:1092800000000000000000000000000000000000DE
:1092900000000000000000000000000000000000CE
:1092A00000000000000000000000000000000000BE
:1092B00000000000000000000000000000000000AE
:1092C000000000000000000000000000000000009E
:1092D000000000000000000000000000000000008E
:1092E00000000000000000004442505018600100DF
:1092F0000000000000000000C51B0000C51B0000AE
:10930000C51B0000C51B0000C51B0000C51B0000DD
:10931000C51B0000D9130000D51300001514000070
:10932000DD3D0000793900003B330000D93D0000ED
:10933000C9350000B13900001D3E00004FD50100C5
:10934000D93A0000133400007F340000893E000049
:109350008B3E0000FB380000AD3D00004DD5010004
:10936000C51B0000C51B0000C51B0000C51B00007D
:10937000C51B0000C51B0000C51B0000C51B00006D
:10938000C51B0000C51B0000C51B0000C51B00005D
:10939000C51B0000C51B00009FDC0000C51B0000B2
:1093A000C51B0000C51B0000C51B0000C51B00003D
:1093B000C51B0000C51B0000C51B0000C51B00002D
:1093C000C51B0000C51B0000C51B0000C51B00001D
:1093D000C51B000047FC0000C51B0000A3FD0000EA
:1093E000C51B0000C51B00009FFD00002BFC0000FA
:1093F000C51B0000C51B0000C51B0000772E010027
:109400005B3301001B3501006F340100DF330100C5
:109410001F320100C51B0000C51B0000C51B00005A
:10942000BD350100C51B0000C51B0000C51B0000A9
:10943000C51B0000C51B0000C51B0000C51B0000AC
:10944000C51B0000C51B0000C51B0000C51B00009C
:10945000C51B0000C51B0000C51B0000C51B00008C
:10946000C51B0000C51B0000C51B0000C51B00007C
:10947000C51B0000C51B0000C51B0000C51B00006C
:10948000C51B0000C51B0000C51B0000C51B00005C
:10949000C51B0000C51B0000C51B0000C51B00004C
:1094A000C51B0000C51B0000C51B0000C51B00003C
:1094B000C51B00007916000081160000191F00006E
:1094C000352E0000892E0000ED3F0000F93F00001E
:1094D00069510000D1B10000B9DC0000B1FB00000F
:1094E000C1350100691600008D1600009D170000AF
:1094F0009D180000E51B0000851C0000F51C000005
:10950000791D0000251F0000A12E0000953F0000DE
:109510000540000005490000474C00009D4D00003B
:10952000A54D0000A94D0000C51B0000C54D000061
:10953000FD4D0000054E00005B4E00005F4E000038
:109540006D4E0000956C0000C51B000085510000A9
:10955000C51B0000056D00003D94000081A20000C5
:1095600059A30000C9A30000C5CA0000E5CA000055
:10957000E1CE0000C1DC0000D1DC00002FE20000E1
:1095800049E4000091E8000083FB000089FB000033
:109590001D1701000100000000000008200000006D
:1095A0000002000004000000FF0300005000000063
:1095B00001000000010000000A070801000000008F
:1095C0000800000001040000010000000400040085
:1095D0000800010000000000000000000000000082
:1095E000000000000000000000000000000000007B
:1095F000000000000000000000000000000000006B
:10960000000000000000000000000000000000005A
:10961000000000000000000000000000000000004A
:10962000000000000000000000000000000000003A
:10963000000000000000000000000000000000002A
:10964000000000000000000000000000000000001A
:10965000000000000000000000000000000000000A
:1096600000000000000000000000000000000000FA
:1096700000000000000000000000000000000000EA
:1096800000000000000000000000000000000000DA
:1096900000000000000000000000000000000000CA
:1096A00000000000000000000000000000000000BA
:1096B00000000000000000000000000000000000AA
:1096C000000000000000000000000000000000009A
:1096D000000000000000000000000000000000008A
:1096E000000000000000000000000000000000007A
:1096F000000000000000000000000000000000006A
:109700000000000000000000000000000000000059
:109710000000000000000000000000000000000049
:109720000000000000000000000000000000000039
:109730000000000000000000000000000000000029
:109740000000000000000000000000000000000019
:109750000000000000000000000000000000000009
:1097600000000000000000000000000000000000F9
:1097700000000000000000000000000000000000E9
:1097800000000000000000000000000000000000D9
:1097900000000000000000000000000000000000C9
:1097A00000000000000000000000000000000000B9
:1097B00000000000000000000000000000000000A9
:1097C0000000000000000000000000000000000099
:1097D0000000000000000000000000000000000089
:1097E0000000000000000000000000000000000079
:1097F0000000000000000000000000000000000069
:109800000000000000000000000000000000000058
:109810000000000000000000000000000000000048
:109820000000000000000000000000000000000038
:109830000000000000000000000000000000000028
:109840000000000000000000000000000000000018
:109850000000000000000000000000000000000008
:1098600000000000000000000000000000000000F8
:1098700000000000000000000000000000000000E8
:1098800000000000000000000000000000000000D8
:1098900000000000000000000000000000000000C8
:1098A00000000000000000000000000000000000B8
:1098B00000000000000000000000000000000000A8
:1098C0000000000000000000000000000000000098
:1098D0000000000000000000000000000000000088
:1098E0000000000000000000000000000000000078
:1098F0000000000000000000000000000000000068
:109900000000000000000000000000000000000057
:109910000000000000000000000000000000000047
:109920000000000000000000000000000000000037
:109930000000000000000000000000000000000027
:109940000000000000000000000000000000000017
:109950000000000000000000000000000000000007
:1099600000000000000000000000000000000000F7
:1099700000000000000000000000000000000000E7
:1099800000000000000000000000000000000000D7
:1099900000000000000000000000000000000000C7
:1099A00000000000000000000000000000000000B7
:1099B00000000000000000000000000000000000A7
:1099C0000000000000000000000000000000000097
:1099D0000000000000000000000000000000000087
:1099E0000000000000000000000000000000000077
:1099F000000000000000000000F459B20000000068
:109A0000FFF75E9F0000000000F463B1000000005B
:109A1000FFF7419D00000000FFF76D9C0000000073
:109A2000F3F7AE9800000000E9F7679E0000000021
:109A3000E5F7989D00000000E4F7829F0000000019
:109A4000D3F77C9B00000000CFF7EC9900000000EA
:109A5000C9F7D89E00000000C8F75A9F0000000018
:109A6000C8F7B49C00000000C2F7549F000000003B
:109A7000C0F7449C00000000C0F7329A00000000CC
:109A8000BFF78C9D00000000BFF7569F000000004C
:109A9000C2F71E9D00000000E1F7C29C000000001C
:109AA000BFF7049800000000BEF7A69E000000006B
:109AB000BDF77C9F00000000BBF76D9C000000001C
:109AC000A2F73E9D00000000B7F7E29A00000000F8
:109AD000DDF7329B00000000B9F7889E000000000F
:109AE000B2F7669B00000000B2F7F69A0000000093
:109AF000B2F77C9900000000B1F7869A00000000E0
:109B0000DAF7669C00000000B0F76E9E00000000CF
:109B1000C1F7FE9A00000000AEF73B9B000000007A
:109B2000A0F7F69D00000000A0F7169C00000000C2
:109B3000ABF7F09E00000000A2F7E09C00000000E0
:109B4000A2F7DE9A00000000A0F7FB9800000000DA
:109B50009FF7AE9F000000009EF7B699000000003E
:109B60009DF77C9D000000009BF7329D00000000E7
:109B70009AF7F89F00000000A0F7E09E00000000A8
:109B8000A0F70F9F0000000099F7DE9A0000000088
:109B9000A0F7939C00000000D7F7289F000000006A
:109BA000D7F71C9A00000000D7F7169C00000000B1
:109BB000D9F78A9C0000000093F7709A000000001B
:109BC00093F776990000000093F7CD9D0000000008
:109BD00093F77D9B0000000093F7B89A0000000007
:109BE00092F7649F0000000092F7029D00000000C1
:109BF00092F7D29A0000000092F70099000000004E
:109C000092F714980000000092F7129B00000000E9
:109C10008FF7249900000000D7F7449B0000000054
:109C2000D7F7129B00000000D6F7989E00000000B6
:109C30008CF7539C000000008CF7939D00000000FF
:109C40008BF74B9F000000008CF78E9900000000FE
:109C500089F7749E00000000000000000000000072
:109C600000000000000000000000000000000000F4
:109C700000000000000000000000000000000000E4
:109C800000000000000000000000000000000000D4
:109C900000000000000000000000000000000000C4
:109CA00000000000000000000000000000000000B4
:109CB00000000000000000000000000000000000A4
:109CC0000000000000000000000000000000000094
:109CD0000000000000000000000000000000000084
:109CE0000000000000000000000000000000000074
:109CF0000000000000000000000000000000000064
:109D00000000000000000000000000000000000053
:109D10000000000000000000000000000000000043
:109D20000000000000000000000000000000000033
:109D30000000000000000000000000000000000023
:109D40000000000000000000000000000000000013
:109D50000000000000000000000000000000000003
:109D600000000000000000000000000000000000F3
:109D700000000000000000000000000000000000E3
:109D800000000000000000000000000000000000D3
:109D900000000000000000000000000000000000C3
:109DA00000000000000000000000000000000000B3
:109DB00000000000000000000000000000000000A3
:109DC0000000000000000000000000000000000093
:109DD0000000000000000000000000000000000083
:109DE0000000000000000000000000000000000073
:109DF0000000000000000000000000000000000063
:109E00000000000000000000000000000000000052
:109E10000000000000000000000000000000000042
:109E20000000000000000000000000000000000032
:109E30000000000000000000000000000000000022
:109E40000000000000000000000000000000000012
:109E50000000000000000000000000000000000002
:109E600000000000000000000000000000000000F2
:109E700000000000000000000000000000000000E2
:109E800000000000000000000000000000000000D2
:109E900000000000000000000000000000000000C2
:109EA00000000000000000000000000000000000B2
:109EB00000000000000000000000000000000000A2
:109EC0000000000000000000000000000000000092
:109ED0000000000000000000000000000000000082
:109EE0000000000000000000000000000000000072
:109EF0000000000000000000000000000000000062
:109F00000000000000000000000000000000000051
:109F10000000000000000000000000000000000041
:109F20000000000000000000000000000000000031
:109F30000000000000000000000000000000000021
:109F40000000000000000000000000000000000011
:109F50000000000000000000000000000000000001
:109F600000000000000000000000000000000000F1
:109F700000000000000000000000000000000000E1
:109F800000000000000000000000000000000000D1
:109F900000000000000000000000000000000000C1
:109FA00000000000000000000000000000000000B1
:109FB00000000000000000000000000000000000A1
:109FC0000000000000000000000000000000000091
:109FD0000000000000000000000000000000000081
:109FE0000000000000000000000000000000000071
:109FF0000000000000000000000000000000000061
:10A000000000000000000000000000000000000050
:10A010000000000000000000000000000000000040
:10A020000000000000000000000000000000000030
:10A030000000000000000000000000000000000020
:10A040000000000000000000000000000000000010
:10A050000000000000000000000000000000000000
:10A0600000000000000000000000000000000000F0
:10A0700000000000000000000000000000000000E0
:10A0800000000000000000000000000000000000D0
:10A0900000000000000000000000000000000000C0
:10A0A00000000000000000000000000000000000B0
:10A0B00000000000000000000000000000000000A0
:10A0C0000000000000000000000000000000000090
:10A0D0000000000000000000000000000000000080
:10A0E0000000000000000000000000000000000070
:10A0F0000000000000000000000000000000000060
:10A10000000000000000000000000000000000004F
:10A11000000000000000000000000000000000003F
:10A12000000000000000000000000000000000002F
:10A13000000000000000000000000000000000001F
:10A14000000000000000000000000000000000000F
:10A1500000000000000000000000000000000000FF
:10A1600000000000000000000000000000000000EF
:10A1700000000000000000000000000000000000DF
:10A1800000000000000000000000000000000000CF
:10A1900000000000000000000000000000000000BF
:10A1A00000000000000000000000000000000000AF
:10A1B000000000000000000000000000000000009F
:10A1C000000000000000000000000000000000008F
:10A1D000000000000000000000000000000000007F
:10A1E000000000000000000000000000000000006F
:10A1F0000000000000000000D41B800004000000EC
:10A2000000080000B42280000400000008080000DC
:10A21000782380000400000010080000C42780009C
:10A22000040000001808000030288000040000002E
:10A2300020080000D8178100040000002808000052
:10A2400000D0810004000000300800001C148200CF
:10A2500004000000380800002838820004000000D4
:10A26000400800006C6683000400000048080000FD
:10A27000ACAD830004000000500800000808840012
:10A2800004000000580800001C1A840004000000AC
:10A2900060080000982284000400000068080000A4
:10A2A0002C8A84000400000070080000D8BE8400DE
:10A2B0000400000078080000C0BF84000400000013
:10A2C0008008000010C3840004000000880800001B
:10A2D00078C9840004000000900800002C918400DC
:10A2E00004000000980800000C4C820004000000EC
:10A2F000A0080000FCD9840004000000A8080000A9
:10A3000084E3840004000000B008000018EC84001E
:10A3100004000000B80800000C19850004000000CB
:10A32000C008000084C0860004000000C8080000C7
:10A330004466850004000000D008000010A28200DE
:10A3400004000000D8080000003B85000400000065
:10A35000E008000084B6850004000000E808000062
:10A36000E8B6850004000000F0080000CCBA8500C3
:10A3700004000000F8080000F8C885000400000090
:10A3800000090000B0BE82000400000008090000BF
:10A39000ACD485000400000010090000E09B84009C
:10A3A0000400000018090000B8FB8500040000004C
:10A3B0002009000038E3860004000000280900009E
:10A3C0006CEA8600040000003009000028258600A1
:10A3D0000400000038090000F0C0860004000000FE
:10A3E000400900003CC3860004000000480900004A
:10A3F00018F98600040000005009000064FA860085
:10A40000040000005809000044098700040000000F
:10A4100060090000101387000400000068090000B4
:10A420001033870004000000700900005C3B8700C7
:10A430000400000078090000A0D986000400000094
:10A440008009000058DA8600040000008809000036
:10A45000B8608700040000009009000018E0860042
:10A460000400000098090000ACE482000400000031
:10A47000A009000058EF820004000000A8090000B5
:10A48000E4F1820004000000B0090000C0F2820084
:10A4900004000000B8090000D4D1870004000000C7
:10A4A000C0090000D4D4870004000000C8090000DF
:10A4B000BCD6870004000000D0090000F4D9870052
:10A4C00004000000D8090000C0DA87000400000082
:10A4D000E0090000DCDC870004000000E80900005F
:10A4E000F8DC870004000000F009000088DD870028
:10A4F00004000000F80900007CE28700040000006E
:10A50000000A0000CCE3870004000000080A0000F5
:10A51000F4E5870004000000100A0000902688007F
:10A5200004000000180A0000A40B830004000000CF
:10A53000200A00007C0E830004000000280A0000AE
:10A540000819830004000000300A000050588800F9
:10A5500004000000380A00002059880004000000B0
:10A56000400A0000D462880004000000480A00008D
:10A570008469880004000000500A0000DC9888000C
:10A5800004000000580A00006846836941690BB561
:10A5900003695A4651460EB44A46414606B4C3685A
:10A5A00082684168FEB40368C269EFF303810EB4A8
:10A5B0008269EFF3058106B4034801680029FED0E3
:10A5C0006846884714B000BD3C14000062B670476E
:10A5D00072B6704704490840002803D003490A684E
:10A5E00002430A6070470000FFFF000000E100E046
:10A5F00004490840002804D003490A68C0430240C7
:10A600000A607047FFFF000080E100E0024909682E
:10A6100090228858704700004414000002490968DD
:10A620009C2288507047000044140000DDBAADBB86
:10A63000000000000000000000000000000000001A
:10A64000000000000000000000000000024A116845
:10A650001060081C704700003C1400005648574921
:10A6600000220A500168564A0A40564F0F403F42A6
:10A6700006D15046004202D04046004229D1FEE7B2
:10A68000FC2141580A680F2313400F2BF1D0012BF6
:10A6900001D00431F6E708314B4B13404B4CA34239
:10A6A00006D100F0C1F8804600F0CAF88146E9E71B
:10A6B000474CA342E6D10B1F1B68464C234018248D
:10A6C000E3409C4600F0B0F8824600F0B9F88346BB
:10A6D000D8E7414921224250374A40498958FF234F
:10A6E000194219D051683E4B194215D01168344BAC
:10A6F0001940D36A10E0A3420ED0C0460CE039499D
:10A700008958194208D03849895819409942FAD1D4
:10A71000364B11691942FCD049463F4204D1982377
:10A72000CB581024E34001E0314BCB581C2423408C
:10A73000002B01D000F092F840462E4908604846B0
:10A740002D49086050462D49086060462C49086034
:10A750002C490F602C4D2D490D602D482D490022AC
:10A7600004C08142FCD8043DAD46009DEC4310235B
:10A77000DD41AC4210D1240CA400274D2C606B4667
:10A780001B1B2648264D2860002C05D01D6805603F
:10A7900004330430043CF9DC81B0224B1B490D68C2
:10A7A000ED1A0D606C46E41AA546684600090001E2
:10A7B000854600F0D7FCFEE70000001814060000F4
:10A7C000FFFF0000000000F000FF0F00002A08005B
:10A7D000000E0800000000FFE00100000406000079
:10A7E00000003800180600000C06000000100000F1
:10A7F0000804000044140000481400004C14000039
:10A80000501400004014000000000800945C010097
:10A81000BC5F01009C6601009C5C01008C7502001D
:10A82000985C01000000010008680F22043102401A
:10A83000052AF9D1014A1040F746000000F0FFFF59
:10A8400008680F2204310240052AF9D18022104203
:10A85000F6D0014A1040F74600F0FFFFFEE7000087
:10A8600000487047BC5F010000487047FC5F010072
:10A8700000487047606001000048704708600100B0
:10A8800003F04ABA01238B402DE9F74FB3F5001FBF
:10A8900028BF4FF40013042B38BF04230330019367
:10A8A00020F00304FFF7E0FF354B0022D3F800B09F
:10A8B00015469446134627E0D1F800A0A24522D3BE
:10A8C00001F10807019E07EB0A08C6F10009C4EB75
:10A8D000080609EA0606BE4215D3DDF8049009F120
:10A8E000FF3919EA070FCDF8009002D0F71B072FA8
:10A8F00009D9C4EB0A075F4505D2424635466FB118
:10A90000BB4684460B46084641680029D4D13BB972
:10A910001C4A18461168013111602FE084460B462D
:10A92000521B111B072909D918682A19401A08391E
:10A9300018602951596851605A6022461968891A6D
:10A94000072903D85A68CCF8042004E05A50A1F132
:10A9500008021A605B180C48002219685A600268E5
:10A960008A18026009480168083101608918084A9C
:10A970001068814288BF116003F10800BDE8FE8FB6
:10A98000F4030000F0030000140400004804000079
:10A990000460010038B5194B50F8082C19680546B9
:10A9A0008A1A1A60164BA0F108041A68083A1A604D
:10A9B000FFF75AFF02E0A34203D218464368002B78
:10A9C000F9D155F8082CA9188B4205D119685B6894
:10A9D0005218083245F8082C6360036803F1080236
:10A9E0008218A24207D155F8082C9B18083303603F
:10A9F0006368436000E04460002038BD1404000038
:10AA00004804000010B500214022044605F04ADC4D
:10AA1000104B2360104B6360104BA360104BE3603E
:10AA2000104B2361104B6361104BA361104BE3612A
:10AA3000104B2362104B6362104BA362104BE36216
:10AA4000104B2363104B6363104BA363104BE36302
:10AA500010BD00BF00000000F8370100F83701000A
:10AA6000915C0100945C0100BC5F0100BC5F0100CF
:10AA70009C6601009C660100FCB60200FCB6020068
:10AA80008C6A0300FC0000000001000000000000D0
:10AA900000000000F0B52D4D91B06846FFF7B2FF01
:10AAA0002978002937D10898099C241A06D0224613
:10AAB00005F0F8DB0898214609F06EDD22462449AE
:10AAC000244805F015DC244B00241C7001232B7056
:10AAD000224D09F091DC2B68002B33D01A78002A24
:10AAE00030D09F895E890CE02B681D4AD989106897
:10AAF0000AF076DC0134014630B1184B186806F0D4
:10AB0000B1DBA319BB42EFDB164B296818680122A1
:10AB100006F0ECDB16E0144E317899B90A980B9CDC
:10AB2000241A06D0224605F0BDDB0A98214609F01A
:10AB300033DD08480D49224605F0DADB00232B708F
:10AB40000123337009F058DC11B0F0BDFC030000A4
:10AB50009AFB88005539010014600100440400008C
:10AB6000900400002C0400006C600100521E89005B
:10AB7000014B1868704700BF945C010000207047CB
:10AB80002DE9F04F9DB00AA8FFF73CFFFFF7F0FF5B
:10AB90000446FFF7F3FF0A9B0B9A0F99D21A0E9BFC
:10ABA0000D9DC3EB01091199109B6E4ECB1A0C99A8
:10ABB000DFF80082C1EB050B93443268D8F800102F
:10ABC00002F50052521A4A44D2185A441419241851
:10ABD0000994DFF8E4A1644C644F2268DAF800506D
:10ABE0006348AD183A680893C5EB020CCDF81CC059
:10ABF00005F07EDB089B09F57E71019303F57E73FA
:10AC000007339B0A07310BF57E72890A07320293DC
:10AC10000823920A0091039359464B46554805F084
:10AC200067DB336820683968DDF81CC00190039346
:10AC300000F57E7003F57E730CF57E7601F57E726D
:10AC400007300733800A9B0A07320736B60A920A92
:10AC50000290049348486346009605F049DB099941
:10AC600005F57E7201F57E7307339B0A0732920A5F
:10AC700000932946099B414805F03ADB404B414F80
:10AC80001968414805F034DB3968404B0A6846468C
:10AC90009A4203D03E4805F02BDB25E01A910B4683
:10ACA00004E015683948131D854203D11A461BABD1
:10ACB0009A42F6D333681AAD009336482B461A925F
:10ACC00005F016DB3B681A9AE91A3348D31A0A468C
:10ACD000009305F00DDB33681A9A591B2F489B1A15
:10ACE0000A46009305F004DB2D4B1B684BB31A7822
:10ACF0003AB35989DD891A8901FB05F638354D4388
:10AD000006F57E7307339B128DE8280005F57E73E8
:10AD100007339B1202932348334605F0E9DA236890
:10AD2000DAF80020991B9B185B1B03F57E7001F578
:10AD30007E720730800A07320090920A1A4805F0A6
:10AD4000D7DA1A4B1D6809F081DD044609F078DD79
:10AD5000294603462246164805F0CADA1DB0BDE86A
:10AD6000F08F00BF0460010014040000F403000031
:10AD70008839010097390100D63901001B3A0100DA
:10AD8000F003000068600100563A01004B41545343
:10AD9000713A0100953A0100CC3A0100F13A010004
:10ADA00044040000173B0100443B01000404000080
:10ADB0006C3B0100106001004804000008B57146BA
:10ADC000034805F095DA0120BDE8084009F0249E0B
:10ADD0009A3B010000487047186001002DE9F341DB
:10ADE00007460C4609F032DD10B909F035DD3AE0CE
:10ADF000002620460DF106016A46ADF80660009671
:10AE000007F103080AF072D9009D28F003084544B1
:10AE100040F638039D4226D82DB328463146FFF729
:10AE200031FD0446F8B13146009A05F03BDA009B4B
:10AE3000A781ED1AE218C8EB050802EB0803A3602E
:10AE40006368013D62F3140363601B0C65F34F13E9
:10AE5000E380204609F0DEDC01232080A370BDF8EA
:10AE60000630E38104E0044B00241A6801321A60C2
:10AE70002046BDE8FC8100BF4C04000038B5044604
:10AE8000E389590621D4A278013AD2B2A270002AED
:10AE900027D1E27862B1134B204653F82250E9895A
:10AEA0000AF0D4D928462146BDE8384006F0509A29
:10AEB000DA0516D40C4B2046A360218809F0D4DCB7
:10AEC0002046BDE83840FFF765BD074B2046A3602C
:10AED0002188A56B09F0C8DC2046FFF75BFD2C46F6
:10AEE000CEE738BD50610100EFBEADDEF8B51F4EB4
:10AEF00001220D463068002102F0AAFF002108223D
:10AF00000746306802F0A4FF022D014610D107EA7F
:10AF1000000414F4806406D0306821F480610022BB
:10AF200002F096FF2C46FA041ED544F004041BE000
:10AF3000052D10D107F40064D4F1010438BF0024BA
:10AF4000BB0511D5306841F48061002202F080FF1A
:10AF500044F0200408E035B9306829460522BDE8F0
:10AF6000F84002F075BF00242046F8BD0004000040
:10AF700029B9034B11461868072202F069BF7047D0
:10AF8000000400002DE9FF470446FFF723FF236874
:10AF9000C462032B03D1474B18680FF0EFD9236825
:10AFA000A3F110020F2A04D804B0BDE8F04709F05D
:10AFB000CF9B032B0FD1404AE36C22F00102934256
:10AFC00009D1626C06339361636C4FF0FF321A60F3
:10AFD00004B0BDE8F087656CFFF7CAFD374E636CBF
:10AFE000F169C3EB000A3268354805F081D9A36CDA
:10AFF00021680093636C22460193A3683148029351
:10B00000E36800270393E36C05F072D9E36904F168
:10B0100010010093236A2C480193636A4FEA9A0A4D
:10B020000293A36AB94603930EC905F061D9A36BD5
:10B0300004F12C010093E36B24480193236CB84680
:10B0400002930EC905F054D9EB682148009395E8A6
:10B050000E0005F04DD9EB6905F1100100931D4874
:10B060000EC905F045D918E07A59D3070FD5FF2A44
:10B070000DD9194B9A4204D902F16243B3F5801FEE
:10B0800005D81648394605F033D909F101090437C6
:10B09000B9F10F0F08F1010801D8D045E4D13368A8
:10B0A000002043F4806386E8180004B0BDE8F04750
:10B0B00009F0B29C00040000D1C080007060010063
:10B0C000C63B0100DC3B0100113C0100443C010097
:10B0D000733C0100913C0100F8370100AF3C0100D6
:10B0E000036810B5022B044603D0084B18680BF018
:10B0F000BDDE2046FFF746FF2368022B05D0034B39
:10B100001868BDE810400BF0F19E10BD000400006F
:10B11000014B1868704700BFB46001002DE9F04191
:10B1200004464C200E46154698460AF0D1D80746EC
:10B13000A0B100214C2205F0B5D84FF4F0637B6339
:10B140004FF47A73FB631C233B640C237B6404235E
:10B15000C7F80C803E607D60BC60BB643846BDE8CB
:10B16000F081704710B515F04BFF15F059FF15F041
:10B17000B3F816F005F8044615F06CF820461BF0FD
:10B18000D9FCFFF787FC2046BDE8104009F0AE9AD5
:10B19000002301E0013340080028FBD1C3F1200067
:10B1A0007047C0177047431E23EA0000FFF7F9BF3E
:10B1B0004840FFF7F8BF22EA0002084010437047FA
:10B1C00008B5FFF7F8FFC0B208BD2DE9F843DDF878
:10B1D000208006460D4614469946002707E0E95DA3
:10B1E000E25D3046FFF7ECFF08F8070001374F45F6
:10B1F000F5D1BDE8F8830379013BDBB2A3EB511332
:10B2000000EB83008068D0F1010038BF0020704758
:10B2100010F0010130B51AD002230122591E012479
:10B220009DB214FA01F1202D02D09C40013C01E0B6
:10B230004FF0FF3400FB02F52C40A14234BF8918C7
:10B2400011460133212B0A46E8D1084630BD084695
:10B2500030BD38B5054600F51770FEF3BDF7002484
:10B260000AE004F1760005EB8000436813B1043076
:10B27000FFF304F70134A4B2B5F85831A342F0D873
:10B2800038BD2DE9F041061D9AB004460431304620
:10B2900004321D46FEF384F60746002D30D02046CA
:10B2A00001210AAA202305F10408FFF3FDF647B99E
:10B2B00020462946FFF368F60028D4BF002001206D
:10B2C00000E001200021FFF773FF314605464246AA
:10B2D0003046FFF3FBF4012112AA20232046FFF39E
:10B2E000E3F602AEE8B20AA912AA20230096FFF7FD
:10B2F0006CFF63682046012132469B0000F0AEDA05
:10B300001AB0BDE8F081F0B5071D9BB004460431CA
:10B31000384604321D46FFF3D9F4064625B32023F0
:10B320000AAA01212046FFF3BFF630460021FFF7AD
:10B330003FFF2A1D064639463846FEF331F6012105
:10B3400012AA20232046FFF3AFF602ADF0B20AA9FD
:10B3500012AA20230095FFF738FF636820460121D9
:10B360002A469B0000F07ADA1BB0F0BD2DE9F041CF
:10B37000B8B0154606468846FFF3C4F66A68044628
:10B3800002329300502B4FD8D8F8043003339B007F
:10B39000902B49D824A9FFF379F50746002844D01B
:10B3A0006A6805F10801920026A804F0F7DED8F8D3
:10B3B0000420204669460332FFF368F5044600285E
:10B3C00033D02846FFF3A2F66D686D01451B00E0FF
:10B3D000203515F11F0FFBDB20464146FFF306F633
:10B3E0003DB13846294600F079DA2046294600F07A
:10B3F00075DA201D391DFFF39FF220463946FFF311
:10B40000C3F5002805DB204621463A460023FFF716
:10B410007AFF1DB12046694200F060DA30462146CD
:10B42000FFF3E4F5012000E0002038B0BDE8F08132
:10B4300008B528B1FFF36AF6D0F1010038BF00204B
:10B4400008BD2DE9F0410446ACB00D461646FFF3A9
:10B4500059F66B6862682B94B2EB430F01D3201D41
:10B4600008E001210022DB00FFF3CAF42B90002842
:10B470004ED00430291DFFF3DBF23046FFF7D8FF32
:10B480000121FFF795FE20230BAA012180462046CB
:10B49000FFF30AF62B981BAD201A18BF01200121DB
:10B4A000FFF786FE2B9907462046FFF39FF5012103
:10B4B00013AA20232046FFF3F7F5F8B213A90BAA2D
:10B4C00020230095FFF781FE01212A4620232046F4
:10B4D000FFF3EAF5324620462B99FFF747FF064671
:10B4E000B8B1012123AA20232046FFF3DDF503AEE6
:10B4F0005FFA88F023A92A4620230096FFF765FE0D
:10B500003246204601212023FFF3CEF5012600E03C
:10B5100006462B9B9C4202D02BA8FFF3AFF530468A
:10B520002CB0BDE8F0812DE9F74FD2F804A00779DF
:10B530005FFA8AF991F80480144600F1080609F1CF
:10B54000FF390D4630460021BA005FFA89F9083408
:10B5500004F0A8DE013F08F1FF3104EB890B6FEA2C
:10B560000909C9B24FEA8909FFB208354FEA8808CC
:10B5700005EB8105CDF80490002306EB8706C8F1A2
:10B58000000900211DE05FFA8AF84FEA88085C464E
:10B59000C8EB0608304600270DE03A46076854F825
:10B5A00004C90023D2196F5843F10003E7FB0C23B1
:10B5B00040F804291F464045EFD101980439335023
:10B5C000043E4945DFD10020BDE8FE8F2DE9F04F54
:10B5D000BDB088464699D0F80C900C1D8568039440
:10B5E00000684C6808F10401049109F10401059117
:10B5F0000790114628461A460023FFF794FF98F853
:10B60000042099F804302E790892002109F10800ED
:10B610009A000835069306F1FF3A04F043DE0398DA
:10B6200005EB8A0AA50040194FEAC40B0A90CBEB40
:10B630000A0B5146A4460020AE462BE00B68079A41
:10B640000A9F53430E4609932546002002910EE0BF
:10B6500057F8043931680B93002342180B98099965
:10B6600043F10003E1FB002346F80429184615F1D5
:10B67000FF35EDD20299A5004D1B07E01E6800239F
:10B68000821943F1000345F804291846AB452B46BF
:10B69000F4D304391CF1FF3CD0D2059A069B7546C1
:10B6A00002EB8306CBF80000CEEB0A0A2246002309
:10B6B00003E05AF80310F150043B013A971CF8D10B
:10B6C0000021D9F80800FFF773FD0599039A074692
:10B6D0000498FFF3FBF202212B4640460CAAFFF32D
:10B6E000E3F40498089900EB810303E056F8042979
:10B6F00043F8042914F1FF34F8D202211CAA2B4686
:10B700004046FFF3D1F42CACF8B21CA90CAA2B468E
:10B710000094FFF75AFD4046022122462B4600F0D6
:10B720009DD800203DB0BDE8F08F2DE9F04F0446D4
:10B730008BB0184609921F460891FFF3E3F47B682B
:10B7400004F5AC7206929B00002200250590A4F837
:10B75000582107932E4668E004EB8609D9F80410B7
:10B76000002960D00698FFF3D7F0804600285AD110
:10B7700001214246079B0598FFF342F305F1200A99
:10B7800004EB8A0ACAF85C01D9F8040004EB8503CB
:10B79000C3F85C01FFF7FCFCC0F11F00C0B20490CD
:10B7A0000999DAF85C01FFF321F4C146DDF810A035
:10B7B00032E04FF0010B05F1200884F860B204EB91
:10B7C0008808D8F85C1104F5177C60460A460B46D9
:10B7D000CDF80CC00097FFF7F9FE049ADDF80CC015
:10B7E00053B2C9EB03030BFA03FB04EB86035B685C
:10B7F0001BEA030F0AD0002384F86032D8F85C11EA
:10B800006046089A0B460097FFF7E0FE0AF1FF3A00
:10B810005FFA8AFA09F101091AF0800FC9D00135DF
:10B82000EDB2A4F858510136F6B294F84431B3425F
:10B8300092D801200BB0BDE8F08F2DE9F04F834680
:10B84000ADF52F7D18461C4689469246FFF35AF403
:10B85000676801258046BE0000212422A1A804F0CB
:10B8600021DD2946002233464046A195FFF3C8F268
:10B87000294600223346AB904046FFF3C1F22946E9
:10B8800000223346AC904046FFF3BAF202217B1906
:10B890008B40AD90A1AA4046FFF3B2F2AA90AB98BC
:10B8A00000F008D8267904F10805013EF6B255F8F3
:10B8B000260010F0010000F093804946AA9A234622
:10B8C000AC98FFF32DF72346AB99AA9AAD98FFF3F6
:10B8D00027F755F82600FFF79BFC002105464FF49B
:10B8E0001E7203A804F0DEDC05236A4221469AA8F2
:10B8F0008DF80C30FEF37CF4514603A8FEF3DEF322
:10B90000234603A8AC99AD9AFFF70FFF9DF850713D
:10B9100007F1FF381FFA88F80FFA88F3002B4FDB86
:10B9200003A800EB8303596859A8FEF3BBF61F2850
:10B9300046D803A901EB8003D3F8DC11AD98FFF3DF
:10B9400055F3C8F1000800252DE0AD9901238DF8CD
:10B950006C329AA80A460B460094FFF737FEBB1ECE
:10B960001BB203A8EA18C3185B1993F804313146D7
:10B9700001369942E9DB00EB8203596891B100235B
:10B9800059A88DF86C32FEF38DF61F2818D803A93C
:10B9900001EB8003AD990094D3F8DC219AA80B4603
:10B9A000FFF714FE013D45454FF00006D7D19AA898
:10B9B0005946AD9AAB9B8DF86C620094FFF706FE7A
:10B9C00003A8FFF746FCACA8FFF358F3ADA8FFF3BC
:10B9D00055F3ABA8FFF352F3AAA8FFF34FF30120EE
:10B9E0000DF52F7DBDE8F08F2DE9F04FB3B003903A
:10B9F00018461C468A469346FFF384F3D4F8049015
:10BA0000012509F10107BF0080464FEA89060021A0
:10BA10003A4605A804F046DC294600223346404653
:10BA20000595FFF3EDF12946002233462E9040465E
:10BA3000FFF3E6F12946002233462F904046FFF3FC
:10BA4000DFF129460022334630904046FFF3D8F11B
:10BA500002213B46319005AA4046FFF3D1F12D90DB
:10BA60002E98FFF327F7267904F10805013EF6B278
:10BA700055F82600DAF8047010F0010000F08B8011
:10BA800051462D9A23462F98FFF34AF62E992D9A68
:10BA900023463098FFF344F655F82600FFF7B8FB2D
:10BAA0007F014242214626A8FEF3A2F3013F01E0B6
:10BAB000A6F12007BEB258463146FFF79CFB00288E
:10BAC000F6D109F1FF393FB20BF1080AA9EB67176C
:10BAD0005AF82700FFF75CFB361A3BE03099012546
:10BAE0000A460B4626A88DF89C500094FFF76EFD81
:10BAF000294616AA20233098FFF3D6F230994FF04A
:10BB000000080B462F9A26A88DF89C800094FFF71A
:10BB10005DFD1EAA294620233098FFF3C5F206F0EA
:10BB20001F0015FA00F0A9EB67175AF827304146B5
:10BB30001840FFF73DFB0EAFC0B216A91EAA202386
:10BB40000097FFF742FB309829463A462023FFF33F
:10BB500085F6013EB6B237B2002FBFDA0023039953
:10BB6000309A8DF89C3026A82E9B0094FFF72EFD6E
:10BB700026A8FEF331F32FA8FFF380F230A8FFF3DD
:10BB80007DF22EA8FFF37AF22DA8FFF377F231A809
:10BB9000FFF374F2012033B0BDE8F08F2DE9F04FD0
:10BBA000BFB0039018461D4689469246FFF3AAF29D
:10BBB0006E6802230124B60000278DF8F7300A23AF
:10BBC0003C9321463A463346804637973B978DF85B
:10BBD000F640FFF315F121462D903A463346404694
:10BBE000FFF30EF121462E903A4633464046FFF3CE
:10BBF00007F102212F903A4633464046FFF300F109
:10BC0000214630903A4633464046FFF3F9F021464C
:10BC100031903A4633464046FFF3F2F021463290E7
:10BC20003A4633464046FFF3EBF0214633903A461E
:10BC300033464046FFF3E4F0214634900DF1F6021E
:10BC400023463398FFF30AF621460DF1F702234607
:10BC50003498FFF303F621463A4633464046FFF355
:10BC6000CFF0214635903A4633464046FFF3C8F0C0
:10BC7000214636903A4633464046FFF3C1F021460E
:10BC800038903A4633464046FFF3BAF021463990A1
:10BC90003A4633464046FFF3B3F021463A903CAA79
:10BCA00023463098FFF3DAF530982B4602462946B2
:10BCB000FFF729FB03992A462D98FFF7C2FB2B4675
:10BCC00030992D9A2E98FFF32BF52E992A462F980E
:10BCD000FFF7B7FB2E982F9A01462B46FFF7D1FAB4
:10BCE0002E98FFF7A5FB2146FFF762FA2946844606
:10BCF000349A2F982B46CDF808C0FFF704FB2E99F5
:10BD00002F9A2B463198FFF76FFE4A462B46309903
:10BD10002E98FFF305F52E9829460246FFF374F29C
:10BD200051462E9A2B463598FFF3FAF452462B468D
:10BD30002E982946FFF7E7FA484629462F9AFFF33F
:10BD400063F22E982F9A01462B46FFF3E9F42F98C1
:10BD50003399319A2B46FFF794FA2E992F9A2B4656
:10BD60003698FFF3DDF4202321461DAA3598FFF312
:10BD70009BF12023214625AA3698FFF395F1DDF8A3
:10BD800008C00DF1540B5FFA8CF01DA925AA3346AB
:10BD9000CDF800B0FFF719FA334621465A4640461F
:10BDA000FFF32EF02A46014637902E98FFF749FB05
:10BDB0002E98379A01462B46FFF3B2F44946379A3C
:10BDC0002B462F98FFF3ACF42E982F9A01462B4662
:10BDD000FFF757FA524639982E992B46FFF751FA3A
:10BDE00030992D9A2B462E98FFF39AF42B462E99D4
:10BDF000379A3898FFF394F438992A462E98FFF72B
:10BE000020FB2E98389A01462B46FFF389F44946C9
:10BE1000389A2B462F98FFF383F42E982F9A0146D9
:10BE20002B46FFF72EFA52463A982E992B46FFF7EB
:10BE300028FA339A2B462E982946FFF764FA2E9853
:10BE40002146FFF34BF52E982B4602463999FFF712
:10BE5000CBFD2E98FFF7ECFA214681462E98FFF392
:10BE6000AFF2214640EA0900FFF7A2F921468146D8
:10BE70001DAA20233998FFF317F15FFA89F92023CF
:10BE8000214625AA3A98FFF30FF148461DA925AA95
:10BE90003346CDF800B0FFF798F921465A463346AD
:10BEA0004046FEF3ADF720233B9021461DAA37986C
:10BEB000FFF3FAF02023214625AA3898FFF3F4F087
:10BEC0000DF1140A48461DA925AA3346CDF800A055
:10BED000FFF77BF92023284621461DAAFFF3E4F053
:10BEE00006F1FF393EAB994419F8843C03F0030393
:10BEF000032B03D0444804F0FBD954E03A464046B3
:10BF000021463346FEF37CF73B4680462946339A6A
:10BF10002E98FFF7B6F92E980221FFF3DFF42B4697
:10BF20003B992E9A4046FFF75FFD21461DAA20232C
:10BF30000398FFF3B9F025AA202321464046FFF3DA
:10BF4000B3F019F8840C19F8641C00F0010001F03A
:10BF50000101FFF72DF929462B46074642462E9848
:10BF6000FFF7D1F921461DAA20234046FFF39CF09C
:10BF7000214625AA20232E98FFF396F00AEB06050A
:10BF8000F8B21DA925AA33460095FFF71EF92146F0
:10BF9000524633464898FFF361F4499821462A46B1
:10BFA0003346FFF35BF42DA8FFF368F02EA8FFF3F0
:10BFB00065F02FA8FFF362F031A8FFF35FF030A81F
:10BFC000FFF35CF032A8FFF359F033A8FFF356F00B
:10BFD00034A8FFF353F035A8FFF350F036A8FFF371
:10BFE0004DF037A8FFF34AF03BA8FFF347F038A81D
:10BFF000FFF344F039A8FFF341F03AA8FFF33EF015
:10C0000000203FB0BDE8F08FE93C010000487047D8
:10C01000883D010000487047103D0100004870470E
:10C020004C3D010000487047C43D0100012801D18A
:10C03000FFF7F0BF022801D1FFF7F0BF032801D1BD
:10C04000FFF7F0BF042801D1FFF7E0BF00207047E1
:10C0500000487047DC60010000487047305D010017
:10C06000014B43F82010704750610100034B53F817
:10C070002000431A584240EB030070475061010012
:10C0800042893C2928BF3C21034691422CBF0846E7
:10C09000104698817047000000F13402342A08B538
:10C0A000034606D905482021054A04F061D9034812
:10C0B00008BD044A434252F8230008BD3061010024
:10C0C0007F3E01000CA2880038B5049C1D467CB15F
:10C0D000FF2B0DD002B95BB96B1C2070A17063708F
:10C0E00025B11146E01C2A4604F058D803356419DE
:10C0F000204638BDC0F3804070470000044B00F478
:10C100004032134303420CBF00200120704700BFA0
:10C11000D091540038B50546FFF7F0FF38B10B4B0E
:10C120002B4033B915F4900418BF182402E00446DC
:10C1300000E01024284605F0BDDF20B1034B2B4062
:10C14000002B18BF1024204638BD00BFC4D1040006
:10C1500000487047685D0100004870477852010050
:10C160000020704708B5FFF7F3FF417802780123FC
:10C1700013FA01F113FA02F20A4381788B4042EA82
:10C18000030008BD2DE9F7434FF0000804460F46B1
:10C19000164699464546012303FA08F313EA090FA8
:10C1A0002BD063692046222B0ADDE3695A0607D5A6
:10C1B00040F6270100220EF0AFDA0146204600E0EB
:10C1C00000214FF4C4620EF047D9C0F800806369C3
:10C1D0002046222B0ADDE3695B0607D540F62701DE
:10C1E00000220EF099DA0146204600E0002140F2DC
:10C1F00024620EF031D903681D4308F10108B8F13B
:10C200001F0FC8D19DF828304BB145B101230093D1
:10C2100020462B4639463246FFF7B4FF05432846F1
:10C22000BDE8FE83816838B540F63C039942044678
:10C2300028D1C3680B2B03D84FF0A871994001D4C3
:10C240000C2B1FD949F218239A4205D049F64043D6
:10C250009A4217D10C4D00E00C4D63692046222B09
:10C260000ADDE369590607D540F6270100220EF0E2
:10C2700053DA0146204600E0002140F2DC620EF075
:10C28000EBD8056038BD00BF99010100B60101007F
:10C2900038B543690446222B0ADDC3695D0607D51C
:10C2A00040F6270100220EF037DA0146204601E071
:10C2B000204600214FF4C0620EF0CED8056820461B
:10C2C00005F07C05AD08FFF747FF03E08378AB423C
:10C2D00007D00C3010B10388002BF7D12046FFF7B0
:10C2E0003FFF03884FF47A70584338BD70B5044659
:10C2F00016460D460AF0B0DD94F86023094B00287D
:10C3000018BF0123012A94F8682308BFD4F85C33CE
:10C31000012A0CBFD4F864236FF000422B60326016
:10C3200070BD00BF0100820E2DE9FF471D46436925
:10C3300090460022222B044689460292039209DD90
:10C34000C3695F0606D540F627010EF0E5D9014620
:10C35000204601E0204600214FF4C4620EF07CD854
:10C360000560236A20460C2B636916DD222B0ADD4B
:10C37000E3695E0607D540F6270100220EF0CCD90E
:10C380000146204600E000214FF4C5620EF064D85B
:10C3900007683F0CBF05BF0D14E0222B0ADDE369DF
:10C3A000590607D540F6270100220EF0B5D90146FF
:10C3B000204600E000214FF4C5620EF04DD807681A
:10C3C0003F0AFFB20123AB400026204649464246C1
:10C3D0000096FFF7D7FE0546012212FA06F32B421C
:10C3E00007D00092204649464246FFF7CBFE25EA99
:10C3F000000501361F2EEFD1204602A903AAFFF740
:10C4000075FF029B002625EA030A35460123AB404F
:10C4100013EA0A0F08D0204649464246EBB2FFF71E
:10C4200083FF864238BF064601351F2DEED1B81C6A
:10C43000801904B0BDE8F0872DE9F041069E04465E
:10C4400015461F46FFF78EFE002870D010EA06083A
:10C4500000EA07072CD063692046222B0ADDE36936
:10C460005A0607D540F6270100220EF055D901469D
:10C47000204600E0002140F21C620DF0EDDF636910
:10C480000646222B20460ADDE3695B0607D540F607
:10C49000270100220EF040D90146204600E000218D
:10C4A00040F21C620DF0D8DF036843EA08033360F2
:10C4B000002F2BD063692046222B0ADDE3695E063C
:10C4C00007D540F6270100220EF026D90146204666
:10C4D00000E000214FF4C3620DF0BEDF6369064641
:10C4E000222B20460ADDE369590607D540F62701CD
:10C4F00000220EF011D90146204600E000214FF441
:10C50000C3620DF0A9DF03681F433760079B9A03DE
:10C5100005D4BDE8F0810A2008F0C8DB01E040F254
:10C52000DD54D5F8E0319B0301D4013CF3D1BDE8E3
:10C53000F081F7B51E4643690446222B0F46154687
:10C540000BDDC3695A0608D540F6270100220EF01C
:10C55000E3D800970146204602E0009720460021DC
:10C560004FF0FF334FF4CA620EF026DC6369222BD2
:10C570000CDDE3695B0609D540F627012046002261
:10C580000EF0CAD800960146204602E000962046EA
:10C59000002140F254622B460EF00EDCFEBDF7B5D2
:10C5A0001E4643690446222B0F4615460BDDC36920
:10C5B0005B0608D540F6270100220EF0ADD80097A3
:10C5C0000146204602E00097204600214FF0FF334D
:10C5D0004FF4CB620EF0F0DB6369222B0CDDE369D4
:10C5E000590609D540F62701204600220EF094D8BE
:10C5F00000960146204602E000962046002140F2C7
:10C600005C622B460EF0D8DBFEBDF7B51E464369D3
:10C610000446222B0F4615460BDDC369590608D583
:10C6200040F6270100220EF077D8009701462046F9
:10C6300002E00097204600214FF0FF334FF4CC6218
:10C640000EF0BADB6369222B0CDDE3695A0609D5CB
:10C6500040F62701204600220EF05ED800960146E3
:10C66000204602E000962046002140F264622B46FC
:10C670000EF0A2DBFEBD436913B5222B04460DDD8F
:10C68000C3695B060AD540F6270100220EF044D8A4
:10C690004FF4806301460093204604E04FF480632A
:10C6A0000093204600214FF4C0620EF085DB1CBDD4
:10C6B0002DE9F04F013AD2B2082A85B004469A46D5
:10C6C00015D8374B9E5C374B9F5C374B13F8029065
:10C6D000364B9B5C0393364B13F802B0354B9B5C97
:10C6E0000293354B13F80280344B9D5C07E0002524
:10C6F000A8460295AB460395A9462F462E46636988
:10C70000222B0DDDE3695B060AD540F627012046A2
:10C7100000220EF001D8CDF800900146204603E03B
:10C72000CDF80090204600214FF0FF334FF4CB624C
:10C730000EF042DB6369222B0FDDE36958060CD54E
:10C7400040F62701204600220DF0E6DF07EA0A0343
:10C75000B34001460093204605E007EA0A03B340D0
:10C7600020460093002117FA06F340F25C620EF0B7
:10C7700023DB039B83B148FA0BF208EA0A0848FA64
:10C780000BFB2046029C2946A2400BFA04F305B09D
:10C79000BDE8F04FFFF703BF05B0BDE8F08F00BF65
:10C7A0005C510100655101006E510100775101009B
:10C7B00080510100EC530100F851010001520100C9
:10C7C0002DE9F843044689460DF040DE0021064677
:10C7D00020460EF0EBDB80462046FFF7B9FC07460B
:10C7E00020460EF055DA4946054642463B7820463B
:10C7F000FFF79AFD0B2302305843074B3146EB18E5
:10C80000B3FBF5F5454320460EF0D0DB0A23B5FB1C
:10C81000F3F5A8B2BDE8F8833F420F0038B543698D
:10C820000446222B0ADDC3695D0607D540F62701C1
:10C8300000220DF071DF0146204601E02046002174
:10C8400040F214620DF008DE63690568222B204671
:10C850000ADDE369590607D540F6270100220DF0ED
:10C860005BDF0146204600E0002140F214620DF03B
:10C87000F3DD03689D4214D063692046222B0ADD54
:10C88000E3695A0607D540F6270100220DF044DF80
:10C890000146204600E0002140F214620DF0DCDD8C
:10C8A0000568284638BD38B51C461D68FFF7B6FF39
:10C8B00003462360401B38BD2DE9F743002504469D
:10C8C0000F46164698469DF828900195FFF7A6FF5B
:10C8D000019063692046222B0ADDE3695B0607D5D8
:10C8E00040F6270100220DF017DF0146204600E048
:10C8F00000214FF4C2620DF0AFDDB9F1010F006805
:10C9000001D108B90EE050B9B8EB451F09D920464E
:10C910003946324601ABFFF7C6FF2D18D9E7002094
:10C9200000E001200B9B6D011D60BDE8FE832DE939
:10C93000F04F002685B08046894692460396012531
:10C9400003AF40464946524643F698230095019767
:10C95000FFF7B2FF044688B98DE8810040234046C6
:10C9600049465246DDF80CB0FFF7A6FF039B38B9E5
:10C970009B445E4443F697239E42E0D9284600E05C
:10C98000204605B0BDE8F08F2DE9F843994643698C
:10C990000446222B0E461546DDF82080099F0ADD4D
:10C9A000C3695A0607D540F6270100220DF0B4DE10
:10C9B0000146204601E0204600214FF4C3620DF0FD
:10C9C0004BDD03682046C9F800306369222B0ADD7D
:10C9D000E3695B0607D540F6270100220DF09CDED7
:10C9E0000146204600E0002140F21C620DF034DDDB
:10C9F00003682046C8F80030D5F8E0313B60FFF707
:10CA0000B1FB0746002872D0D5F8E031990304D471
:10CA1000204631462A46FFF78AFF63692046222BCB
:10CA20000ADDE3695A0607D540F6270100220DF01A
:10CA300073DE0146204600E000214FF4C3620DF092
:10CA40000BDD63690646222B20460ADDE3695B069F
:10CA500007D540F6270100220DF05EDE0146204694
:10CA600000E000214FF4C3620DF0F6DC0368FF43E1
:10CA70003B40336063692046222B0ADDE3695E0692
:10CA800007D540F6270100220DF046DE014620467C
:10CA900000E0002140F21C620DF0DEDC6369064616
:10CAA000222B20460ADDE369590607D540F6270107
:10CAB00000220DF031DE0146204600E0002140F268
:10CAC0001C620DF0C9DC036840F2DD541F40376082
:10CAD00002E00A2008F0EAD8D5F8E0319A0301D53F
:10CAE000013CF6D16420BDE8F84308F0DF98BDE8CA
:10CAF000F88337B5044601AB4FF400616A460EF087
:10CB000063DA63692046222B0ADDE3695D0607D5F7
:10CB100040F6270100220DF0FFDD0146204600E02F
:10CB200000214FF4CE620DF097DC056815F000533C
:10CB300016D063692046222B0ADDE369590607D522
:10CB400040F6270100220DF0E7DD0146204600E017
:10CB500000214FF4CE620DF07FDC0560012500E07E
:10CB60001D4620469DE806000EF04CD928463EBDE5
:10CB700070B504460E460DF069DC002105462046DE
:10CB80000EF014DA314602462046FFF781FB2946B3
:10CB9000064620460EF00ADA304670BD014B18609A
:10CBA000704700BF94610100F8B5484F04463A68E9
:10CBB000002A40F089804369222B09DDC3695B06A6
:10CBC00006D540F627010DF0A7DD0146204601E01D
:10CBD0002046002140F214620DF03EDC63690568D6
:10CBE000222B20460ADDE3695E0607D540F62701C1
:10CBF00000220DF091DD0146204600E0002140F2C8
:10CC000014620DF029DC03689D4214D0636920464C
:10CC1000222B0ADDE369590607D540F627010022D9
:10CC20000DF07ADD0146204600E0002140F214625A
:10CC30000DF012DC056842F2107008F037D8636915
:10CC40002046222B0ADDE3695A0607D540F6270164
:10CC500000220DF061DD0146204600E0002140F297
:10CC600014620DF0F9DB63690668222B20460ADDA9
:10CC7000E3695B0607D540F6270100220DF04CDD85
:10CC80000146204600E0002140F214620DF0E4DB92
:10CC900003689E4214D063692046222B0ADDE369B3
:10CCA0005E0607D540F6270100220DF035DD01466E
:10CCB000204600E0002140F214620DF0CDDB066852
:10CCC000751B642675433D603868F8BD94610100AA
:10CCD0002DE9F74F0446884691461F460DF0E8DFE0
:10CCE0008346002840F0D98020460DF0AFDB59463E
:10CCF000824620460EF05AD9636905462D2B0CD189
:10CD0000D0F8F430B9F1000F02D023F0007301E045
:10CD100043F00073C5F8F430B8E02046FFF718FA86
:10CD2000C37801269E4000F0B180B9F1000F5ED0BB
:10CD300063692046222B0ADDE369590607D540F6D0
:10CD400027015A460DF0E8DC0146204600E00021AC
:10CD50004FF4C3620DF080DB036841463B6043EA59
:10CD600006070123009320463B462A46FFF70AFAAE
:10CD700063690743222B20460ADDE3695A0607D57B
:10CD800040F6270100220DF0C7DC0146204600E0F6
:10CD900000214FF4C3620DF05FDB414607602A4675
:10CDA0002046FFF7C4FD4FF47A7007F07FDF40F2B2
:10CDB000DD5702E00A2007F079DF63692046222B65
:10CDC0000ADDE3695B0607D540F6270100220DF076
:10CDD000A3DC0146204600E0002140F20C620DF089
:10CDE0003BDB0368334242D1013FE3D13FE03A6885
:10CDF0009AB963692046222B09DDE3695F0606D5EF
:10CE000040F627010DF088DC0146204600E00021B5
:10CE10004FF4C3620DF020DB026822EA060701230B
:10CE2000009320463B4641462A46FFF7ABF963692B
:10CE3000074337420CBF00260126222B20460ADD7D
:10CE4000E369590607D540F6270100220DF064DC9E
:10CE50000146204600E000214FF4C3620DF0FCDAE9
:10CE6000414607602A462046FFF761FD00E00126A3
:10CE700040F22D1702E00A2007F018DF2B6903F4B7
:10CE80008053B3EB063F01D0013FF4D12046514619
:10CE900003B0BDE8F04F0EF0899803B0BDE8F08F05
:10CEA000F0B589B004460D4606AA07AB4FF4006101
:10CEB0000EF08AD829462046FFF75AFE4FF47A76BC
:10CEC0000022B0FBF6F6134602212046FFF79DFB39
:10CED00000220746134600F00F0503212046FFF706
:10CEE00094FB4FF680733B40DF094FF4000320F0C2
:10CEF0007F42009303A804A9334603F09DDE05A8F2
:10CF00000399049A1823774303F0DADE05B92D60FC
:10CF1000059A4FF4006300934FF4805303A804A9CB
:10CF2000BA1893FBF5F303F087DE02A80399049A7D
:10CF30000C2303F0C5DE20460699079A0DF062DF48
:10CF4000029809B0F0BD10B504460DF0E7DE0146C9
:10CF50002046BDE81040FFF7A3BF70B50446164653
:10CF6000FFF7F1FF63690546222B20460ADDE369DE
:10CF70005B0607D540F6270100220DF0CDDB014608
:10CF8000204600E000214FF4CC620DF065DA042366
:10CF90000360D6F864364FF47A70DBB2B5FBF3F574
:10CFA000684370BD70B504460E460DF04FDA00219F
:10CFB000054620460DF0FADF314602462046FFF7CF
:10CFC000CCFF2946064620460DF0F0DF304670BD06
:10CFD000FFF7E8BF37B50446FFF7B5FF4FF4006130
:10CFE0006A4601AB054620460DF0EEDF00221346EF
:10CFF00020460421FFF709FB00F47F40030A00B933
:10D000001B60B5FBF3F520469DE806000DF0FADE47
:10D0100028463EBD70B504460E460DF017DA0021D5
:10D02000054620460DF0C2DF314602462046FFF796
:10D030007EFC2046FFF78CF863690646222B2046CB
:10D040000ADDE3695A0607D540F6270100220DF0F4
:10D0500063DB0146204600E0002140F20C620DF047
:10D06000FBD9F378012111FA03F3026829461A4229
:10D070000CBF0026012620460DF098DF304670BD1B
:10D0800070472DE9FF47836E002204460D46029249
:10D09000039263B1D0F8CC1000EB8101D1F8D40039
:10D0A000216E884205D1606E9847814602E099461C
:10D0B00000E0914620460DF0C9D900218246204665
:10D0C0000DF074DF02A9804603AA2046FFF70EF98F
:10D0D000029F00260396F7B13B462046294642466A
:10D0E0000096FFF74FF863693843222B02902046E1
:10D0F0000ADDE369590607D540F6270132460DF0EF
:10D100000BDB0146204600E000214FF4C3620DF026
:10D11000A3D9029B0360039EFEB10027334620463D
:10D12000294642460097FFF72DF863693043222BCA
:10D13000039020460ADDE3695A0607D540F6270129
:10D140003A460DF0E9DA0146204600E0002140F2BF
:10D150001C620DF081D9039B03602946424620469C
:10D16000FFF7E5FB204651460DF020DFE36E5BB193
:10D17000D4F8CC2004EB8202D2F8D410226E914273
:10D1800002D1606E49469847BDE8FF8710B500227E
:10D190000C4608F0B1D8A0B90A4B1B688BB11A78BD
:10D1A0007AB1DA8994420CD8184604F0E1D820B15B
:10D1B000054B1A6801321A6010BD044B1A6801321F
:10D1C0001A6010BD44040000986101009C610100D8
:10D1D000037E2BB14069D0F1010038BF00207047B9
:10D1E00001207047014B03EBC0007047A0610100B4
:10D1F000014B03EBC0007047C061010070B50C46E5
:10D20000164609F0B3DD80B100252846FFF7F0FF90
:10D2100003681BB980E85000184670BD0135EDB2B7
:10D22000042DF2D14FF0FF3070BD4FF0FF3070BDD4
:10D230006FF01600704770477047000003682DE9D3
:10D24000F041C0F8203143680022C0F824318368DF
:10D25000C0F82831C368C0F82C310369C0F83031F8
:10D260004369C0F834318369C0F83831C369C0F804
:10D270003C3100F59073534E1C69DF699559D3F822
:10D2800014C07D194FEAB41787EAF42787EA746758
:10D29000ED199F6927EA040704EA0C047C402C1965
:10D2A0008D1811F802C0EF78043247EA0C6795F840
:10D2B00001C0AD7847EA0C4747EA05256419DD61EE
:10D2C000DD68402A2544DD6093E8A01087EA0C0859
:10D2D00008EA05080CEA070C88EA0C074FEAB50CC7
:10D2E0008CEA753C8CEAB5553D442C4443F8044D1A
:10D2F000C1D100F1E00306F13C0500F120071A69F5
:10D3000055F8044FD9695E6961184FEAB21484EA8E
:10D31000F22484EA726409199C69D3F85CC024EA97
:10D320000204324062409E6B5C6A66444FEA744C71
:10D330008A188CEAF44C996D8CEA942434194FEADB
:10D34000F11686EAB14686EAD10161185218D96110
:10D35000D9688918D96093E8520084EA060C0CEA6F
:10D36000010C26408CEA06044FEAB10686EA7136C3
:10D3700086EAB1516118891843F8041DBB42BED139
:10D38000036842685918436A0160D3184360826891
:10D39000836AD3188360C268C36AD318C360026902
:10D3A000036BD31803614269436BD31843618269ED
:10D3B000836BD3188361C269C36BD318C361BDE8A3
:10D3C000F08100BFC0540100F0B5034696100F462F
:10D3D000002510E057F8044B01354FEA146C83F830
:10D3E00000C04FEA144C83F801C04FEA142C83F8B4
:10D3F00002C0DC700433B542ECDB26EAE67312F0BF
:10D40000030200EB83000AD051F8234018210023C7
:10D4100034FA01F5C554013308399342F8DBF0BD05
:10D420000048704764540100D0F8B43170B5D31887
:10D43000934204460E461546C0F8B43104D2D0F8E3
:10D44000B0310133C0F8B031D4F8AC21AB183F2B68
:10D450000AD8A21802F5B67031462A4602F09EDEBE
:10D46000D4F8AC315D1925E0E2B1A0183146C2F123
:10D47000400200F5B67002F091DED4F8B831201DFC
:10D4800004F5B6719847D4F8AC31C3F14002403B83
:10D49000B6185D1906E03146D4F8B831201D98471A
:10D4A0004036403D3F2DF6DC04F5B67031462A4645
:10D4B00002F074DEC4F8AC5170BD0000012910B553
:10D4C000044640F8041B05D10A4B0B49C4F8B83197
:10D4D000142204E0094B0A49C4F8B831202202F0B2
:10D4E0005DDE0020C4F8AC01C4F8B001C4F8B4019A
:10D4F00010BD00BF0D430000C055010045400000B5
:10D50000A0540100F8B5044600F5AA760D4600F5D2
:10D510008A7721463046142202F040DE306966499F
:10D52000726841183068331F01EBF061F06820EA3F
:10D53000020CB06810408CEA0000091846F8041C80
:10D54000687895F800C0000440EA0C6095F803C0C4
:10D550004FEAB20240EA0C0095F802C0043540EAF6
:10D560000C2041189F42306146F8041C72601E4630
:10D57000D4D304F5827530694F497268411853F865
:10D580000409F76801EBF061B06827EA0207104070
:10D5900078400918376BF0694FEAB2027840B76CEF
:10D5A00072607840376D78404FEAF070306108184B
:10D5B00046F8040C043EAB42DDD804F1B4061A462A
:10D5C00015693E495068691853F80459D76801EB4A
:10D5D000F561956845407D404919176BD5694FEA5B
:10D5E000B0007D40976C50607D40176D7D404FEAE4
:10D5F000F57515614D1942F8045C043AB342DFD861
:10D6000004F1640C1A4615692D49101D691853F868
:10D610000459C1C801EBF56186EA070505403740AA
:10D6200085EA07068919D569166B4FEAB00075407F
:10D63000966C50607540166D75404FEAF575156132
:10D640004D1942F8045C043A6345DCD804F1140631
:10D650001D691C49586869181D68DF6801EBF56190
:10D660009D681A4645407D4049191F6BDD694FEAA8
:10D67000B0007D409F6C58607D401F6D7D404FEA3B
:10D68000F57549191D6143F8041C043B9E42DFD324
:10D6900023685918216013686168CB186360536868
:10D6A000A168CB18A360E1689368CB18E360216997
:10D6B000D368CB182361F8BD9979825AA1EBD96E52
:10D6C000DCBC1B8FD6C162CA30B5034685B00C46A0
:10D6D00015466846194607F0B3DE20466946102D08
:10D6E000B4BF2A46102202F059DD05B030BD07F064
:10D6F000039F08B507F0ECDE002008BD38B50446EE
:10D700000D46FFF78DFE0346E4B100222260626001
:10D710000122AA4001680A420AD100F114014069BD
:10D72000024204D103F128019B6A1A420DD00B4634
:10D7300004F1100063602560A0609B68294698474B
:10D74000002038BD6FF0010038BD6FF0160038BD05
:10D7500008B5436813B1DB688068984708BD08B511
:10D76000436813B11B698068984708BD01380628D3
:10D770009ABF024B18560020704700BFD4550100D5
:10D78000F8B5044600680E461546FFF7EFFF00287F
:10D790004AD0D4F8AC218021A31883F86C11531C13
:10D7A000A842B8BF0546382BC4F8AC3111D9A0182F
:10D7B00000F5B6700021C2F13F02013002F072DDC7
:10D7C000D4F8B831201D04F5B67198470023C4F889
:10D7D000AC31D4F8AC210021A01800F5B670C2F12C
:10D7E000380202F05FDDD4F8B021D4F8B431D200B1
:10D7F00042EA5372DB00C4F8B021C4F8B431082205
:10D8000004F5D27004F5D871271DFFF7DDFD384609
:10D8100004F5B671D4F8B8319847304639462A46EF
:10D82000BDE8F840FFF7D0BDF8BD07280AD84FF093
:10D83000C243834004D44FF0F053834004D401E04A
:10D840004020704700207047802070472DE9F04746
:10D850000C46B0B090469A460746002846D0084687
:10D86000FFF784FF81462046FFF7DFFF504506465D
:10D8700007F1800513DA21462846FFF73FFF4146AE
:10D8800052462846FFF764FF284620A94A46FFF77C
:10D8900066FF4E45B4BFB246CA460DF1800800236C
:10D8A00009E018F8032082F0360182F05C020DF8DE
:10D8B0000310FA5401335345F3DB2AEAEA7A07E00E
:10D8C00036230DF80A305C2307F80A300AF1010A02
:10D8D000B245F5DB21462846FFF710FF044638B96C
:10D8E000284669463246FFF733FF01E06FF0010436
:10D8F000204630B0BDE8F08710B18030FFF728BF78
:10D9000070472DE9F843DDF8208004461546994616
:10D9100061B10E46002707E032881AB120467168CF
:10D92000FFF7EAFF01370836AF42F5DBB9F1000F28
:10D9300009D0B8F1000F06D0204649464246BDE85E
:10D94000F843FFF7D9BFBDE8F8832DE9F0478A46D1
:10D9500090B09046064600282BD0D0F8807000F199
:10D9600080043846FFF761FF81463846FFF7FEFE28
:10D9700005462A4620466946FFF7F1FE394620460D
:10D98000FFF7BCFE204631464A46FFF7E1FE20463F
:10D9900069462A46FFF7DCFE204669462A46FFF71D
:10D9A000DEFE504669464545B4BF2A46424602F06F
:10D9B000F5DB10B0BDE8F087F0B51446ADF5337D6A
:10D9C00007460E461D4602A8234639463246FFF753
:10D9D0003DFF044660B9BA9B02A800932946B89A55
:10D9E000B99BFFF78EFF02A8BB99BC9AFFF7ADFF6A
:10D9F00020460DF5337DF0BD2DE9F04F93B01E9F0D
:10DA000081468B4692461C461F9D002F68D0002DF4
:10DA100068D02BB1184602F0F1DC00F1010800E0FB
:10DA200098464846FFF7A2FE064600285CD0431EF3
:10DA3000EB1893FBF0F3FF2B079355DC4FF6FF73C6
:10DA4000984551DC1D9A9A424EDC2B4BADF83420A0
:10DA5000002C08BF1C461C9B01220E9312AB03F83E
:10DA6000012D1093032300930023ADF82400ADF89B
:10DA70003C2001930293A842D4BF049004955946D8
:10DA8000484652460BAB0C940A97ADF82C8003978E
:10DA9000FFF792FF044600282AD14FF0020819E050
:10DAA000AD1B002D0A9723DD04230093002301936F
:10DAB0000293BF1948465946524609AB8DF8478034
:10DAC0000397B542D4BF04950496FFF775FF08F19C
:10DAD000010860B9079A08F1FF339342E0DD07E0DF
:10DAE0003C4605E02C4603E06FF0160400E00446D7
:10DAF000204613B0BDE8F08F05EA89000B4B10B546
:10DB00001A681C46904204D15A68914201D11846C5
:10DB100010BD6369054A984206D19069143281426A
:10DB20000CBF1046002010BD002010BD6C5D010030
:10DB300073B504460CF0F6DE14237422204640F63A
:10DB40000C410CF04FDE2046012104220DF030D8AC
:10DB50002046022104220DF02BD801250021204669
:10DB600040F61C624FF0FF3300950CF0A7DE112346
:10DB700000930021204640F618624FF0FF330CF06E
:10DB80009DDE41F2021300930021204640F64442FC
:10DB90004FF0FF330CF092DEF32320464FF45E612A
:10DBA0004FF0FF320CF01EDE0023204640F6F85105
:10DBB0004FF0FF320CF016DE0023204640F6E45111
:10DBC0004FF0FF320CF00EDE0823204640F6EC51F9
:10DBD0004FF0FF320CF006DE0023204640F6E851FD
:10DBE0004FF0FF320CF0FEDDDB2320464FF45D6189
:10DBF0004FF0FF320CF0F6DD0C220023204640F6F9
:10DC000054410CF0EFDD284B00210093204640F6F4
:10DC1000BC524FF0FF330CF051DE244B29460093E9
:10DC2000204640F6BC524FF0FF330CF047DE204B4D
:10DC300002210093204640F6BC524FF0FF330CF017
:10DC40003DDE2A462B46204640F624610CF0CADD14
:10DC500040F6FF7300930021164E204640F6B45262
:10DC60004FF0FF330CF02ADE0021204640F6B85278
:10DC70004FF0FF3300960CF021DE4BF69823009313
:10DC80002946204640F6B8524FF0FF330CF016DE1E
:10DC900020464FF45C614FF0FF32334602B0BDE8DE
:10DCA00070400CF09F9D00BF101112131415161731
:10DCB00018191A1B1032547613B50C4602B949B123
:10DCC000084913B10B681C4003E00B681C4324EAAD
:10DCD0000304224000920021702223460CF0BADB9C
:10DCE0001CBD00BFA404000013B5144642690A2AF3
:10DCF0000FDD29B1012905D002290AD1842202E0D1
:10DD0000782200E07C220093002123460CF0A2DB65
:10DD100001E04FF0FF301CBD2DE9F04104460CF04E
:10DD20007BDF00210A460B4607462046FFF7C4FF6B
:10DD300000210A460B4606462046FFF7D5FF002283
:10DD40000546022120461346FFF7CEFFD4F878801F
:10DD500015E0D8F8083083B198F80420002AD8F8E4
:10DD60000C200CBF2846384600EA020012D0324090
:10DD7000904202D0D8F800109847D8F81080B8F137
:10DD8000000FE6D1204641462A462B46BDE8F04129
:10DD9000FFF7AABF0028EDD1EFE74FF480307047BE
:10DDA00038B500251D70D1F8CC304FF400611360F8
:10DDB0002A4604460DF0ECD8054638B1D0F8E031DB
:10DDC000DA0103D4204601210DF0BCDC284638BD21
:10DDD00073B504460DF02AD818B920460DF0D2D8F4
:10DDE00060B3204621466A460DF10703FFF7D8FFCE
:10DDF0000646C0B140F22D1502E00A2006F056DFBB
:10DE0000D6F8D431180706D4013DF6D103E00A2034
:10DE100006F04CDF01E040F22D15D6F8D431590759
:10DE200001D5013DF3D1204600210DF08BDC9DF89A
:10DE300007301BB9204600990DF0B8D87CBD10B54D
:10DE4000044607F0CDD82046FFF7C2FF012010BDE1
:10DE5000F0B585B004460D4617460DF093D800285E
:10DE600000F09480A66E6EB1D4F8CC3004EB83033E
:10DE7000D3F8D420236E9A4203D1606EB047064691
:10DE800000E000262046214602AA0DF10F03FFF70D
:10DE900087FF002863D0082F61D8DFE807F005145A
:10DEA0001C2735404A550D000095204600214FF4AF
:10DEB0009C724FF0FF334EE00021009120464FF45A
:10DEC0009C720B4647E04FF0FF3300932046002141
:10DED0004FF49A723FE0002120464FF4EC720B465B
:10DEE00000910CF0B7DA00F0010539E025B12023EC
:10DEF00000932046002103E0022300932046294698
:10DF00004FF4E872222326E0002120464FF49A7253
:10DF10000B4600910CF09EDAC0F3C02520E00021F2
:10DF200020464FF4E0720B4600910CF093DAC5B234
:10DF300016E0002120464FF49A720B4600910CF037
:10DF400089DAC0F340250BE0EDB2009520460021B0
:10DF50004FF4E072FF230CF07DDA054600E0012566
:10DF60009DF80F301BB9204602990DF01FD8E36EC3
:10DF70006BB1D4F8CC2004EB8202D2F8D410226E1C
:10DF8000914204D1606E3146984700E0054628462C
:10DF900005B0F0BD00487047C05D0100002070472B
:10DFA00010B50C4641B18B6823B9C06F09680EF0FB
:10DFB00029DBA060A06810BDC06F10BD1FB5084A66
:10DFC00003460092074A08460192074A0749126829
:10DFD00002921A68064B02F0D5DB05B000BD00BF07
:10DFE000145601004039010090600100E555010020
:10DFF0000856010008B1D0F888007047642910DC89
:10E00000632921DA4A291FD005DC07291FDB0829EB
:10E010001ADD3C2912E0502916D018DB5C3903299F
:10E0200011E0C32904DCC2290EDAA83902290AE06A
:10E03000B1F5847F08D003DCB1F5807F07D103E020
:10E04000A1F58971012902D86FF0160070470020F0
:10E05000704700207047C88810F0080018BF6FF0A4
:10E06000160070474A6810B593424C8829DBE306D6
:10E0700003D503681B7E002B26D1210703D5036837
:10E080001B7E002B23D0A20602D5437E002B21D07D
:10E09000630722D414F0030322D002994CF05EDE11
:10E0A00000281FD0E10702D58379002B1DD114F081
:10E0B00002041DD08379002B0CBF6FF005000020F7
:10E0C00010BD6FF0010010BD6FF0040010BD6FF0C7
:10E0D000030010BD6FF00A0010BD6FF0160010BDF8
:10E0E000184610BD6FF01D0010BD6FF0060010BD8A
:10E0F000204610BD37B50546900723D58C6A0CB372
:10E10000A168226963680905C3F30043117A44BF1B
:10E1100043F00203DBB211B1D2F8080101E0D2F8FA
:10E1200004017F228DE80C000022383004F13C010C
:10E13000134675F081DB2846214603B0BDE8304028
:10E140007CF0E69F03B030BD2DE9F04F87B000238F
:10E150000F4610AC1599049305938046934694E8B6
:10E160007002DDF850A04CF0F9DDB7F90630002B55
:10E170001ADA1BF0010FB9883A890CD04900CDF8A2
:10E1800000900196CDF80890CDF80CA0D8F81000BA
:10E190000131334605E08DE86006D8F810004900EB
:10E1A000234607F0B3FD0FE0032D0BD9042204A88A
:10E1B000214601F0F3DF072D04D905A8211D042213
:10E1C00001F0ECDF6FF0160007B0BDE8F08F000043
:10E1D00038B50C4605460846484902F0D3DA4849A6
:10E1E000204602F0CFDA4749204602F0CBDA464912
:10E1F000204602F0C7DA4549204602F0C3DA444916
:10E20000204602F0BFDA2046424902F0BBDAD5F8D8
:10E21000340137F043DA20B9D5F8380139F0DEDAC5
:10E2200018B120463C4902F0ADDAD5F8340137F098
:10E2300035DA18B12046394902F0A4DAD5F83801A8
:10E2400039F0CCDA18B12046354902F09BDAD5F81E
:10E2500030013AF001DC18B12046324902F092DA7E
:10E26000D5F8300105F0ACF918B120462E4902F07E
:10E2700089DA20462D4902F085DAD5F84C0165F09F
:10E280004FDF18B120462A4902F07CDA2B6893F858
:10E290003B301BB12046274902F074DA264920465C
:10E2A00002F070DA2549204602F06CDA2B6A186910
:10E2B00009F020FC820707D52149204602F062DAE6
:10E2C0002046204902F05EDA20461F4902F05ADA61
:10E2D00020461E4902F056DA20461D4902F052DA65
:10E2E00020461C4902F04EDA20461B4902F04ADA69
:10E2F0001A492046BDE8384002F0449A1D560100F4
:10E3000021560100265601002B560100345601000B
:10E310003D56010041560100465601004D56010090
:10E3200057560100615601006A56010073560100FC
:10E3300082560100875601008E5601009556010055
:10E34000A1560100AA560100B7560100BC560100B3
:10E35000C6560100CB560100D0560100D856010028
:10E3600030B585B0054668460C4602F0F5D928461A
:10E370006946FFF72DFF204605B030BD2DE9F04F6F
:10E3800003F00103A9B004461493D4F87C34106957
:10E390001B680E46C358D0F858131B7891460F934C
:10E3A000D4F88034B2681B681991C35808901B7860
:10E3B00009921593138860680B9303F00C039B0874
:10E3C000022B08BF0B9913930B9A0CBFC1F3C01318
:10E3D0000023DBB21A9302F44073A3F540756B423D
:10E3E00043EB050331461C93379F03F08DDA369BD0
:10E3F00004300E9083B11B7A0B2B07D1236893F85E
:10E40000AD304BB136988379072B05D836990E9AE3
:10E4100091F90F30D2180E92D4F8B031002B2DDACA
:10E42000369B03B31B7A022B1FD194F8B022F2B9AA
:10E430000898036D13F008031CD136998A79216876
:10E44000D1F8B8108A4217D2032A15D90B2A13D84B
:10E45000B269900010D4339A012A0FD10E9B01208B
:10E4600008330E9304E0369A04E0002304E0002011
:10E470000C9005E00C9203E00C9301E000210C915C
:10E48000B568B389AA1F7633A5F176001D92B381D2
:10E4900000217022B060189001F004DFB38BD90422
:10E4A00002D4B269520502D51B051B0D20E0D9F834
:10E4B0000420A04B1340BBB10B9901F0FC03882B47
:10E4C00012D1099A1379D8070ED43398F289411ED4
:10E4D00002F007023298583209EB42028842D38890
:10E4E00006D1591CD18003E01399012906D111E00E
:10E4F000139801280ED00021079102E01022079204
:10E50000002332981B019BB200F00F0209991343BC
:10E51000CB8201E000220792099BA068DA8AB38BC4
:10E5200023F47E6323F01F0343EA1213B38314F032
:10E5300003DA010703D5B38B43F40053B383349854
:10E54000042808D12046089935F82A2C14F080DEDA
:10E55000ADF8980019E03299339801F00F02B4F841
:10E560005A33411E329842EA0312884292B202D1D3
:10E570000133A4F85A333499520147F6E07313403B
:10E5800001F007021343ADF8983099F8D7303BB942
:10E590000B9A02F0FC03802B02D0089883791BB9F8
:10E5A000079941F020010791634B3B40002B40F05D
:10E5B000828007F04072B2F1807F00F08180139A70
:10E5C000012A30D9B369DA062DD4002B2BDB96F95A
:10E5D0001F30002B27DB226A574BD2F8488008EA0D
:10E5E000030323B908F04073B3F1807F03D1099886
:10E5F0000379DF0766D4D2F844804F4B08EA03035F
:10E6000023B908F04073B3F1807F04D109990B79E5
:10E6100013F0010359D0099A1379D80703D4D9F814
:10E620000830190705D599F8407007F07F07B846FC
:10E6300049E002238DF8863027AB0093D4F85C01C3
:10E640001FAB494626AA7CF053DD0B98DDF87C8091
:10E6500000F0FC03482B209F01D0C82B0BD1414672
:10E66000089800222AF0F4DE99F84070804607F0FE
:10E670007F07002308E0B369329943F00063B36178
:10E68000D1F1010338BF0023BDF89C20D20703D588
:10E69000B26942F40052B261226892F8E120BAB144
:10E6A000D4F8F8064946BDF8982005937CF0D4DAF2
:10E6B000059B12900DE00022B8461292134608E026
:10E6C000B84603E04746002300E04746129300E0C7
:10E6D00012922268D4F8840492F84F2090F80CB07B
:10E6E00012F0030200F09C818278012A09D9216A84
:10E6F00091F94D10A1F1010EDEF1000141EB0E0187
:10E7000000E00021012A5FFA81FA17D9226A92F902
:10E710004D20013212D1D9F8042012F080420ED0DF
:10E720000E300221059302F0E7DC021C18BF012223
:10E73000059B04E040000100FF0000C0002218F02B
:10E74000407FD0B25FFA88F207D01F2A02D9202A70
:10E7500007D0553A072A04D91CE0A0498A56002A56
:10E7600018DAB8F1000F15DB28F4801828F4407887
:10E7700018F0407209D0BAF1000F03D1B2F1807FD6
:10E7800003D110B148F4801804E0BBF1010F08BFB9
:10E7900048F4807817F0407FFAB207D01F2A02D9D8
:10E7A000202A07D0553A072A04D91BE08B498A56FC
:10E7B000002A17DA002F15DB27F4801727F440779B
:10E7C00017F0407209D0BAF1000F03D1B2F1807F87
:10E7D00003D110B147F4801704E0BBF1010F08BF6B
:10E7E00047F48077B4F8582402F46052B2F5C05F61
:10E7F0002CD118F4E0221FD118F0407F17D0D9F89F
:10E800000420120313D5226892F83B2092B1089895
:10E8100082797AB1D0F80821528E02F46052B2F5B2
:10E82000C05F0CBF4FF400324FF4803204E04FF46D
:10E83000803201E04FF4003218F0407F13D05FFACD
:10E8400088F1202908BF4FF400320CE05FFA88F20B
:10E85000F9B2202A08BF4FF08078202908BF4FF076
:10E8600080774FF4803227F4E02A17F0407F28F4B5
:10E87000E02848EA020818BF4AEA020A226A08BFEA
:10E880004AF4803A516C564A0A40002A53D101F0AA
:10E890004071B1F1807F4ED018F0407F94F81C2277
:10E8A00004D0012A02D148F4000802E00AB928F491
:10E8B00000081AF0407F94F81C2205D0012A03D1E9
:10E8C0004AF4000A00F009BE002A40F006862AF445
:10E8D000000A00F002BED9F80410C8032BD5D9F8FD
:10E8E0000810090627D5013225D118F0407F0FD036
:10E8F0005FFA88F2A2F15701012909D9632A07D0EA
:10E90000642A05D0652A03D0662A18BF48F4800817
:10E910001AF0407F0FD05FFA8AF2A2F15701012965
:10E9200009D9632A07D0642A05D0652A03D0662A4C
:10E9300018BF4AF4800A2046494605931AF060DC65
:10E9400018F04072059B45D01599022908D108F4AA
:10E95000E02BABF50032D2F1000B4BEB020B01E0E8
:10E960004FF0000B5FFA88F21F2A04D8072A94BFE1
:10E97000002101210AE0202A06D0A2F15501072931
:10E9800094BF0021012100E00021C9B239B199F8FA
:10E99000FE1021B199F8FF10003118BF012118F4C1
:10E9A000000F11911ED01F2A04D8072A8CBF002205
:10E9B000012209E0202A05D0553A072A8CBF0022FF
:10E9C000012200E00122D2B2002A0CBF024604223A
:10E9D0000D9208E00D929346119204E058168900BA
:10E9E000FF0000C00D901AF0407226D01AF4000FFC
:10E9F00025D05FFA8AF21F2A04D8072A8CBF00228A
:10EA0000012209E0202A05D0553A072A8CBF0022AE
:10EA1000012200E00122D2B2002A18BF04200EE039
:10EA200028F4E02827F4E02A48F480384AF4803AB1
:10EA300010920D929346119202E0109200E0109015
:10EA400093B1089A3398D2F8301102EBC103C2B2E5
:10EA5000C3F838210131089A01F03F01C3F834812D
:10EA6000C2F83011C9F820A218F0407703D15FFA3C
:10EA700088F31B9303E0404674F058DE1B90139814
:10EA8000022800D088B9B4F868340E99994202DCA3
:10EA9000B3695B010CD5099A1198137903F001034E
:10EAA000002B08BF0120179004E01199179101E095
:10EAB000119A1792236A597D41B10F9B33B12FB937
:10EAC000884A5FFA88F3D356002B07DB236893F854
:10EAD0004F30980727D037B3159820B3339A012ABF
:10EAE0000ED90F9B002B0CBF4FF0300A4FF0160AC7
:10EAF000B3694AF4803A23F00063B361D04612E070
:10EB000089B10F9878B167B908F07F03022B0AD05A
:10EB1000042B08D00B2B06D0162B18BF4FF0010B7F
:10EB200001E04FF0010B18F040710F911AD108F07D
:10EB30007F03162B16D86C4A9A4013D5149A62B1EB
:10EB40005FFA88F3022B0BD0D9F8103093F92C31EF
:10EB500013F1FF3318BF012300E0149B0D9301E074
:10EB60000F980D901AF0407116911BD10AF07F0397
:10EB7000162B17D85C4A9A4014D5149A6AB15FFADA
:10EB80008AF3022B0CD0D9F8103093F92C2112F112
:10EB9000FF3218BF0122109204E0169B109301E08F
:10EBA000169810901399D9F80430022908BFC9F8B3
:10EBB000588113F480334AD094F80D32002B46D09C
:10EBC00094F81132002B42D0159A032A30D00F9BB3
:10EBD0004BB908F07F03022B2CD0042B2CD00B2B2D
:10EBE0002DD0162B2ED00998037913F001032BD1C9
:10EBF0000B9901F0FC02882A29D1349A032A26D8DD
:10EC0000B3691C9843F48053B361079B09990028AA
:10EC10000CBF18221E2243F4A04307938B5A23F003
:10EC200060031B041B0C43F020038B52012207E0FE
:10EC300000230CE00F9808E00F990A9108E00F9A62
:10EC40000A9205E00F9B02E000200A9000E00A9380
:10EC50001D99204600910E9A41460B9B20F08CD9BD
:10EC600022AF204651460E9A0B9B009720F084D984
:10EC70000622A5F14000394601F090DA169A62B9F1
:10EC80000AF07F03162B08D8174A9A4005D50E9B29
:10EC900005F83C3C1B0A05F83B3CB3690F995A0543
:10ECA00012D591B1369A22B1127A042A01D00B2AD8
:10ECB0001CD143F40063B361179894F8DA32002B47
:10ECC00018BF0120179011E081B9064A5FFA88F356
:10ECD000D356002B0ADA15F8063C03F00F03149301
:10ECE00007E000BF581689000002102815F8062C0E
:10ECF00014920B9BA42B14D009980379DB0710D432
:10ED00000A9981B9B36920465F05414602D517F0DB
:10ED100021DD03E00D9A359B20F008D9099A508037
:10ED200014E00A9B53B1414620460D9A40F62A133F
:10ED30001FF0DCDE099980B2023048800B9AA42AC9
:10ED400004D10998438825F83A3C19E009990B79D0
:10ED5000D90701D40A9A2AB1002305F83A3C05F8EC
:10ED6000393C0DE0B36920465A05514602D517F0EB
:10ED7000F1DC03E0109A359B20F0D8D825F83A0C46
:10ED8000B269930509D5B38C25F8343CF38C25F88A
:10ED9000323C079B43F400530793329818B9079904
:10EDA00041F00801079109980379DF0712D4D004D4
:10EDB00010D494F810320BB151060BD4520505D47F
:10EDC0001A9919B1199A92F828301BB9079B43F088
:10EDD00001030793924B34981399185C02291590FC
:10EDE0001CD1349A032A19D894F80D32B3B11B9B65
:10EDF000042B13D9D4F8340136F062DA70B91998BB
:10EE0000159900EB41039B8B13B1B3695B0505D5E5
:10EE1000119A1AB9079B43F480530793236A186920
:10EE200066F018DC00F46050B0F5C05F03D10798BD
:10EE300040F4807007900C9919B1079A42F400428F
:10EE40000792079B25F8763C369810B394F8B032B9
:10EE500013BB08990A6D12F0080221D1037A0B2B1B
:10EE600006D1236893F8AD30D3B18379072B14D83A
:10EE7000369A93792268D2F8B82093420FD2B269B9
:10EE800097000FD43698027B02F0070242EA031281
:10EE900003E03699079107E00022079204E000237F
:10EEA000079301E00020079010994B1EDBB2012B65
:10EEB00004D8079A42F400539BB20793A5F172005D
:10EEC0000999022201F06AD9002305F8703C05F87F
:10EED0006F3C05F84A3C05F8493C369B002B2FD087
:10EEE00094F8B032002B2BD10898036D180727D463
:10EEF00036990B7A0B2B06D1236893F8AD30FBB112
:10EF00008B79072B1CD8369B9A792368D3F8B830B5
:10EF10009A4215D2B369990012D41C9818B909996C
:10EF200001F1180202E0099B03F11E021A9800B1D8
:10EF300002320023009320461899369B2EF078DC8D
:10EF4000099906220431A5F15000139101F026D948
:10EF5000BDF8983025F82A3CD4F84401089960F0AF
:10EF6000E7DC35F8303C80B243EA002325F8303C3A
:10EF7000002305F8283C05F8273C05F8263C05F851
:10EF8000253C05F8243C05F8233C05F8223C05F80F
:10EF9000213C05F8203C05F81F3C179A1AB9BBF133
:10EFA000000F01D1E1E09B460022414608982AF07B
:10EFB0004FDA00220690514608982AF049DA069B5B
:10EFC000089013F04073189306D10699154BC8B2F8
:10EFD0001B56002B03DA14E0069874F0A7DB023806
:10EFE00018BF012070B1D9F8103093F92C31012BE2
:10EFF0000AD0079A42F480439BB2079301230C93F3
:10F0000004E018980C9001E000210C91089B13F08B
:10F01000407209D1D8B2034B1B56002B07DA1DE012
:10F020006CE1880058168900089874F07FDB02387C
:10F0300018BF012078B1D9F8103093F92C31012B89
:10F040000BD0079801216FEA40436FEA53439BB20C
:10F050000793119103E0119001E00022119235F81D
:10F06000763CBBF1000F02D043F4006301E043F0B3
:10F07000060325F8763CBBF1000F0CBF4FF0140CD3
:10F080004FF00E0CA5F11E03624600932046069930
:10F090000B9BCDF814C01FF06FDFDDF814C024AF58
:10F0A00062460B9B2046089900971FF065DF3946A2
:10F0B0000622A5F1480001F071D80C980D990E9A1E
:10F0C000A5F118030B930090019102920027594675
:10F0D000069A4346204603971FF06CDF25F8160C6E
:10F0E000119B10980E990093019002912046594669
:10F0F000089A534603971FF05DDF25F8420CA5F1EF
:10F100001400BBF1000F09D06FF03B0305F8183C69
:10F1100005F8177C099A02F10A010EE06FF04B0323
:10F1200005F8183C05F817BC1399062201F036D8EB
:10F13000099BA5F10E0003F10A01062201F02ED869
:10F140001498189A81B252B906989F4AC3B2D356FE
:10F15000002B04DA15F81E3C03F00F0301E015F84C
:10F160001E3C1B02194314911FE059460622A5F1CB
:10F170001E0001F097D859461022A5F1180001F0A1
:10F1800091D8A5F148005946062201F08BD805F820
:10F1900042BC05F841BCCDF820B0CDF818B0CDF890
:10F1A0002CB0CDF844B0CDF830B0B3695A050FD5C6
:10F1B0000F9969B128AB002223F8022D0093D4F8EF
:10F1C0003401494642460E9B36F096D805F8430C6A
:10F1D000079B25F8743C149825F8640C1699B1F136
:10F1E000807F0BD031B90AF07F03162B02D8774A03
:10F1F0009A4001D4012002E0169800E00220069A0D
:10F2000080B202F04073B3F1807F0BD033B902F0CB
:10F210007F02162A02D86D49914000D401239B0039
:10F220009BB200E008230899184301F04073B3F142
:10F23000807F0BD033B901F07F02162A02D86349D0
:10F24000914000D401231B019FB200E02027236AD4
:10F250000743186966F0FED9C0B247EA002725F8CF
:10F26000627C0F9AB2F1807F0CD032B908F07F0334
:10F27000162B02D8554A9A4001D4012300E00F9B77
:10F280009BB200E002230D98ADF89A30421ED2B234
:10F29000012A09D843F01003ADF89A302368D3F857
:10F2A00088309A6901329A6141462046BDF89A70C9
:10F2B0007EF080DCB3690743B9B21B01ADF89A1048
:10F2C0000ED5236893F8E13053B1236A186967F0CB
:10F2D00099DB236A0DF19A011869129A67F0ACDB89
:10F2E000BDF89A30414625F86E3CB4F858242046C3
:10F2F00027F09AD925F86C0C51462046B4F85824CA
:10F3000027F092D925F86A0C179911B9BBF1000FB3
:10F310000FD00699B4F85824204627F085D925F84F
:10F32000680C08992046B4F8582427F07DD925F8B0
:10F33000660C0F9A4AB10D9B042B06D1204641461C
:10F340000E9A1FF077DC25F8380C169848B1109902
:10F35000042906D1204651460E9A1FF06BDC25F891
:10F36000360CD9F80430580640F1AE801A9A002ABB
:10F3700000F0AA801998159900EB41039B8B002B94
:10F380007BD0B369590500F19F80329A002A40F082
:10F390009B800E9B204641460D9A1FF0A7DB0B9BDE
:10F3A0000990ABB106990C9A204617F041D80899FC
:10F3B0000746119A204617F03BD80B99B1F802B0D6
:10F3C000BB4435F8427C1BE0581689000002102827
:10F3D0000A9ABAB941460D9A0A9B20461FF0A6DD4B
:10F3E000099B514600EB030B109A0E9B20461FF021
:10F3F0007DDB51460746109A20460A9B1FF096DD9A
:10F40000C71902E0DDF824B00B9F1FFA8BF225F834
:10F41000702C25F84A7C1998159900EB41039B8BB9
:10F420000998C3189B1A9BB21A0419D42046414666
:10F430000D9A16F0FFDFFF2805D9B4F85A24904240
:10F4400038BF024601E04FF48072349992B204EB67
:10F450004103B3F85C34934202D0204618F076D8CA
:10F46000236893F84430002B2ED0349A032A2BD8EB
:10F47000D4F8600115995A4623E0236893F8443084
:10F4800013B3349B032B1FD81A480B99C75C204633
:10F4900039B10C9A069916F0CBDF0B9B5A8882186B
:10F4A0000CE041460D9A0E9B1FF020DB0D9A05469D
:10F4B000414620460B9B1FF039DD4219D4F860010C
:10F4C00039464B4650F0F0D8B369BDF8980043F088
:10F4D0008403B36129B0BDE8F08FD4F8842428F404
:10F4E000800892F913202AF4800A012A7FF4F3A9F4
:10F4F000FFF7FBB96CE1880070B50B6912B1547865
:10F50000032C01D8002212E04D6845F480744C6051
:10F510005679012E8DBF24F4806445F4A0654D60BA
:10F520004C605478052C2FD9062C03D1012283F886
:10F53000A42370BD147A14F0040F4C6814BF44F077
:10F54000806424F080644C60147A04F00804D4F1E0
:10F55000010438BF002483F8A4438B6823F004031C
:10F560008B605478062C0FD9127AD2060CD502681B
:10F5700043F004038B6092F80C21D00704D5920766
:10F580005CBF23F004038B6070BD00002DE9F04FD9
:10F59000B5B09A463F9B05460B2B894616463E9FC3
:10F5A000409C40F2E6800C3B04931AF07DDE002183
:10F5B000C8220590204600F075DE3146062220461E
:10F5C00000F0ECDDFA7ABB7A494643EA022303F005
:10F5D0000302012AA4F86230E38808BF84F83420CB
:10F5E000BAF1000F14BF4FF4807200221343E3807E
:10F5F00028465BF09BDF60857A7A3B7A07F10C0B3B
:10F6000043EA022307AFE385002128220DF14408D5
:10F61000384600F047DE2DAE00212822404600F09B
:10F6200041DE4FF0FF3300210C223046ADF8CE30E2
:10F6300000F038DE0DF1CE032F93049BBAF1000FDA
:10F640000CBF4FF0600A4FF0700A8DE84800284662
:10F65000002152465B462D97CDF8B8801CF0D6DAD3
:10F66000002840F08680059B4246DEB2284604F121
:10F67000380339461FF0D0DBBDF8CE304FF6FF72AD
:10F68000934217D05A1E92B2DE2A75D843F48052A4
:10F690000E2B8CBF4FF440430023D5F8580143EAAA
:10F6A000020152F043D858B9D5F864319B889B05C4
:10F6B00006D461E0731E9BB2DE2BADF8CE605BD842
:10F6C000BDF8CE309E4203D1E28842F00202E280D1
:10F6D000EB1893F83C20494684F86120284652B242
:10F6E0005BF0C8DEBDF8CE30A08543F480520E2B0F
:10F6F0008CBF4FF4404300231343638600210C2248
:10F7000030A800F0CFDD1F4B0DF16C0830931E4B7D
:10F71000002128224046319325AF329500F0C2DD0A
:10F72000BDF8CE300021202238468DF872301B946F
:10F7300000F0B8DD049BD5F89406029300215246F0
:10F7400030ABCDF8B080CDF894908DF8A4608DE802
:10F75000800857F011D988B9608E431EDBB2DE2BCA
:10F760000AD802F059DA00280CBF00206FF013000D
:10F7700004E04FF0FF3001E06FF0130035B0BDE85A
:10F78000F08F00BF112A8200812B82002DE9F04FFB
:10F79000A5B00446D2F808A18B46154600212822C0
:10F7A00005A8984600F07EDD0FA80021282200F071
:10F7B00079DDD4F86C3313B104F55B7008E023688D
:10F7C00093F82F3073B9236A5B7D052B04D1694808
:10F7D00005A973F0EFDF05E0042B03D1204605A94E
:10F7E0001FF066DD05AF3B460FAE204629460AF105
:10F7F00038020DF16409009628F090DA00212422E5
:10F80000484600F04FDD0021082222A81A971B96D7
:10F8100000F048DD94F84135CDF88C90DA0702D538
:10F820002A6DD70708D49E0708D52B6D03F0060371
:10F83000023B18BF012302E0002300E001232268FD
:10F8400092F84F2012F003020BD0D5F8EC2012F4FE
:10F85000805205D19DF8BC10002908BF1A4600E06F
:10F86000002224AB03F8082D1FFA8BF600933246D2
:10F870000023D4F89406294657F056D82E9A00F162
:10F880000C0913680746994571D8404600210C229F
:10F8900000F008DDBAF82E30A8F80830AB7923B1B3
:10F8A000012388F80A30002306E0D5F8EC2012F492
:10F8B000803204D088F80A3088F80B3004E0022344
:10F8C00088F80A3088F80B202A6D40F2371313406D
:10F8D00043B195F858302BB1B8F80A3043F0100313
:10F8E000A8F80A30236893F830306BB9236A1B6894
:10F8F000022B09D1BAF86230980605D5B8F80A305B
:10F9000043F02003A8F80A30236A5B7D43B194F8E2
:10F9100072342BB1B8F80A3043F48063A8F80A3087
:10F92000236893F8A9305BB1D5F8EC30590407D4BB
:10F93000AB792BB1B8F80A3043F48073A8F80A30D9
:10F9400022AB009308F10C030193D4F89406002332
:10F9500029463246029756F055DFBBF1800F03D19E
:10F96000D5F890301C9A5A612E9BC3F8009025B0B0
:10F97000BDE8F08FD40D89002DE9F04F4E688FB0AF
:10F980001746C6F3C0420C46D1F808A002920546BD
:10F99000002104A82822994600F084DC2369C6F3DC
:10F9A000004B26F08646039326F4EA162AF08303DA
:10F9B0006660A360002F00F0BF803B7897F801805D
:10F9C00043EA0828A4F80081BB7884F8023146F4A1
:10F9D000803363602B6893F84120B2B193F84230D2
:10F9E0009BB146F4A026D4F82431666093F85D30CC
:10F9F0007BB91AF4007F03D094F82430D90608D5D7
:10FA00002846214636F04EDC03E02846214636F0F3
:10FA10003BDC0622284621462DF05EDFA26812F06C
:10FA2000006222D108F00C039B10012B94F8FE0019
:10FA300094F8FF1006D0032B09D043B9012284F8B3
:10FA4000FE2001E084F8FE3084F8FF3003E084F803
:10FA5000FE2084F8FF2094F8FE30834207D194F80A
:10FA6000FF60761A18BF012602E0002600E001269A
:10FA700018F4407F03D0636843F08043636018F05C
:10FA8000010F03D0A36843F08003A36018F0200F98
:10FA900003D0A36843F00103A36018F0400F03D024
:10FAA000A36843F00203A360A3680AF0030A03F00B
:10FAB00003039A4518BF012618F0100F03D163689D
:10FAC00043F48013636018F4804F03D0636843F0FD
:10FAD00000736360C8F34008B9F1000F38D005F532
:10FAE0003E7003304946162200F058DBB8F1000F93
:10FAF00003D099F80180C8F3800899F801301A07FB
:10FB000003D5636843F08073636099F8023013F0A3
:10FB100008030ED0039A41F61001D2F8083140F6DE
:10FB200008425B8E03F44043B3F5404F14BF0B46CD
:10FB30001346A5F8DC320BE02846214606222DF0BC
:10FB4000CBDE2846214636F09FDB3E46B84619E01C
:10FB50001022F91C0DF1250000F020DBD5F88434CB
:10FB600004A8997873F0E4DED5F86812284624F0EA
:10FB700095DEFF230190002204A80093014613465E
:10FB800073F05ADEBBF1000F11D0636813F48033B9
:10FB900010D009AA0023E11812F8010F91F85110B2
:10FBA000884206D10133102BF5D1002302E05B46D9
:10FBB00000E00123626802F48031C2F30042934501
:10FBC00000D163B104F1510029B10DF125011022DA
:10FBD00000F0E4DA02E0102200F064DB0126B8F164
:10FBE000000F03D0636843F400236360029B434526
:10FBF00000D146B1D5F8843493F87B301BB9284640
:10FC000021467BF085DA0FB0BDE8F08F00F5066184
:10FC10002DE9F041093104464AF0D6DF94F87238F4
:10FC20000546002B74D0002872D06A21206948F064
:10FC3000CFDC460006F114084146206948F0C8DCD4
:10FC4000002207464146206949F004DB380406D407
:10FC5000304831493A46BDE8F04100F0499BD4F8BC
:10FC60008484012388F86D3198F828313BB1A0686D
:10FC7000D8F8301111F044DE002388F828312046EE
:10FC800029460CF0C2F998F81D3153B1012388F8C8
:10FC90002831A068D8F83011D8F82421002311F0B9
:10FCA00009DE206906F1160148F092DCB4F87038DC
:10FCB00083422DD10022134679B22846D5F810612F
:10FCC0005BF094DC28465BF0D7DBAB798BB9D5F8D9
:10FCD0001421D5F80831128A5A852B7C4BB1D5F8FE
:10FCE000EC30990405D473791BB92846012144F0FE
:10FCF000E5DA0023B37194F80C22D6F8F0309A427A
:10FD000006D0284684F80C32BDE8F04124F04A9A27
:10FD1000BDE8F0811B5A8900F14D89002DE9FF41B2
:10FD200004460D4616461F460A994BF017D8204642
:10FD3000294632463B46FEF761F9B0F10008C0F2B1
:10FD4000A18023685B7E4BB9206956F02BDC28B17B
:10FD5000A06811F0DBDD4FF0FF3893E03EB1032FD8
:10FD600005D903A83146042200F018DA01E0002387
:10FD70000393342D18D008DC022D11DB032D13DD85
:10FD8000A5F11B03012B0BD80EE0D62D0CD001DC06
:10FD9000A32D04E0FB2D07D040F20B139D4203D0AE
:10FDA000002E65D0002F63DD3E2D02D0402D62D1A4
:10FDB00035E023681B7E002B60D0D4F8842403999F
:10FDC00092F81C318BB1CBB282F84631D4F884243E
:10FDD0001172D4F88424206992F8AC1001220092A8
:10FDE0000192002249F0C0DB3FE0204649B27DF09D
:10FDF00095DEB0F1000845DBD4F88434039A204640
:10FE00001A722CF095DF20467DF028DF2046D4F8CA
:10FE1000B0141EF051DA204624F038DA32E0039BA9
:10FE20005A1C042A2CD8013301D103230393D4F89C
:10FE30008434039993F81C2172B1C9B283F8AD10D0
:10FE4000D4F88434002293F84531206900920122CD
:10FE5000019249F089DB04E0236AC9B2186965F0B0
:10FE60007BDAD4F88434039ADA714FF0000809E0A1
:10FE70006FF0010806E06FF0160803E0984601E015
:10FE80006FF01C08404604B0BDE8F0812DE9F34155
:10FE9000089C07460E46154698460094FFF73EFF1D
:10FEA00010F12F0F0CD010F1170F0BD1384631463F
:10FEB0002A464346089402B0BDE8F04118F0B09BD2
:10FEC0006FF0160002B0BDE8F08113B504462CF0C7
:10FED00011D820461CF0B8DBD4F88434012293F802
:10FEE000AD10206993F846310092019249F03CDB55
:10FEF000206902B0BDE8104056F0669B37B5036834
:10FF000004465B7E002B40F01A81006956F04ADB04
:10FF1000002840F01481236893F8203033B9206919
:10FF200047F072DE2368012283F82020206905F063
:10FF300012FE236893F8693113B120464BF042DC7E
:10FF4000D4F88434032293F8513000928022002B9D
:10FF500014BF134600232046042126F04FDA2368FD
:10FF6000DB6EE3B9206948F0CFDF093017D1226892
:10FF7000D36E13F0020512D143F00203D366D4F816
:10FF80006432595941B18B7933B94B7923B10B7C28
:10FF900013B120464AF05EDC0435202DEFD12368F2
:10FFA000DB6E1BB1204619F087D9C6E0206948F006
:10FFB000F7DC206990F934114D1C03D1012148F080
:10FFC000EDDC01E048F042DC01236376204627F0B7
:10FFD000ABDD23682046596B0323009321B14FF416
:10FFE00080720021134602E04FF480720B4626F027
:10FFF00005DAA06811F006DD236801221A7694F86C
:020000041002E8
:10000000CF3173B120462CF093DED4F85433204620
:10001000598E2BF0BFD9002384F8CF31204624F02D
:1000200035D9D4F844260321204624F033D920467C
:1000300016F0E8DBB4F83415204629F095D920698C
:1000400048F04EDF0323202200932046134601216F
:1000500026F0D4D9236893F82F301BB1D4F81805B3
:100060003BF0AADF20461DF08BD820467AF0D0DD89
:1000700001254FF47A72D4F8E8110123A06811F039
:1000800019DCD4F89C0184F82A5280F001DE204665
:100090007DF0E4DDD4F88434204693F9121017F093
:1000A000F1DD20462DF034DD20462DF01DDD20460B
:1000B00029462DF0BFDDE36884F86056D3F824218B
:1000C000294642F04002C3F82421236A002218691D
:1000D00065F048D9236884F88C5693F8693113B1D8
:1000E00020464BF0AFDB6A21206948F071DA00301E
:1000F00018BF012084F873087E21206948F068DA6F
:10010000421E92B24FF6FD739A4206D84300013068
:100110004000A4F85038A4F85208B4F8501821B19F
:100120002046B4F870272DF065DFB4F8521849B1B5
:100130002046B4F854282DF05DDF002003E06FF076
:10014000080000E008463EBD2DE9F04FB5B0DDF8EF
:10015000FC800D93B8F80A700D46ADF85870114642
:10016000BFB29146129704461AF09ED8B9F816709D
:10017000C0B21A97B9F8047010900D9948461B97B1
:1001800073F056DC419F4FF0000A87F800A008F199
:100190000C071597409F0F900C3F1897109FDDF8A4
:1001A00060B00C97159ECDF844A0CDF824A0CDF8F2
:1001B00064A0CDF828A0CDF838A0CDF82CA0CDF8BB
:1001C00050A0CDF84CA0CDF820A0CDF81CA02F4613
:1001D0004FE03378951C2D2B21D007D8012B13D05D
:1001E00043D3032B12D02A2B40D114E03D2B1DD03A
:1001F00005D80899322B08BF3146089136E04A2BC2
:100200001BD0DD2B32D11FE007962FE0B2784FF0E4
:10021000010A0C922AE0B31C1393149226E02046A4
:1002200031462A4658F03ADA0A901FE02046314615
:100230002A4658F009DA0E9018E0204631462A4640
:1002400057F09CD9199011E0032A0FD9B01C042251
:100250009149FFF38FF7119B002808BF2B4611939C
:10026000099B08BF3346099300E00B967619C5EB4E
:100270000B0BBBF1010F03DD7278531C5B45A8DB50
:100280003D46099F3FB10A9F2FB920460999119A0F
:1002900058F0B8D90A90002D7AD1129FBE0740F1CC
:1002A000DA830B9B002B00F0D6832046991C5A78EA
:1002B0004AF00EDD3190002800F0CD83037C002B46
:1002C00040F0C983037A002B00F0C583D0F80831D1
:1002D000588E01F06FDC0C9F874240F0BC83319F49
:1002E0002046394617F054DD002847D038464946A5
:1002F0000D9A43461DF09ADF00283FD040993E9B5F
:10030000D7F8046103F11002019120464946012308
:10031000CDF800800296FFF739F9002830D1B6F801
:1003200030B0BBF1000F2ED1216AD4F884345031A3
:100330005A469B7806F1380073F052D940993846F6
:1003400000910D9A4946434643F034D9CDF800B0A8
:10035000CDF804B03B7C2046D3F1010338BF002325
:1003600002937D22394607F1DC03CDF80CB0CDF8BD
:1003700010B01EF08DD901220B9206E00B9504E01F
:1003800000230B9301E000210B914FB33D4601E0A8
:1003900000270B971A9F3E9917F4404F0CBF4FF060
:1003A000000B4FF0010B01F10A07204629463A469F
:1003B0005B467AF04DDB064600BB2B7C002B40F001
:1003C0004D83204629463A465B467AF043DC064692
:1003D000002800F04383204631467AF0ABDA0DE086
:1003E00094F88E32002B00F039833E9F204607F1AF
:1003F0000A0131AA7AF0D6DA064610B17368D80736
:1004000020D4089F27B17878B91C27F07BDD58B934
:10041000079F67B1B91C787827F074DD10F1000BE5
:1004200018BF4FF0010B04E04FF0010B01E0DDF8C5
:100430001CB066B1BBF1000F07D1736843F0010334
:10044000736004E04FF0000B01E04FF0010BCDB101
:10045000AB79DBB92B7A0BB3D5F808315B8E0793F8
:1004600003F46053A3F5C052534243EB02030798D1
:10047000089301F09FDB0C9FC11B484240EB010039
:1004800009900EE00895079509950AE0002708975E
:100490000797099705E000BFFE370100089307930F
:1004A0000993B4F88E32002B7FD0236A5B7DC3B1F1
:1004B0000C9FD4F87C040E2F8CBF4FF440420022D6
:1004C00047F48051129F114307F02003D3F1010339
:1004D00038BF00230193139A149BCDF800B071F03C
:1004E000CDDE236893F84F309B0712D00C9FD4F8D1
:1004F00080040E2F8CBF4FF44043002347F48051FB
:10050000089F19430E9A0A9BCDF800B0019772F02C
:10051000D9DB94F88E32002B47D000210C222EA874
:10052000FFF3C0F6944B1CAF2E93944B384600213A
:1005300028222F933094FFF3B5F6BDF858100DF133
:10054000980CDDF830E0ADF87610604600212022EE
:10055000CDF818C01C968DF874E08DF878B0FFF3D4
:10056000A1F62D970D9F236827973E9F93F84F3054
:100570002897109F03F003038DF8A8700F9FDDF8F4
:1005800018C02B97159F8DF8B0300197189FD4F89D
:100590009406002190222EABCDF89890CDF8A4803F
:1005A000CDF800C0029756F0E7D994F88C32002BB2
:1005B00000F05682099F002F00F05282236893F8C2
:1005C0004F20970700F08A800E9F002F00F0868052
:1005D0000A9F002F00F0828093F8A93033B1D4F83D
:1005E0007801294653F0F2DC002877D10E9F20468F
:1005F0007A78397824F0ACDC079F034617F4404F33
:100600000CBF002201220A3254F822201192D5F8A0
:10061000082162B1D28812F0200208D00A9F3A78ED
:1006200012F0020203D00E9F7A78C2F38002099280
:10063000BAF1000F0BD1109FDAB2BA4207D01846B8
:10064000069301F0B7DAB842069B40F00982D5F86C
:100650000821002A2DD01846069301F0ABDA074690
:10066000079801F0A7DA8742069B22D1D5F8082126
:10067000528E9A4232D0002E30D02A7A002A2DD0C3
:10068000204611992A4625F055DEFF28074600F03E
:10069000E781DDF824E0204629463A465FFA8EF3EA
:1006A00015F088DED0B1204629463A462DF0C6D94D
:1006B00014E0BAF1000F11D01846069301F07ADA6F
:1006C0000C9F069BB84200F0CB8103F46053B3F556
:1006D000805F03D0B3F5C05F40F0C281419F01232A
:1006E0003B702368D5F818A193F84F30980716D0BF
:1006F000AEB10A9F37B1199F2046009731460A9A3A
:100700000E9B0AE02B7C53B97368D90307D50A9F67
:100710002046009731463A463B4617F075D92B7C68
:10072000002B00F0BF803E9F0D9B204629464A4685
:100730008DE8800115F02ADF236893F83B3043B140
:100740000D9F2046294632464B468DE880015EF0DB
:1007500013DA9AF809301BB1284600212BF028D96A
:100760009AF80D30DBB1D4F830371A680AB11F7A25
:1007700037B12846002110E0F1CF8100F5CF81008C
:1007800004F020D9D4F830371A69821AB2F57A7F8A
:1007900005D901221A72284639462BF001DCD4F81B
:1007A00030371B68002B48D01B9F0123C7F3C012B2
:1007B0000F9920461EF08EDB98F8023098F8011051
:1007C0001B0443EA012398F80010B8F808700B43A3
:1007D00098F80310024643EA0163329398F8063012
:1007E00098F805101B0443EA012398F8041034A874
:1007F0000B4398F80710002F08BF642743EA0163F2
:1008000040F8043D32A900F0E7D93846329A3399CE
:1008100080F05ADAD4F83037BF021A68BA1A904218
:100820000BD95A68BA1A904207D23F1A5F60D4F8BF
:100830004401294601225FF0CFDC236A5B7D2BB1A6
:10084000129F2046C7F380212CF076DAD4F85801A5
:10085000079950F0B7DD80B1D4F85801079950F0EE
:10086000A7D9236A186964F0F5DE079FB84204D15E
:10087000002120460A4625F079DE4A460D9BD4F831
:1008800044012946CDF800805FF06ED8D5F8EC30F1
:100890009A0458D5D4F84C0129464246409B63F04F
:1008A000F7DF50E0BBF1000F03D1129FC7F34013F5
:1008B00000E00123DBB23EB1726813B142F00402E2
:1008C00001E022F004027260226A527D4AB1019373
:1008D000D4F87C042946139A149BCDF800B071F02B
:1008E00025DD236893F84F309B070AD0089FD4F882
:1008F000800429460E9A0A9BCDF800B0019772F049
:1009000039DA0B9FFFB9D4F868329D420CD02846E3
:1009100049460D9A43461DF089DC28B128464946D0
:100920000D9A43462CF0BEDA94F88E325BB9D4F8B7
:1009300068329D4207D1284615F090DE18B1204656
:1009400041461BF02BD800210C222EA8FFF3AAF45D
:10095000454B1CAF2E93454B0021282238462F9340
:100960003094FFF39FF4BDF85810DDF830E01C968A
:1009700026AE2022ADF87610304600218DF874E0C6
:100980008DF878B0FFF38EF42D970D9F236827978D
:100990003E9F93F84F302897109F03F003038DF884
:1009A000A8700F9F8DF8B0302B97159F802201976C
:1009B000189F2EABD4F894062946CDF89890CDF820
:1009C000A4800096029755F0D7DF9AF80230013BD9
:1009D000DBB2012B13D8AB798BB92A7C7AB1D5F86D
:1009E000182192F86C20022A09D14FF0FF320192AF
:1009F0002046294605F1DC02009329F07DDD0F9F9A
:100A000017F0407F01D1384602E00F9872F08EDE79
:100A100000F07F0002280AD0042808D00B2806D056
:100A2000A0F1160CDCF1000040EB0C0000E001200E
:100A30000190B9F80400B9F80610800B029001206B
:100A40000022039099F91C302046090A009204956F
:100A50000BF00DFB04E000270B97C1E40026D0E467
:100A600035B0BDE8F08F00BFF1CF8100F5CF810038
:100A70002DE9F04F91F91530A1B0002504468A46C2
:100A80001E951F9573B11BF0D7DD58B12368BAF8D6
:100A90001C20D3F88830D3F8C8118A18C3F8C821AD
:100AA00000F0A3BCBAF80230606803F00703052B1E
:100AB0000B900A9300F2A48463690A9953F8210009
:100AC000002800F09D849AF81820022A089200F06D
:100AD0008984714B0221DB6B9847814638B92046E7
:100AE0000A9914F0BDDE8146002800F08984204672
:100AF000494611AA23F0FEDF236893F89C30012BAE
:100B000006D0BAF80220BDF848309A4240F073840B
:100B1000B9F80E30614E03F007030993604DF35CA2
:100B20004946EB5C11AA0C93189B0D9318881EABD9
:100B30000E90009320461FAB18F094D9236893F8C9
:100B40004F309B0717D011A81BF0A4DC38B12368E5
:100B5000D3F88830D3F8A4220132C3F8A42211A814
:100B60001BF0AADC38B12368D3F88830D3F8AC2264
:100B70000132C3F8AC22D9F818305D056CD511AD3F
:100B8000204629462CF040DE08BB5346D4F83401F9
:100B90001E994A46009534F05DDB236893F8E130F6
:100BA000002B59D01E99002956D0BDF85000BAF834
:100BB00002200090BDF84E30D4F8F8067AF086D8BE
:100BC000D4F85C011E990C9A7AF0D2DB44E01F99AC
:100BD000A1B1089A072A11D1D1F8EC3098030DD4AD
:100BE000D4F84C0163F0C0DC28B9D4F84C011F994B
:100BF00063F01CDD10B11F984AF0F2DA11AB0093DC
:100C0000D4F8340153461E994A4634F085DA2368F5
:100C1000054693F8E13093B11E9981B1BDF85000BB
:100C2000BAF802200090BDF84E30D4F8F8067AF0F9
:100C30004DD8D4F85C011E990C9A7AF099DB1F9874
:100C4000002800F0D2838379002B40F0CE830AF194
:100C500008016FF0B9DBC8E3204611A9D9F8347058
:100C60001BF040DCBAF81C60FF0E07F001070F9084
:100C7000BAF81A80E6B12368D3F88830DA68013A06
:100C80009219DA601E9B9BB167B1D3F82C22013A0E
:100C90009219C3F82C220BE010A78800BAD588005F
:100CA0006CE18800D3F83822013A9219C3F838224F
:100CB000B8F1000F06D02368D3F88830DA68013A1B
:100CC0004244DA600E98494600F48063D3F1010390
:100CD00038BF00230B98079300F016DED9F81850A0
:100CE0009AF91930C5F3C06B002B00F08680236899
:100CF0001E98D3F88830D3F8A8210132C3F8A82170
:100D0000D3F8C821013A9219C3F8C82128B1036960
:100D10001BB1DB68DA6B0132DA63012E05DDD4F832
:100D20008C54013DAD19C4F88C54079900294DD05D
:100D30002368D3F88830D3F8D8210132C3F8D821FA
:100D400028B103691BB1DB685A6B01325A63012376
:100D50000999002208F065F8D4F88C347BB1236837
:100D6000D3F88830D3F8B4210132C3F8B4211E9BE4
:100D70002BB11B691BB1DB68DA6A0132DA62D4F885
:100D80008C34012B14D923681E98D3F88830D3F8FB
:100D9000B8210132C3F8B82128B103691BB1DB685F
:100DA0001A6B01321A6309990C22012308F039F8F1
:100DB0001E9B5BB12FB1D3F828220132C3F8282241
:100DC00004E0D3F834220132C3F834221E9B13B15D
:100DD0002268926A9A621F9B002B00F015829A7912
:100DE000002A40F01482197C002900F01482D3F804
:100DF000103101259A7190460FE215F4825543D0C7
:100E000023681E98D3F88830D3F8A8210132C3F89C
:100E1000A82128B103691BB1DB68DA6B0132DA6300
:100E2000079A0AB32368D3F88830D3F8D82101325F
:100E3000C3F8D82128B103691BB1DB685A6B0132B2
:100E40005A6301230999002207F0EBFF1E9B5BB157
:100E50002FB1D3F828220132C3F8282204E0D3F8B6
:100E600034220132C3F834221E9A002A00F0D881BD
:100E70001F9B002B00F0DA819D79002D40F0DC8172
:100E800023689B6A9362D8E1089B032B09D0042B4B
:100E90000CD12368D3F88830D3F810220132C3F87C
:100EA0001022A8462F460126AB46DDE1089805280A
:100EB00029D123685A6BD3F88C103AB1B9F80E20B7
:100EC000954802F00702825C9448825C143201EB80
:100ED000C2014A68D3F8883001324A60D3F8A022B0
:100EE0001E980132C3F8A02209990422012307F0B9
:100EF00098FFB4F83455002D00F0A381204623F06C
:100F0000DFDA00259DE10899012916D11F9B93B1D5
:100F10009B7983B11E9B73B11A7DD20704D493F8D9
:100F200024309B0740F16582204649465246079B84
:100F30003CF09ADC4BE0089E4DE0089A062AB0D0BF
:100F4000072A51D11F99002900F05382D1F8EC30C3
:100F50009F0040F14E829E030DD4D4F84C0163F003
:100F600003DB28B9D4F84C011F9963F05FDB10B1A3
:100F70001F984AF035D91E99002900F03A821F9B2C
:100F80009B795BB191F824309D0707D58B68580693
:100F900004D50122204613463CF0B4DBD9F81830C2
:100FA000590544BF43F48073C9F81830D9F8183094
:100FB00023F40043C9F818301F9BD3F8EC309A0390
:100FC00040F1178220461E994A4625F0BBDB0646B3
:100FD000002800F03A81002520460AF114011BF098
:100FE00021DBA8462F465FE7BAF8063033B1236805
:100FF000D3F888309A6B01329A6352E71B9B1B78B7
:10100000DB0741D57EB12368D3F88830D3F8A82117
:101010000132C3F8A8211E9B2BB11B691BB1DB68F1
:10102000DA6B0132DA63079B002B00F0138123682F
:101030001E98D3F88830D3F8D8210132C3F8D821CC
:1010400028B103691BB1DB685A6B01325A630999F5
:101050000022012307F0E5FE002E00F0FD8023684A
:101060001E9DD3F88830D3F8AC210132C3F8AC21EF
:10107000002D00F0CD812D69002D00F0C981EB68B5
:101080009A6B01329A63C2E11F9B002B48D09A7978
:10109000002A45D11B7C002B42D00D98037CDD0734
:1010A0003ED53EB12368D3F88830D3F8A821013269
:1010B000C3F8A8210799002900F0CC8023681E9866
:1010C000D3F88830D3F8D8210132C3F8D82128B119
:1010D00003691BB1DB685A6B01325A63099900221C
:1010E000012307F09EFE002E00F0B68023681E9DAF
:1010F000D3F88830D3F8AC210132C3F8AC21002DED
:1011000000F086812B69002B00F07C81DB689A6BF4
:1011100001329A6376E100BFBAD588006CE188009D
:101120000F9AB4F86A341AB1984503DAB4F86C34FB
:101130009E4261DB22680798D2F88830D3F8C85104
:10114000AD19C3F8C851002800F08980D3F8B01158
:101150000131C3F8B011D4F8843493F81D1109B3E8
:10116000D4F868128979E9B992F8642122B193F828
:101170006D210AB183F86D11D4F88414204601F56D
:1011800082710BF048F9D4F88434012283F82821C5
:10119000D4F88434A068D3F83011D3F82421002384
:1011A00010F088DB1E9860B12FB1D0F830320133D7
:1011B000C0F8303230E1D0F83C320133C0F83C3274
:1011C0002AE101230999082207F02BFE1E9B2BB16F
:1011D0001B691BB1DB689A6A01329A6200250223FF
:1011E0008DE8280020461F9914221B9B0295039529
:1011F00004951DF04DDA33E023680025D3F88830DC
:10120000DA690132DA614CE60125984605E00125EC
:101210004FF0000801E0012588462F462E4623E0C6
:101220000127154690463E4693461DE001271D4680
:1012300098463E469B4617E000250127A8463E46B5
:1012400032E6A8462F4601260EE0054680460746B0
:10125000834609E0079DDBE03546B046D9E0079DAF
:101260004FF001082F464646B4F8343543B1D4F860
:1012700038352BB10899052902D0204623F00ED924
:10128000BBF1000F4ED01E9B002B4BD011A81BF0C2
:1012900001D99DF84E30834603F00303023BDBB2D5
:1012A000012B04D8204611A92CF0B6DA00E0FF206B
:1012B0000A9A032A0AD85B498B5C04EB4303B3F810
:1012C0003622130903F00F03120B03E0B4F86E3457
:1012D000B4F87024009200220392BDF84C200190D3
:1012E000C2F300320492D4F85C011E995246CDF844
:1012F00008B07AF0BFD8236893F8E13093B11E9913
:1013000081B1BDF85000BAF802200090BDF84E300F
:10131000D4F8F80679F0DADCD4F85C011E990C9A5E
:101320007AF026D820460A9901222CF0E7D81E9898
:1013300060B15EB1E368D3F88021D9F830309A42C9
:1013400004D91DB10999D21A07F079FD1F9DB5B1D5
:101350000AF1140120462CF03DDB014628462CF012
:10136000EFDB0E9A02F0FC03082B01D0882B06D18C
:10137000079B23B11F980AF108016FF025D81E9929
:10138000C9B10B7DD80716D41F9BA3B19A7992B926
:101390001A7C82B11A7A72B1D3F8EC2092040AD482
:1013A000D3F810315B7933B9204652463B46CDF82D
:1013B000008043F075D97EB10AF1140120462CF06B
:1013C00009DB49460246D4F8880463F01DDE0B9819
:1013D0004946012203F0B2DF079828B10025C4F87E
:1013E0008C5402E0002500E0079D284621B0BDE8AE
:1013F000F08F0126EFE50B984946012203F09EDFAE
:101400000125F2E7D5F868310133C5F868310025C8
:10141000A84601273E4627E7D0F84C310133C0F8F3
:101420004C31CEE66CE188002DE9F04F002BB5B0D1
:1014300007930CBF04230A230993079B15690DF139
:101440002C0918BF2023044615AF88469346002177
:10145000282248460693D5F80C610DF1B80AFEF330
:1014600021F7002128223846FEF31CF700210C2228
:101470005046FEF317F7336B20468DE808042946E3
:10148000069AF36ACDF8B8902F9714F0F3DD002890
:1014900040F0F880B8F80630D80715D5216A4B7DA2
:1014A00093B10A6D0CA854310B92FEF377F6D5F880
:1014B000EC30990405D5D4F84C0129464A4663F02E
:1014C0008BD90023159308E015AB009320462946DD
:1014D00008F138020BAB26F021DCF36A83B128A8AF
:1014E00000211822FEF3DEF6F36A2D942893336B65
:1014F0002993674B2B93674B2A93674B2C9328AB0D
:101500001FAF0021242238460893FEF3CBF60BAB25
:1015100000210822219331A815AB2293CDF87CB08D
:10152000CDF88080FEF3BEF62368294693F84F205D
:1015300034AB12F0030218BFDBF80420D4F8940691
:1015400018BFC2F3004203F80C2D0093069A089BC3
:10155000329755F0E9D9099B069900EB030A33ABA2
:1015600002932046424605F1E2038DE8000523F090
:101570003FD8074630B920463946B5F82E2140F00D
:1015800015DB80E0204629464246DDF8CC901CF071
:101590005BDBA9F80000738CA9F80230339B04339D
:1015A0003393079B13B9AAF1040A13E006F1240947
:1015B0004846FFF3E3F410B93398494602E0339804
:1015C00005F1F8010622FEF3E9F5339BAAF10A0AB8
:1015D0000633339331AB0093339BD4F894060193D5
:1015E0002946069A089BCDF808A055F00BD98146EC
:1015F00028B160683946012203F0A0DE42E0339B47
:1016000000900190029003932046294657224B46B2
:10161000CDF810A01DF03CD8706B18B103F06ADE55
:10162000C6F83490079B23B1339B0AF1060A063BA8
:101630003393339B0AF1040A043B3393079B5046D0
:1016400086F83C3003F044DE706308B9B06305E00F
:1016500033995246FEF3A2F5C6F838A0B8F86230C6
:101660000095C3F34013019300230293039339467B
:101670002046D4F8BC255B4626F09AD9002808BF3E
:10168000002700E00027384635B0BDE8F08F00BFE6
:10169000CDCE8100DDCE8100FDCE81002DE9F04F61
:1016A00095B0064606910792209C219DD0F80090A7
:1016B0009B46002B00F0B380ECB91E9A012A1CD186
:1016C0001F9A931E012B18D8032A16D1002D40F023
:1016D000AB80C36E5A1C05D01C3350F82350002D2C
:1016E00040F0A28048460021B6F82E2140F0D6DD19
:1016F0004FF0000894E0002500E025464FF0B008C8
:1017000006270DF1200A002124225046FEF3CAF5D7
:101710001E9B1F9A0893229B099211A80021082260
:10172000CDF828B00B930594ADF83040FEF3BAF530
:10173000CDF848A044B1089B032B0FD14C2C0DDBF6
:101740004D2C01DD7E2C09D111AB0093D9F8940604
:101750003146B022002355F0E7D83F18079B414699
:101760008DE8880013AB02934846069A06F1E2031F
:1017700022F03EDF8046002852D075B1002300934E
:1017800001932A46139B4846314658F00DDC95F9E3
:101790000E30139AFF1AD21813921E9BDDF84CA03C
:1017A0009AB2AAF800201F9BAAF80230059BAAF85B
:1017B00004300AF1060313933CB1032A17D14C2CD1
:1017C00015DB4D2C01DD7E2C11D111AA8DE80C000A
:1017D000063F0297D9F894063146B022002355F00F
:1017E00011D824B9BDF830300BB1AAF80430B37960
:1017F00013B1F368DA6801E0D9F8BC259DF88C30A4
:10180000414601930023039348465B4600960295A8
:1018100026F0CED8002808BF4FF0000800E0984618
:10182000404615B0BDE8F08F95F90E7044F2B0084F
:10183000063766E72DE9F0470446A4B090469A467D
:101840000D4600296DD0D1F86433002B69D004AF68
:101850000EAE33463A460DF1600923F01BD9002144
:1018600024224846FEF31EF5236A00216533082230
:1018700021A81893CDF864808DF868A01B971C965A
:10188000FEF310F52368CDF8889093F84F3013F0ED
:10189000030307D0D5F8EC3003F48053D3F10103F0
:1018A00038BF002324AF07F80C3D2946402200230F
:1018B000D4F89406009755F037D82D9B01900093EB
:1018C00023AB02938046402120462C9A05F1E20387
:1018D00022F08EDE064620B3239BD4F894060193B3
:1018E0002946402200230097CDF8088054F08ADF73
:1018F00028B160683146012203F020DD11E0D5F8FF
:10190000EC3013F4005306D0D4F84C01294632468B
:1019100063F0D8D905E020463146D4F8BC2528F03C
:10192000DDDD24B0BDE8F0872DE9F04390F8A03765
:1019300087B004462BB1002380F8A0374FF0010890
:1019400000E0984623681A7E32B9B8F1000F00F023
:101950003B822046022135E2206954F023DE18B193
:10196000A0680FF0D3DF27E220461BF05DDB236A7F
:1019700020461F69D4F86832D3F814219D79167C6B
:101980001CF0FCD9031C18BF0123384671B22A464B
:1019900063F094DC94F88C36ABB12369D3F88830CB
:1019A000D3F8245115F040050DD120462BF0C0D9B5
:1019B000236A84F88C56186929462A4663F0D2DCDB
:1019C000204622F063DC236820469A6A01329A623C
:1019D0001CF0D4D918B9D4F8843483F829012046EE
:1019E0000AF0B7FD236A186965F05AD80146204607
:1019F00059F028DD236A186965F00CD901462046A4
:101A000059F0D8DC236893F93D307BB1D4F8240138
:101A100003A9002278F098DB01E00023C361D4F829
:101A2000240103A978F0A6DB0028F6D194F8D4317C
:101A30004BB1204616F03EDB28B194F8E43113B1E7
:101A4000013B84F8E431204626F082D8204617F086
:101A50001DDC204626F0D6D894F8D43113B12046A8
:101A600024F068DA2368DA6E002A40F0A58193F842
:101A7000693113B120464BF023D9204647F030DBC3
:101A8000236893F82F20CAB193F83030B3B12046C1
:101A90001CF09CD890B1D4F864120023CA582AB123
:101AA000907918B1507908B112791AB10433202B0A
:101AB000F4D103E0D4F818053AF07EDAD4F82835EA
:101AC0001B68A3B120462AF0CFDCD4F828355A6829
:101AD0001B68B2FBF3F103FB112313B9204615F089
:101AE00089D8D4F828355A6801325A600AE0236848
:101AF0009A6A1E23B2FBF3F103FB112313B92046AC
:101B00002AF0B2DC94F88C3243B194F8F034013B03
:101B1000DBB2022B02D8204615F048DE0025D4F8AF
:101B200064325F591FB3BB790BBB3B7AFBB1D7F86B
:101B300018319B7ADBB1384625F090DEB8B13B7C9A
:101B4000ABB1D7F818319B7A8BB13B7A7BB107F1F7
:101B5000DC063046FFF312F2034640B94FF0FF3285
:101B60000090019220463946324628F0C5DC043503
:101B7000202DD4D1204616F003DB236A5B7DB3B160
:101B800023689A6A3C23B2FBF3F503FB152575B96C
:101B9000D4F86432585938B183792BB9037A1BB120
:101BA000037C0BB917F028DC0435202DF0D120463A
:101BB0002AF038DC20B9D4F8180539F0A9DF38B19B
:101BC000236A20211869002264F03ADD002604E02F
:101BD000236A202118690122F6E7D4F864329D595E
:101BE000FDB1D5F8A83013B1013BC5F8A830D5F840
:101BF000AC701FB1013FC5F8AC7012E0AB7983B196
:101C00002B6D99070DD595F8A43053B102F0DADEAB
:101C1000D5F8B01040F052DE18B1C5F8A87085F8BC
:101C2000A4700436202ED8D1B4F850371BB1013B34
:101C3000A4F8503702E0204622F076DD0026354633
:101C40000BE0D4F8C4329B195B6A23B1D4F8C822E4
:101C500052F82500984701353836236893F8B420A8
:101C60009542EEDB93F83B5045B193F83C502DB1D3
:101C700094F8FC5515B1E368D3F880510026D4F8E8
:101C8000643253F80690B9F1000F40D099F806304D
:101C9000002B3CD199F80830002B38D099F85633F6
:101CA000DA0704D52046494699F8542305E09807F9
:101CB00005D599F855232046494624F0A7DB94F82A
:101CC000FC3523B399F804300BB3D9F818314A46E0
:101CD0001978204629F02CDE236893F83B20B2B116
:101CE00093F83C309BB194F88E3283B9D9F808311F
:101CF000D4F85001DF8D93F86030BF0201335F43A9
:101D000099F844102B463A465CF066DFED1904362C
:101D1000202EB4D1236893F83B206AB193F83C306D
:101D200053B194F88E223AB994F8FC3523B1D4F823
:101D3000500101215CF07ADF002384F8FC35226831
:101D4000D4F88434926AB3F89E30B2FBF3F103FB0B
:101D5000112313B9204609F095FAD4F8683223B15B
:101D6000D3F818210AB112781AB1D4F8640200220B
:101D700002E01B7ACBB9F8E7835893B19D79D3F889
:101D8000EC1015B1890405D40BE011F4005F08D004
:101D9000C90306D4197A21B1D3F818310BB11B78D5
:101DA0001BB10432202AE7D103E0A06802210FF022
:101DB00027DE204619F0ECDFB8F1000F04D02046F2
:101DC000022100222BF050DF07B0BDE8F0830000B5
:101DD0002DE9F04F92F82A301446B2F81CB08DB0BD
:101DE00006460D46D0F804A00F6952692BB19368DE
:101DF00094F8228003F11A0903E09268984602F1F0
:101E00001809A368072B0DD93046494613F0E8DCC2
:101E100040B1B9F806304FEA132949EA03291FFAFD
:101E200089F901E0B4F8089095F8243003F0120322
:101E3000022B0DD148F68E03994509D12068D7F8B9
:101E4000081110300622FEF395F1002840F0C883F7
:101E500094F82C30EBB9A38B1B051AD53368D3F853
:101E60008830D3F84C230132C3F84C23D5F8242210
:101E70000132C5F8242205EB4802B2F8A410B4F8E8
:101E80007E20914205D1D3F8BC210132C3F8BC2198
:101E9000A6E3BB79CBF3802B002B32D1D7F81831D6
:101EA0001A7B92B194F82C207AB9BBF1000F0CD1B7
:101EB00095F8CA10626A51FA02F2D00705D4384682
:101EC000A18B029317F05CDB029B3268526BC2B1AC
:101ED0001B7FB3B194F82A309BB194F8283083B1BA
:101EE0000021384629F008DAD7F8EC30990408D5F3
:101EF000A28B12F4005204D1D6F84C01394662F09C
:101F000003D9238C5A0700F16B83A38B03F480431E
:101F100063633BB93A6D40F237131340EBB197F866
:101F20005830D3B10023A3633046234651462A4696
:101F3000CDF800807AF042DB636B40B9002B00F0F3
:101F40004F83D5F864310133C5F8643148E323B1D8
:101F5000D5F860310133C5F8603194F82C3043B9BD
:101F600008F15003B4F87E0005EB43039A8898808B
:101F700000E0002294F82C3043B3636994F82A20DF
:101F80009B680AB11A3300E01833B9F5006F40F0CE
:101F90006E81A268072A40F26A811A7A1209042A1D
:101FA00040F065819A6912BA002A00F060815B7C7A
:101FB000012B40F05C8102F07043B3F1604F00F000
:101FC0005681D2B2FF2A40F00B8350E1B4F87E0074
:101FD00008F1180910F00F0340F0A38005EB890900
:101FE000D9F8041079B11A465046029303F0A6D9E5
:101FF000029B05EB8802C2F8843008F14A02C9F856
:10200000043045F82230BBF1000F00F03081E36866
:102010006269039305EB88035A66A16B31B105F53C
:102020001C70053014311022FEF3B8F063699A6811
:102030005868510DC0F3140E9889DB8849058E4409
:10204000C3F34A133168013302EB000C7344C969CE
:10205000CCEB0303CEEB020E896803EB0E021018E3
:10206000884234DA5046FBF791F808F1180905EB7D
:102070008909C9F80400002800F0B282626980680A
:102080009168536821F07F4E2EF4600E9289C3F35D
:102090001403C3EB0E03C91A9A18FEF37FF06169AB
:1020A0008B684A6823F07F4323F46003C2F3140271
:1020B0009A1AD9F804309868801898609889821A1A
:1020C0009A81888900229881504603F037D9D6F842
:1020D000E015039B05EB880259186FF005035B1AA6
:1020E0003168A148C96989685B18C2F884306168A1
:1020F0000822FEF33FF06B6810B943F0080301E0DB
:1021000023F008036B60994861680822FEF332F0FF
:10211000AB6810B943F0200301E023F02003AB606B
:10212000A5E005EB8901496800293ED0504020F028
:102130000F0020B902F00F02013293420FD00022AB
:10214000504603F0FBD808F1180205EB8202002389
:10215000536008F1200205EB8202536021E0A16B7D
:1021600049B105F51C70053014311022FEF302F060
:10217000002840F0358208F1200905EB8909A368A1
:10218000D9F8042008F1180C93421DD905EB8C07EF
:1021900050467968002203F0D1D800237B60C9F84B
:1021A000043008F14A0845F828303368D3F88830FD
:1021B0001A6E01321A662B69002B00F01182DB685F
:1021C0005A6D01325A650BE28DE8080405EB8C0C60
:1021D000DCF80410304609F104026368CDF808C049
:1021E00013F036DF50466169002203F0A7D8DDF80E
:1021F00008C0BBF1000F3AD1DCF8042008F14A0313
:102200006261CCF804B045F823B09368928903F179
:102210001801C9F804B06160A2F11801A16094F836
:1022200029102360E26021B103F11E011E3A6160B2
:10223000A26094F82A203AB1626884F822800232BF
:102240006260A268023AA2601A785B7842EA0323CD
:10225000A383636B5BB1A36B4BB193F90E206168F1
:102260008A18626093F90E30A268D31AA360A36B38
:1022700063B11B7A042B04D1304621467AF02ADA66
:1022800004E00B2B02D120461AF0ACDBBBF1000FAF
:1022900040F0C481626993695B0613D5BB792BB9A1
:1022A000D4F88010384618316EF08ED863699B6977
:1022B000180640F19581D6F830012946224601F0F2
:1022C000B5F9ABE123689888D988ADF81000ADF86E
:1022D000121018895989ADF81400ADF818109889B2
:1022E000D989ADF81A00ADF81C10188A598AADF8D2
:1022F0002000ADF82210988A94F82910ADF8240037
:1023000041B1198B588B9B8BADF82810ADF82A0082
:10231000ADF82C30A38B13F4807F03F4007304D149
:1023200004A9616723B108AB05E008A961670BB98F
:1023300006AB00E00AAB6168236793683046C3EBE5
:10234000010813F04DDA6369998988B1072940F2D1
:1023500047819A68A8F106084244C8EB01089A60D0
:10236000A3F80C80E26615E02C1D890003380100FB
:102370000D2940F235819A68A8F10E084244C8EB55
:1023800001089A60A3F80C802389E266190A41EAE1
:1023900003239381A36B6BB11B7A012B0AD0032B10
:1023A00008D0304651462A46234679F0C7DE002839
:1023B00000F01681A36B33B11B7A022B03D1304698
:1023C00021467AF087D997F85C339BB1E36E9B89FD
:1023D0001A0A42EA0323934A1BB293420AD13046B7
:1023E00061690622002315F0BBDD18B1304639467D
:1023F00049F006D9626FE36E1188198050885880C1
:1024000091889980216F0888D880488818818988A8
:102410005981616994F822E0C8890EF0070E20F016
:1024200007004EEA0000C8811178C9070BD5316852
:10243000D1F88810D1F8D0010130C1F8D001F96885
:10244000886D0130886597F8591061B195F82410AE
:10245000C80608D49989080A40EA0121714809B2DE
:10246000814240F0BD80D6F89811795C79B195F839
:102470002410C9060BD49B89190A41EA03236A492F
:102480001BB28B4203D026398B4240F0A980BB7926
:10249000EBB992F8008018F0010818D1D7F818317C
:1024A000384693F87420013283F87420D4F88010F1
:1024B00018316DF089DF61695046FFF325F2012183
:1024C000034642463846CDF800806DF0FDDFD6F871
:1024D000D0361B68FB58002B35D01B68002B32D040
:1024E000D4F86C80B8F80C301A0A42EA03234D4A3B
:1024F0001BB2934227D197F8A73313B197F8F6335D
:102500000BB350466169424612232BF0C1DB002811
:102510003BD0B8F8103050461A0A42EA03236169EA
:1025200008F112029BB22BF0B3DB00282DD0636BB5
:10253000D6F8D006003318BF0123394642467DF055
:1025400077D900284CD17B69002B2FD0D4F86C8030
:10255000B8F80C301A0A42EA0323324A1BB29342FB
:1025600024D150466169424612232BF091DB60B1C1
:10257000B8F8103050461A0A42EA0323616908F19C
:1025800012029BB22BF084DB30B93368D3F8883069
:102590005A6E01325A6623E0626B7869003218BFC6
:1025A000012241462B4643F0B3DAC8B9D5F894313D
:1025B000DB070BD594F8293043B9E36E9B891A0ADF
:1025C00042EA0323174A1BB2934209D1636994F884
:1025D0002920009330462946636F26F045DC1DE034
:1025E00033685A6BAAB161691048CA89D3F88C3034
:1025F00002F00702825C0E48855C50460C3503EB06
:10260000C5056B68AE6801336B60FFF37DF180191F
:10261000A86050466169002202F090DE0DB0BDE86E
:10262000F08F00BF8E88FFFFB488FFFFBAD5880007
:102630006CE188002DE9F04F4FF0000AAFB0CDF803
:10264000B0A0CDF8B4A0D68A984610939B890446D2
:10265000212B0F461546CDF864A08DF84EA0CDF87D
:1026600050A08DF857A08DF854A08DF88CA08DF84F
:1026700058A011922B92CDF888A001D803684AE0A7
:10268000D8F808901046494671F0D2D909F10603EE
:102690000890C8F82C000B93B9F806301946ADF82D
:1026A000483001F00C02184601F0F00301F44071CB
:1026B000A1F5407E92081B09DEF1000141EB0E01FD
:1026C000022A08BF4FEAD30AADF84A205FFA8AF21D
:1026D000ADF84C308DF855108DF85620B5F804E063
:1026E0000EF0030EBEF1020F04D100B2002801DA91
:1026F000DB0800E00023D8B28DF85700002914BF92
:102700002823222302B1023300B1043310988089B8
:10271000984206D22368D3F888305A6E01325A663E
:102720007EE399F80A3003F001038DF8583009F17F
:102730001E030C9311B109F124030C9300238DF8AF
:1027400059304AB10C9B5A781B7843EA0222DB09C4
:1027500007928DF8593000E0079241463846FFF362
:10276000D3F0109909908B68384606338B608B89BB
:10277000063B8B819DF859301BB1FEF365F5014690
:102780003846042202F084DD16F4404F9DF85520AF
:102790000CBF4FF0000B4FF0010B00232D9302BB39
:1027A000BDF848300B9913F4407F09D101F11006B0
:1027B00020460A315A462DAB78F00CDA2C9005E011
:1027C000D80501D50E1D01E001F10A062D9B23B9A4
:1027D0002046314648F0F8D92D902D9B003318BF84
:1027E00001238DF85C302D9B13F1000A9DF85830C1
:1027F00018BF4FF0010A43B90B992046043148F045
:1028000009DA061C18BF012600E00026D4F80432BD
:102810001BB9236893F82C306BB3236893F83E20E0
:10282000002A08BF4FF0000A7EBBBDF84820D20541
:1028300006D49DF858201AB1BAF1000F40F0F68284
:102840009DF8552012B19DF858203ABB93F82C30D2
:10285000002B00F0C982BAF1000F04D120462946AE
:1028600058F064DEC0E22D9B9B79002B40F0BC82C7
:102870004FF0010A14E09DF858301BB9002E00F00B
:10288000B38202E0002E00F0D1829DF855302BB9C2
:10289000BAF1000F00F0A8829A4601E04FF0000A5A
:1028A0009DF856300BB39DF859304BB194F80E3269
:1028B000002B00F09982109B9A6942F040029A61C5
:1028C00007999E4A01F00703D25C9D498DF84E306E
:1028D0008A5C0799149201F0100212118DF85420AD
:1028E0000C9A8DF88C3002320C92109BD989988901
:1028F00011F4005218BFB3F850200C999B6882184D
:10290000CB1A0E924146D21A38460D920693FEF328
:10291000FBF7069B0B9AC31A0F93937DD17D43EA75
:102920000123ADF8AA30BAF1000F2FD12CAB0093E0
:102930000E9B204601932DA92B4618F0ABDE0028F4
:1029400040F0528274E22D99002900F04D820B9ADA
:1029500020460A325B4678F07BD82C90002840F065
:102960006D820B9A2D9920460A325B4678F072D917
:1029700001462C9030B92368D3F88830DA6E0132E2
:10298000DA6631E2204677F0D5DF57E2BDF848300D
:1029900013F4407F04D12D9B1B7C002B3AD106E021
:1029A0009DF855301BB92D9B1B7C002B32D0204647
:1029B0002D990A325B4678F04DD92C9018B913E264
:1029C0002C9B1B692D931EB123689A6A2C9B9A62DB
:1029D0002D9BD3F810210792BAF1000F21D19DF859
:1029E0005520F2B99DF858201AB1BDF84820D005FD
:1029F00010D49979BDF8482011B1D1050AD510E05D
:102A00001B7C02F44072002B14BF4FF400730023B0
:102A10009A4206D02368D3F888309A6D01329A65BD
:102A2000E2E12046294658F081DD002388F82300A2
:102A300083462D9888F822308379ABB9BBF1000F1B
:102A400012D0594695F91D20334658F0CFDD29465E
:102A5000D4F8C426204658F00DDD3246014688F8E9
:102A600022002D9858F010DE2C9B93F8922112B979
:102A7000D3F8F42052B3BBF1000F27D0D3F8F010F5
:102A8000D3F8EC2042F821B0D4F88424517911F025
:102A90000100D3F8F01018BF95F91F0003EB810176
:102AA000C1F89C015279521012F00101D3F8F020C4
:102AB00018BF95F9201003EB8202C2F8BC11D3F8BD
:102AC000F020013202F00702C3F8F0209DF85520F3
:102AD0002D9B0AB1DB6D3CE09A792C99002A31D00C
:102AE0004B6B25934B685A061BD59DF85620C2B1F7
:102AF000BDF8AA20100714D191F8D7208AB10A7D19
:102B0000D2070ED4BDF84820D0040AD59A0308D5C0
:102B1000149A91F8C9301341DB0702D520463AF0E8
:102B20000FD9BDF8483013F4805F2C9B5A6814BF4E
:102B300042F4003222F400325A600BE0BAD5880029
:102B40006CE188004A6B25921A7C1AB9DB6DD807B4
:102B500000D525932D988379A3B9037C93B19DF873
:102B600058307BB9BAF1000F0CD1079B83F806A04F
:102B700094F80C22D3F8F0309A4203D084F80C3247
:102B800021F010DB9DF85830FBB12D998B79002B8B
:102B900040F02A810B7C43B10B98E23110300622C1
:102BA000FDF3E8F2002800F01F810B980430FEF3DB
:102BB000D9F150B92D9890F8453033B90B990431BB
:102BC00048F076D9002840F00F81BDF8AA30089A65
:102BD000A8F81C300B9BC8F82C201B7C2C9913F0F8
:102BE000010F099E4FF0000707D0D1F8543101338F
:102BF000C1F85431F1E9622306E0D1F850310133D4
:102C0000C1F85031F1E96023921943EB0703C1E9A0
:102C100000239DF858309BB999F8003099F80120AD
:102C20001A4399F8023013430AD0D8F82C10D4F87C
:102C30005C016A8A78F0C6DB2C9B0899C3F85C11AA
:102C400099F90330002B07DA2368D3F88830D3F8DA
:102C5000A8220132C3F8A82299F8033013F0300FEC
:102C600007D02368D3F88830D3F8B0220132C3F8F4
:102C7000B0229DF85830002B71D1D8F82C00236871
:102C800010F0407FD3F8886001D1C0B201E070F04D
:102C90004DDD16283AD00CD80B2825D004D80228B0
:102CA00016D004285BD119E00C2823D0122856D165
:102CB00026E030283CD004D818282DD024284ED126
:102CC00030E0602840D06C2844D0482847D135E017
:102CD000D6F838320133C6F8383240E0D6F83C3204
:102CE0000133C6F83C323AE0D6F840320133C6F838
:102CF000403234E0D6F844320133C6F844322EE094
:102D0000D6F848320133C6F8483228E0D6F84C32BB
:102D10000133C6F84C3222E0D6F850320133C6F8FF
:102D200050321CE0D6F854320133C6F8543216E063
:102D3000D6F858320133C6F8583210E0D6F85C3273
:102D40000133C6F85C320AE0D6F860320133C6F8C7
:102D5000603204E0D6F864320133C6F864329DF87C
:102D600058301BB12D980BA91AF01ED99DF8583078
:102D70002BBBD8F82C0010F0407F01D070F0D6DCCF
:102D800000F07F00022809D0042807D00B2805D0C6
:102D9000A0F11601484240EB010000E001200022B2
:102DA000E98895F91C3000920190A888090A800BE7
:102DB00002902D9803920490204609F058F92C991E
:102DC0004B685A030BD59DF8583043B9BAF1000F40
:102DD00005D1D4F838010BAA33F038DE33E02046B1
:102DE0000BAAFEF7F5FF2EE023685A6BC2B19DF8DF
:102DF0005820AAB910991548CA89D3F88C3002F026
:102E00000702825C1248845C38460C3403EBC4042D
:102E10006368A56801336360FEF376F54019A0602E
:102E200038461099002202F089DA0CE0B24637E504
:102E3000BDF8483013F4407F3FF485AD2D9B002B47
:102E40007FF4C1ADBCE52FB0BDE8F08FBAD58800E6
:102E50006CE188000B68C968DB691A6889B14B7836
:102E6000012B0ED1B2F8BE3023F040031B041B0C23
:102E7000A2F8BE308978890644BF43F04003A2F827
:102E8000BE3000207047F8B591E88800DC6903681F
:102E90000D461A6892F8626126B1D3F8600806F010
:102EA00073FF0646F86DF9F725F958B156B1E86891
:102EB00058B14378012B04D00C23A3804FF0FF308E
:102EC000F8BDA0610023A3800020F8BD38B50368D9
:102ED0004C681A6892F8625125B1D3F8600806F080
:102EE00053FF0546E06DF9F705F950B145B9D4F83F
:102EF000A00300F02000002814BF0320002038BDEC
:102F0000032038BD2DE9F84391E808020568DC6923
:102F10002B680E4693F86271D4F8008027B1D5F87B
:102F2000600806F031FF0746D9F85C00F9F7E2F8CF
:102F300088B187B1F06888B14278012A05D00C23A6
:102F400023844FF0FF30BDE8F8836062D5F8600855
:102F5000414607F0D9FC002323840020BDE8F88314
:102F60002DE9F04F1C4692F801909B68D1F85CC0A7
:102F700089B0002723F4C063B9F1010F80460E46E3
:102F80001546CDF810C005970697A36040F23C8126
:102F9000D278AB7843EA0223012B40F03581A9F1C6
:102FA0000203DBB2032B0ED81CF0400F00F02C8183
:102FB00004222DF0F5DC002800F026814023636315
:102FC0000423A36329E12F1D384696490322FDF30C
:102FD000D1F08246002840F0178140463146EA7918
:102FE0002DF0DEDC002800F00F8104F1380B3846AC
:102FF0005946FFF31DF0A9F10603DBB2012B11D8EE
:10300000049B5F0640F100814046314604222DF0CA
:10301000C7DC002800F0F880402363630423A36327
:103020005746FAE06A7A2B7A43EA0223012B40F0F2
:10303000EB8005F10A0738467A490322FDF39AF03E
:10304000002840F0E180404631466A7B2DF0A8DC44
:10305000002800F0D98038465946FEF3E9F7A9F177
:103060000C03DBB2012B06D8049B580640F1CC8040
:1030700040236363CEE0EA7BAB7B43EA0223012B70
:1030800040F0C08005F1100066490322FDF372F0A4
:10309000002840F0B780EB7C012B01D0052B02D13A
:1030A000049A510617D4062B02D1049A120612D4A0
:1030B000D8F8002092F862212AB1082B03D1049A93
:1030C00012F4802F05E0022B40F09C80049A12F04D
:1030D000800F00F097805A1FD2B2012A01D9082B25
:1030E0000BD1336D5B0504D4049B13F4922F00F0D5
:1030F0008F80A36843F48063A360336D5F0503D5BD
:10310000A368580540F1848005F1100004A900224D
:10311000FEF31AF7002877D0049BA9F11202D2B26D
:10312000012A63638CBF2A7D0022B3F5802F01D171
:1031300051066BD5D8F87C06316D0DF11F0304F0F4
:103140005FFA002864D09DF81F301BB1A36843F4D8
:103150000073A360A9F11407FFB2002F4AD095F8BD
:1031600001A0A9F11609C7EB0A0A05EB0A0393F8B7
:1031700003C003F1020B9B785FFA89F943EA0C2C38
:103180004FEA1919002723E00BEB071302330593CD
:103190001023ADF81C3004F114030093636B304628
:1031A000019306A905AA07ABCDF80CC057F09ED92C
:1031B00001372028DDF80CC00AD1059A62B1069BC0
:1031C00053B1012100914046214638F033D903E044
:1031D000674501D04F45D7D15544EA78AB7853EADB
:1031E000022317D0059BBBB1069F002F0CBF3527CC
:1031F000002712E0404621463A463B46009738F009
:1032000019D90AE02B2708E00C2706E02D2704E057
:103210001F2702E0002700E03527384609B0BDE847
:10322000F08F00BF22380100F8B591E82800076848
:103230005B681E683B6893F862415CB1D7F8600830
:1032400006F0A2FD31460446D7F8600806F0A0FD5E
:10325000064600E02646E86DF8F74CFF30B124B191
:10326000002E14BF03200020F8BD2046F8BD2DE934
:10327000F34191E8480007685B680C46D3F800808A
:103280003B6893F862315BB1D7F8600806F07CFDCB
:1032900041460546D7F8600806F07AFD074601E08A
:1032A0001F461D46F06DF8F725FFA0B19DB197B1FF
:1032B0000122002101A8FCF3F5F701A80521FEF386
:1032C000C9F30122A369F42001A9FDF30FF52368D6
:1032D000A2695B681A620020BDE8FC8173B50368CF
:1032E0000C461A684D6892F8626126B1D3F86008FE
:1032F00006F04AFD0646E86DF8F7FCFEB8B11EB9C7
:10330000D5F8A033980612D50122002101A8FCF3BC
:10331000C9F701A80521FEF39DF30122A369F4205A
:1033200001A9FDF3E3F42368A2695B685A610020F8
:103330007CBD73B503680C461A684D6892F86261EB
:1033400026B1D3F8600806F01FFD0646E86DF8F7D1
:10335000D1FE98B11EB9D5F8A0339B060ED5012237
:10336000002101A8FCF39EF701A80521FEF372F3EA
:10337000F42001A90122A369FDF3B8F400207CBD6B
:103380002DE9F3471746027A04460E46D0F800901E
:10339000D1F800800AB1002B6AD0E3199D7A002D84
:1033A00067D098F8023194F8272003F01C039B089B
:1033B000934238BF13463371304630F093DD98F8AE
:1033C00002314FF4005203F0030312FA03F3F360E7
:1033D00098F80231204603F003030D3386F83D319F
:1033E000414607F1360A2FF00BD856F82A5045B956
:1033F0004FF4417001F06CDF0546002839D046F8E3
:103400002A00284600214FF44172FCF34BF70223B7
:103410002B700023AF7085F8ED30D9F80030C5F877
:10342000F48093F869318BB1484649F041DC38B1FA
:10343000E37C984228BF184684F80434E07405E021
:1034400094F8043413B1E37484F80404A27CE37C9C
:10345000009294F82F2048460192D5F8F4103A468D
:1034600032F036DFD4F850321A6D01321A6500E0BE
:103470001D462846BDE8FC872DE9F041D0F8E8223A
:10348000002507460E46A8462B46D2F8B010043257
:10349000002918BF98460133182B0D44F5D128F0A8
:1034A00007083046184908F10708FDF36BF105BB22
:1034B00022E0D7F8E83204F12C0253F822206423EA
:1034C00053433046B3FBF5F31049FDF35BF1104B6A
:1034D0002340002B03DA013B63F007030133072B82
:1034E00005D1444503D030460A49FDF34BF1013480
:1034F00000E000244445DCDD30460749FDF342F19D
:103500000020BDE8F08100BF225701002C570100C8
:1035100007000080375701001A2D890037B50023B6
:103520000193079B0546032B144604D901A806996D
:103530000422FCF333F60E2C2B6806D11B68002006
:1035400093F8D120089B1A6001E06FF016003EBD91
:10355000F8B5C269002307460D461E46D15804330C
:10356000602B0E44FAD128461149FDF30BF1C6B188
:103570000024FB69284653F82420642353430D4953
:10358000B3FBF6F3FDF3FEF004F00703072B05D1C0
:10359000172C03D028460849FDF3F4F00134182C09
:1035A000E7D128460549FDF3EDF00020F8BD00BF46
:1035B0005C5701002C570100375701001A2D890074
:1035C0000020704710B51C4603699B794BB98805EC
:1035D00001D5101D03E0C90510D502F10A002146EE
:1035E00008E0CB0502D502F10A0002E0880505D506
:1035F000101DA11D0622FCF3BDF580B920460299DD
:103600000622FCF3B7F568B1204603990622FCF3C5
:10361000B1F500280CBF4FF0FF30002010BD4FF077
:10362000FF3010BD4FF0FF3010BD00002DE9F04F0E
:103630005D4B07461868EFB06A9015469A886C692A
:10364000ADF8AC2153F8060FA2686C909B880491EA
:10365000ADF8B4317B68A98BD3F814B06B680591D1
:103660009B1A9BB2D218A260A289D5F81090D31AE7
:10367000A3810026B84664E0642E64D0A368E28982
:1036800003F10E0712F4005218BFB4F85020BF0720
:10369000A089998905D04746FB6E1A6C01321A64DD
:1036A0005BE01218DFF808A10F0A92B247EA01277F
:1036B0000392A18ADAF800200E3752F82120BFB217
:1036C0001AB13A4AF91C0A4000E03A46039991427D
:1036D00005D04746FB6EDA6B0132DA633DE06AAA39
:1036E00000926CAA0192049805992A68FFF76AFF74
:1036F000002832D1E3899B0407D5B4F8503023B1B8
:10370000A389FF1AA4F8507000E0A7812246D8F8D8
:103710000000594619F0BCDEE38995F8222023F019
:10372000070302F007021343E38106AB43F8264088
:10373000A28ADAF80030013653F82240039BC3EB2B
:103740000909002C98D14746B9F1000F01D105AB0A
:103750000FE0FB6E5A6C01325A64584669690022C8
:1037600001F0ECDD1DE053F8042F0021918209F1F6
:103770000109B145F7D124B158462146002201F094
:10378000DDDD00240BE006AB53F8243095F829204A
:103790000093386804999B6825F066DB0134B442D5
:1037A000F1D16FB0BDE8F08F2B380100FCFF0100B4
:1037B000E80300002DE9F04FB1B0DDF8F480079385
:1037C00000230F922F9308F138023A9B0B92D1F805
:1037D00008215B880C92079A0E931388814603F0A8
:1037E000FC03A3F120077B4243EB07030C463C9EFE
:1037F000856908932BB13A9B4FF0300B04330A9341
:1038000003E0089A4FF0100B0A920021282210A81A
:10381000FCF348F51AA800212822FCF343F5D5F85B
:103820006C332BB110A805F55B712822FCF3B6F4BC
:103830000C9B0DF1400A03F138070DF1680C3A4674
:10384000534628462146CDF800C0CDF818C024F0D4
:1038500065DAD5F8843439469B7824AF00220B987A
:103860006FF0BEDE384600212422FCF31BF508F180
:103870004D03DDF818C02593CDF898A0B8F868304E
:103880000DF1B40A504600210822CDF89CC02893BF
:103890002496FCF307F57368CDF800A0C3F300434A
:1038A0008DF8B43021465A460023D5F894062E9759
:1038B00053F03AD804F1DC0300F1060A079A0D939D
:1038C0008DE808042FAB0A32029307465946284672
:1038D00004F1E203099220F08BDE844618B911222C
:1038E000A8F86820E9E02F9B0022012119705A7086
:1038F0002A6A1268022A04D194F92C210AB92122D9
:103900001A70216D40F237120A4032B194F85820F3
:103910001AB11A8842F010021A8095F8722432B156
:103920002A6A527D1AB11A8842F480621A80B8F865
:10393000682021465A80B8F820209A802F9B2DAA13
:1039400006338DE88C002F93D5F894065A46002351
:10395000CDF818C052F056DFDDF818C0002840F04E
:103960009980009498F81820E368029003900192DF
:10397000DA6828463346614624F01AD8B8F8683029
:1039800023B13046022176F0A5DB83E02F9B063B76
:103990002F93B36898050CD596F8243003F00303F1
:1039A000032B06D1D5F87C06214632465DF0C6DAF7
:1039B00083E0B8F820303146A6F8CC30284676F0BF
:1039C000B9DF0C9A022192F860300E9A3046934289
:1039D00038BF1346A6F8FA3076F004DED4F8EC309F
:1039E000190309D5284621461AF038DD012803D1EC
:1039F0002846214646F0F2DE2B689B6AF362089B5C
:103A000053B10D980A990622FCF3B4F320B148464D
:103A10000999E26836F0A6DF0999E268484636F06F
:103A2000C5DC2A68D4F8EC1092F84F2011F400534A
:103A300018BF022312F0030205D0CA045ABF7268ED
:103A4000C2F3004200227F218DE806000B9806F1A8
:103A50003C0100226FF0F0DE2846314677F058DB5B
:103A6000606920B106F11401012201F0D9FFD4F8F8
:103A7000EC309B0404D5D5F84C01214660F064DBA2
:103A80002B6893F8693133B128462146012202F0B0
:103A9000BDFF00E0BA463B9B3A9A01932F9B0092F0
:103AA0000293484621460F9A079BCDF80CA0049636
:103AB000CDF8148036F054D905E048462146079ADF
:103AC000434635F029D931B0BDE8F08F2DE9F04FEC
:103AD0008569E3B0924698469DF8B421D5F86431E3
:103AE0000C4607921BB19B79002B40F06A812B6832
:103AF00093F82F30ABB1236D990712D594F8A43009
:103B00007BB100F05FDFD4F8B0103EF0D7DE0028C4
:103B100000F06C810023C4F8A830C4F8AC3084F8FD
:103B2000A430A3791BB12379002B00F04A81BAF8A5
:103B300000B01BF4804B65D00AF10A0328462146E9
:103B40001A46069376F080DF0746002800F0398198
:103B5000D0F8D030002B00F0348198F803909DF815
:103B6000B8314FEA99190BB3D5F89C3253F8296054
:103B7000E6B13369D3B1337AC3B1414603225BA8BE
:103B8000FCF30CF35BA806F1140132690330FCF37B
:103B900005F331695BA8033108AA02F0AFDA6C9A29
:103BA00008F10400111F08AA02F0CADA09F11C0981
:103BB00054F8293093B11A696C984146143308F0CF
:103BC000F5DCC0B9012300900193029003900490AA
:103BD000214628461722069B1AF05ADDD7F8D00056
:103BE00001F088DB0023C7F8D03003230F260693AB
:103BF0004FF00109D2E06C9A08F10408083A6C927F
:103C00000F2601E05E465F46B8F80230B8F8009033
:103C100006932B6893F8623173B1B9F1030F0BD19E
:103C20006C9A079B00920193D5F860082146524692
:103C3000434674F057D8C4E0069A032A00F2C180C4
:103C4000BBF1000F67D1012A40F0CC80B5F8AA0182
:103C500022F014D90AF10A0B031C214618BF0123D4
:103C600028465A4676F0F4DE014610B1284676F032
:103C7000F1DE284621465A4676F0E8DF074600285E
:103C800000F0B2804368DA0408D52A6892F8302040
:103C9000002A40F0A98023F4805343602846394627
:103CA00025F0B2DDB9F1000F03D0B9F1010F2BD12E
:103CB00012E0B4F9543094F94420384601211BB97C
:103CC00016B976F0B9DC01E076F01EDA97F8243008
:103CD00013F001031DD118E0B4F95430012B18D0B2
:103CE0003846494694F9442076F00EDA00238DE8F0
:103CF00008020293039304932846214617225B4649
:103D00001AF0C6DC0D2649E000230122009301923F
:103D1000EFE7002E42D100210C225FA8FCF3C2F293
:103D2000344B0DF5927B5F93334B0021282258468C
:103D300060936195FCF3B6F2069BADF8346153AE27
:103D40003046002120224A93CDF824914B97FCF372
:103D5000A9F26C9A08F106030193931F009602934F
:103D6000D5F894062146B0225FABCDF868B152F089
:103D700003DEBDF834618EB987B197F82430D807D7
:103D80000CD52846214604220AF10A030096019622
:103D9000CDF80890039604961AF07ADC069A20462D
:103DA000531C0193002303930493079B0AF10A0118
:103DB000059304F1DC023B46CDF800900296FDF736
:103DC0006DFC284621460AF10A0276F03DDE68B114
:103DD000A3795BB190F82430D90707D52B689B6A8B
:103DE000836203E00E26D9E70126D7E763B0BDE87A
:103DF000F08F00BF11148400151484002DE9F04FDA
:103E00009A46836EADF5077D81468669CB58D1F819
:103E10000C01919C0D460D92DDF8408212930C909E
:103E2000002C00F0AA82002131A86C22FCF33AF2A7
:103E30009DF848320D998DF8DC30B4F8CC303391D0
:103E4000CDF8D0A0CDF8C4903295CDF8D48036947A
:103E500023B9206947F04AD8A4F8CC00B4F8CC20A4
:103E6000D5F808310021ADF8E4204CA828221093A1
:103E7000FCF318F20D98BAF800200388ADF82C2056
:103E800003F0FC03A3F12000434243EB0003D9B24B
:103E90008DF8473093B20A934B010E9394F8243077
:103EA0000F9103F00303032B03D1A368990500F1DD
:103EB0003F82D6F864311BB19B79002B40F05782CA
:103EC000336893F82F30ABB12B6D9A0712D595F864
:103ED000A4307BB100F076DDD5F8B0103EF0EEDC1A
:103EE000002800F04A820023C5F8A830C5F8AC309D
:103EF00085F8A4300F9820B1B8F1090F40F237824D
:103F000009E0B8F1030F40F23282A8F104010AF18E
:103F1000040B099104E0A8F10A020AF10A0B0992C4
:103F200000276763A763304621463A4676F0B4D946
:103F3000099BCDF8F4B0012B3E93CDF8ECB040F3E3
:103F400016829BF80130099802339842C0F20F8222
:103F500039460C2283A8FCF3A5F1704B39468393B4
:103F60006F4B282284936AAB184608938596FCF31E
:103F700099F156AA0DF5E87C6B9260AA6C926046A6
:103F800039462022CDF81CC06A94ADF8C871FCF304
:103F900089F1089B09997B933368DDF81CC093F87D
:103FA0004F30029103F00303CDF800C0CDF804B008
:103FB0008DF8E8310E9AD6F89406294683AB52F074
:103FC000DBDCBDF8C8210E9208B11746BFE1BDF891
:103FD0002C30D4F8E000A4F8F83038B14178023140
:103FE000FDF322F7D0F1010038BF00200B900B98B1
:103FF000EB6D8DF8E60023B12A6D40F237131340C4
:1040000013B92B6D5B060BD5D4F8E03043B9AB790F
:10401000002B00F08F81D5F8EC30980440F18A81B4
:10402000304656A960AA4CAB1AF0F6DE002840F0E4
:10403000858196F81C259DF844319A4240F07E8196
:1040400094F8243099070BD594F8D73023B1304633
:104050002146012239F0C0D92046FE2176F03AD817
:1040600095F94430002BC0F2718194F82430DA07BE
:1040700040F16C81336893F8A9304BB1D6F87001E8
:104080002AF04EDD022803D10A99CB0540F1548174
:104090006D2215A80021FCF305F10023DDF830E1C5
:1040A0001A4612E086A8C11811F8E41C01F07F013D
:1040B0006C2909D81B48405C30B115AF40B2795427
:1040C00032EA200228BF012201337345EAD1616838
:1040D000336A21F007016160587D12F1000C18BFAE
:1040E0004FF0010C18B112B941F0010161605B7D24
:1040F00033B10A99480503D4636843F0020363604F
:104100000A9A12F02002139203D0636843F004036A
:104110006360109B986B002314E000BFB111840012
:10412000CD138400581689001099CA1892F83C20C3
:10413000110606D502F07F0215A98A5C002A00F05C
:10414000FD8001338342EFD1336893F84F309A07F3
:104150002AD06D9941B34A7830460232CDF81CC05E
:1041600054F09CDA002207460092304621463A4637
:104170000023FBF701FCDDF81CC0AFB151A81022F1
:104180000130F91CFCF30AF051AA0023F11891F850
:10419000011312F8010F0840884240F0CF8001332C
:1041A000102BF3D14FF0020C129B9C45C0F0C6803F
:1041B000EA6D22B1296D40F237130B4013B92B6D14
:1041C0005B060BD5636B23B1A16B40F237130B4039
:1041D00023B92B6D13F0410F00F0B8800A98C00688
:1041E00018D5296D40F237130B409BB9490601D50C
:1041F0000B9979B130460D9E002301220093019264
:104200000293039304932946172206F10A031AF036
:104210003FDA9BE0E2B12A6D40F237131340BBB1A5
:10422000D30715D594F8D630012B11D1636B7BB130
:1042300005F1DC03009305F1E20301930227304608
:104240002946224604F11403029726F097D87EE00F
:10425000336893F830304BB9336A1B68022B05D1B1
:1042600095F92C3113B91398002869D0336A1B686B
:10427000022B05D199F8003013B10A99480561D590
:10428000304619F07BDDD9F8283098425CD23046B0
:1042900029461AF0E3D8D5F88430984254D2D5F89C
:1042A000EC30990408D5D6F84C0121465A46099BB2
:1042B00060F016DA002849D10E9A4CA9ADF82C21ED
:1042C0003FA82822FBF36AF70C99486B08B101F06C
:1042D00011D80F9A1AB1AAF1060A08F106089DF83A
:1042E00047000C9B83F83C00404600F0F1DF0C993E
:1042F000486308B9886306E042465146FBF34EF72F
:104300000C9AC2F8388001238DF8F03104F11401C1
:10431000002306227DA8ADF8F231FBF33FF731AB65
:104320000093304629467CAA234635F051DD24E02F
:104330001E270CE00D270AE0162708E0122706E0EA
:10434000132704E0192702E0112700E00C2731AB06
:104350000393484629467CAA0D9BADF82C71CDF8F5
:1043600000A0CDF804800294FFF724FA05E0484647
:1043700029460D9A31AB34F0CFDC0DF5077DBDE851
:10438000F08F00BFD1F80C0130B5446B4CB1816B9C
:1043900039B190F83C50002D0CBF04250A25A942E4
:1043A00003D200211160196030BD251D1560196010
:1043B00090F83C0018B106390A34196014601A6884
:1043C000043A1A6030BD0000024B00F00F0053F8B1
:1043D00020007047746501002DE9F04FCB88D0F8BC
:1043E00010218BB09B0605460E460468D0F80C7170
:1043F0000892D0F804A11DD5036D9A0712D558076D
:104400000BD501F16F0004217CF0BADC90B906F104
:10441000830004217CF0B4DC60B994F8413513F0DA
:10442000020F05E0DA0705D594F8413513F0010FC6
:1044300040F02B8320462946728E16233CF0D6D8B6
:10444000002840F04083738E204613F4404F0CBF89
:10445000002201220A3254F822902A46494621F0CD
:1044600069DFFF28804600F02E8394F8903243F0F5
:10447000040384F89032236893F83B303BB1204624
:10448000294642465AF000D9002840F01C83236A8E
:10449000186961F0DFD840454DD0236A186961F092
:1044A000D9D8FDF387F383464046FDF383F3834574
:1044B00009D1236A186961F0CDD808F4605300F47B
:1044C0006050984237DC7B68022B0AD1BAF8BE30C4
:1044D000DB0706D5BB68182B03D0089A536B042B57
:1044E00029D1D4F8580141464CF062DB204628F02F
:1044F0001FDC7B68022B08D1B5F954302BB9D4F8F6
:10450000D4062946324651F0B5DA2046414626F017
:1045100041DF236893F83B304BB1D5F83C33596801
:10452000D4F8C035994202D0204623F0ABD82046BB
:104530001FF0ACDE0FE0D4F8580141464CF042DFEA
:1045400048B1D4F8580141464CF032DB00212046F6
:104550000A4622F00BD8236893F83B3093B1D5F884
:104560003C335A68D4F8C0359A420BD0204628F024
:10457000DFDBD5F83C332046596823F083D820464A
:104580001FF084DE09F15003C822504631460993DA
:10459000FBF304F6D9F80030AAF83280022B07D1D9
:1045A00099F81580D8F1010838BF4FF0000801E0F4
:1045B0004FF00008F38813F020030DD0236893F820
:1045C0004F3013F0030307D0D5F8EC3003F48053D9
:1045D000D3F1010338BF0023DBB20AF1380B079394
:1045E000FF22B8F1000F18BF00238DE80C005846D9
:1045F0005946002243466FF01FD9D4F884345846F8
:10460000099901229B786EF0EBDF00282ED1B9F8D2
:104610000820D9F80090B8F1000F05D12046414696
:10462000069220F03BD9069ABAF8323003F4605370
:10463000B3F5205F08D0B3F5C05F07D0B3F5805F56
:1046400014BF0A23142302E0A02300E02823FF2143
:1046500001910290CDF800800393D4F88434584639
:104660001B79099904934B466FF0AAD8D5F8EC3022
:1046700098040CD52946204620F010D9FF2300933A
:10468000019059465846002202236FF0D5D82046A3
:10469000594623F0D9DA96F93420204600322946CB
:1046A00018BF012246F0F2DC96F93430E3B9D5F8B0
:1046B0000831012283F86020D4F8440129465BF0D8
:1046C00097D9284631463BF023DA28460E213DF0A3
:1046D0005BD82946204646F051DE204629467A68B6
:1046E000BB6845F007D8CCE1D5F8EC30990405D586
:1046F000D4F84C01294652465FF0BADC20462946E0
:10470000324676F0A3DA804638B9204629463A4642
:104710000BB0BDE8F04F3BF09D9F079AF2B1DAF87D
:104720006830BAF86C900C33A9F10C0919464A4666
:104730002046069353F0CCDF069B844619464A4632
:104740002046CDF818C053F099DFDDF818C00022DC
:10475000034600922046414662460AE04368DA0377
:1047600009D5F3889B0606D4079B20460093414653
:104770001A46FBF701F9D8F80430D5F8EC2043F4D9
:104780008053C8F8043012F400524FF07F0308F150
:104790003C01009305D0079A58460192022300225B
:1047A00003E0079B5846019313466FF045D8204617
:1047B000414676F0ADDC204629463AF0C1DD23685B
:1047C00093F862315BB1EB6D580308D5BAF8BE209F
:1047D000D4F860084146C2F3801206F095F898F8C4
:1047E000243013F00C0F40F04681B5F954A0236833
:1047F000C5F800A193F86231002B7DD0EB6D19064E
:1048000005D5D4F86008294673F054DB10B9EB6D78
:104810005A033CD500232946C5F80031D4F8600876
:1048200073F032DA29468246D4F8600873F040DA31
:1048300088B14FF4802920462946324608238DE866
:1048400000063DF019D830B10323C5F80031C5F892
:104850005C909A461BE0D4F86008294673F02ADB86
:10486000A0B14FF0800B4FF0000920462946324698
:104870000223CDF800B0CDF804903CF0FDDF28B164
:10488000C5F80091C5F85CB0CA4600E08246D5F88C
:104890000031032B0BD1D4F8DC0629463246EB6DF0
:1048A0006CF002D818B10023C5F800319A46D5F84B
:1048B0000031032B20D1D4F8600805F065FA50B11F
:1048C000D4F86008414605F063FA20B1D4F86008D6
:1048D000294605F01FF9D4F86008294642463346B8
:1048E00073F092DA30B1284608210BB0BDE8F04FE2
:1048F0003CF04A9FC5F800A1D7F80490B9F1020F27
:104900001DD1BAF1000F1AD1D4F8D4062946324687
:1049100051F0C8D898B1D5F80801FCF32FF370B95D
:10492000D4F8D00629463246C5F800917BF00EDA5D
:10493000D4F8D4062946324651F016DBCA460C217B
:10494000404675F04FDE7B68022B23D1089A536BEB
:10495000093B012B1ED893464FF00009134616E081
:104960000A2000FB0930D5F80811623006220693B0
:10497000FBF300F4069B30B94FF49672ABF8682055
:10498000012283F8502009F101090BF10A0BDA6CBE
:104990009145E5D37B68022B33D12B7A002B30D0A5
:1049A000BAF1020F2DD1B6F8BE30DB0729D5089A2F
:1049B000536B042B25D0BB68182B22D0284622F03D
:1049C0004DDF18B12846002127F058D82846182175
:1049D0003CF0DADED8F80C30D4F8D406D5F808214B
:1049E0001BB11969002908BF00230093B6F8623093
:1049F0002946C3F340130193434651F013DA0646A8
:104A000029E0284608213CF0BFDE4FF001090023D1
:104A1000CDF800A0CDF80490029303930493B6F868
:104A200062303246C3F3401305932846434608F1EB
:104A30001401FCF733FE2368064693F869311BB175
:104A40002046494648F0D2D8A06839684FF496729B
:104A500000230CF02FDF46B1D4F888041B49B5F8C9
:104A60002E21334660F0F8DA0BE0A06839684FF485
:104A70009B72334603E00022A068396813460CF0AD
:104A800019DFBB7F0133BB771DE0F388708E23F401
:104A90006663F380FDF38EF040F480501FFA80F8D7
:104AA000708EFDF387F0B6F8BE300E288CBF4FF441
:104AB0004040002048EA000823F00A03A6F83280AC
:104AC000A6F8BE30B6E40BB0BDE8F08FA590840028
:104AD0002DE9F04F9A461388D0F80C61A3B003F08B
:104AE000FC030993B36894460B3BBAF80220012BF0
:104AF00004468B46DDF8B0900568D0F80471ADF837
:104B000028201FFA82F80BD80CF110003946062233
:104B1000CDF818C0FBF32EF3DDF818C0034660B1E2
:104B2000099A2046B2F1100318BF01230093002315
:104B3000019306210CF10A0248E0306C20B1069383
:104B400000F0D8DB069B7364484600F0C1DB30649C
:104B500028B1C6F8449051464A46FBF31FF32B6830
:104B600093F844303BB1D5F86001BAF802104AF02E
:104B700037DCAAF80200B8F10B0F10D17368012BD3
:104B800013D0B3680C2B10D0002300932146284685
:104B90005A463B463BF0C6D820460C2177E0B8F198
:104BA000000F16D0B8F11E0F13D07368204613F112
:104BB000FF3318BF0123009397F934303A46D3F1FD
:104BC000010338BF002301930121434639F0AEDBD6
:104BD000C1E02B684FF000089B6AA9F10602CBF8F0
:104BE0002C300AF10603079308920393049243467C
:104BF000284621465822CDF80080CDF80480CDF813
:104C0000088019F045DD41460C221FA8FBF34AF34A
:104C1000524B41461F93524B282220930DAB18460E
:104C200006932195FBF33EF3BDF828200DF15C09B6
:104C30004146ADF8382048462022CDF834B0FBF389
:104C400031F3069B089A1E93079B02920193CDF8BD
:104C50000090D5F894062146099A1FAB51F08CDEDE
:104C60008046002877D1BDF83890B9F11E0F11D1D8
:104C7000129B2846F36421463AF062DBF26CA86886
:104C800031681E3243460CF015DE204619213CF0F7
:104C90007BDD60E0D4F8EC309B0406D5D5F84C0100
:104CA0005946079A089B5FF07BDDBAF80420A4F808
:104CB000F62095F87338A5F8582383B19204286933
:104CC000C421920C44F0C6DA05F506600930394675
:104CD0000622FBF363F297F83230A5F87038736858
:104CE000204613F1FF3318BF0123009397F93430A6
:104CF0003A46D3F1010338BF0023019300214B460C
:104D000039F014DB204659463AF026DAD5F86832F5
:104D10009C4220D0E36DF3B9236DD8071BD5E36E19
:104D2000591C18D01C3354F82320A2B1117A012940
:104D300001D003290FD15089D3798DE8030002F106
:104D40001401029100210491059103972846214600
:104D5000126954F0C3DD23B0BDE8F08FD554840050
:104D6000616184002DE9F04FA5B092460C939DF847
:104D7000B820D0F80C310D920993BAF80220D0F87F
:104D8000043101F10A07BAF8049004460B91056852
:104D90000892384619460622BAF800B01FFA89F878
:104DA0000A93FBF3E7F100282ED1284621463A4624
:104DB00075F04ADE0646002826D0099A9368082B2B
:104DC00001D00A2B20D1726842F4805272602A68A6
:104DD00092F8622172B1BBF1030F0BD10C9B0D9ABB
:104DE00000930192D5F8600821460B9A534672F061
:104DF00079DF92E0082B02D1089B022B03E00A2BFB
:104E000007D1089A042A04D00023009320460621E3
:104E100080E0B8F1000F06D0CDF800B020460121A7
:104E20003A46434677E041460C2221A8FBF33AF28A
:104E30003B4B414621933B4B282222930FAB184614
:104E400007932395FBF32EF2089AADF84C900DF1E1
:104E500064091092414620224846CDF83CB0119694
:104E6000FBF320F2079B0C9A20930AF106030193AF
:104E7000931F0293CDF80090D5F894062146B022F6
:104E800021AB51F079DD002847D1BDF84C30002B23
:104E90003AD1BBF1010F37D1089A022A34D10A2145
:104EA00020463CF071DCF368129A06F114011BB144
:104EB0001869002808BF002303930D9B01204FF0C1
:104EC000030C4FF0000E8DE801500492059320462C
:104ED00033460A9AFCF7E2FB2146064628463AF09A
:104EE0002FDA46B1D5F888040F49B4F82E2133469D
:104EF00060F0B2D811E0099AA868116833464FF4FF
:104F00009B720CF0D7DC08E0191CCDF800B02046ED
:104F100018BF01213A463DF025D825B0BDE8F08FF5
:104F20006D61840071618400A59084002DE9F041D9
:104F3000876806467D68B86851F805800C46FAF324
:104F4000D1F2C8F80400002830D063590021586815
:104F5000E422FBF3A7F1F86854F80580FAF3C2F2F3
:104F6000C8F8080010B3635900219868E822FBF3E1
:104F700099F163592949D3F8088033683246C8F853
:104F80000030986800230CF03FDDC8F8680068B175
:104F900063592349D3F80880336822469868002370
:104FA0000CF032DDC8F8C00000282FD163599B688F
:104FB000FBB1996E39B1336898680CF00DDD635917
:104FC00000229B689A6663599B68D3F8C01041B170
:104FD000336898680CF000DD635900229B68C3F8C1
:104FE000C0206359F8689968FAF3A2F26359002265
:104FF0009A606359596861B1B868FAF399F26359D4
:1050000000225A606FF01A00BDE8F0810020BDE870
:10501000F0816FF01A00BDE8F08100BF55BE84003A
:105020009DBC84002DE9F04F9FB006468B46144688
:10503000D0F800900493002B00F0DE828368049A7D
:105040005B681146D35848465D689B681CAA059367
:105050001BAB36F043D860B15CB9059C202204F14B
:1050600048001B99FBF39AF02022E2804FF0870C56
:105070000DE0062C00F2C382DFE814F00700C10245
:105080006F00C1026C01C102E4014FF0710C049C7D
:1050900063464846716804F11402CDF80CC07DF0F7
:1050A0003DDBDDF80CC08046002800F0AC82BBF18F
:1050B000030F06D1D5F8D030B3F5802F08BF4FF0DD
:1050C000000BD8F80840ACF112039BB21B0204F1AC
:1050D000120A238200215F225046CDF80CC0FBF358
:1050E000E1F04BF088039BB21A0AE27423752B8B14
:1050F00005F11C071A0AA375627548463946202235
:105100001FF048DD04F11F0039462022FBF346F072
:10511000DDF80CC0ACF1710C1FFA8CF3BBB11A02B4
:10512000A4F86F20023BDD2284F8712084F87230ED
:105130008749032204F17300FBF330F0042384F861
:10514000763004F177001C991022FBF327F00B2333
:105150005F462B604FF0000B5AE2BBF1030F07D103
:10516000D5F8D070B7F5802F14BF0327002700E0D3
:105170005F46D5F8D000802802D0B0F5802F04D14A
:1051800047F49E5747F0080703E0042802D147F48C
:10519000E477BFB2D9F8003093F8624154B1F6F722
:1051A000A9FF40B1D9F8600804F0EEFD18B1B5F8D8
:1051B000D40000E02046AC88D5F8D0300419A4B261
:1051C000802BADF8764002D0B3F5802F25D117F4AF
:1051D000805323D0B6F8108018F0010808D130466B
:1051E0003FF03EDD30463FF05FDD013000F00B82E6
:1051F00033687168D3F87C065BF062DDB6F87C300A
:10520000BDF876202633C31812F007029BB205D0F2
:10521000C2F108029B189BB200E0002371341B19F5
:10522000049C4846716804F114029BB27DF076DA62
:105230008046002800F0E781846800215F2204F1A5
:10524000120A227461745046FBF32CF03B0AE3749B
:1052500027752B8B05F11C011A0AA375627504F1E1
:105260001F002022FAF39AF7AA8804F17100A968B6
:10527000FAF394F7BDF876301A0A42EA0323A4F849
:105280006F30D9F8003093F86231B3B1D5F8D0005F
:10529000F6F730FF88B1D9F8600804F075FD60B109
:1052A000AB68002B00F0B381A888D5F8D810504423
:1052B0005F30B5F8D420FAF371F7D5F8D030802BF1
:1052C00002D0B3F5802F33D1F80431D521460DF14A
:1052D000760230463FF074DCBDF876301A0A42EAB6
:1052E0000323A4F86F30049A936899050FD53368A7
:1052F0002246D3F87C0671680DF176035BF02CDD55
:10530000BDF876301A0A42EA0323A4F86F30A37B73
:1053100030460093294652465B463FF0ABDA0130F7
:1053200006D1D9F804004146002200F007D866E112
:1053300094F86F2094F8703043EA0223228AD3183D
:105340009BB21A0A42EA032323820C2316E100BF10
:105350003738010096F87A704BF4607B3F0107F014
:1053600030074BEA0707B6F87CC0BFB20023BA0784
:1053700054BF0CF1710C0CF1790C049C1FFA8CFCDD
:10538000ADF8763048466346716804F11402CDF8F2
:105390000CC07DF0C3D9DDF80CC08046002800F0B9
:1053A000328184685F234FF0000B04F1120AACF1E4
:1053B00012022374594684F811B05046FAF372F77A
:1053C0003B0AE3742775B6F87C3006F1BE011A0A71
:1053D000A375627504F11F002022FAF3DFF6102294
:1053E00006F18E0104F13F00FAF3D8F6082206F127
:1053F000FE0104F14F00FAF3D1F6B6F87C2006F175
:105400005A0104F17100ADF87620FAF3C7F6BDF841
:10541000763030461A0A42EA0323A4F86F30A37BA1
:1054200029460093524607F003033FF023DA013088
:1054300040F096804146D9F804005A46FFF37EF7C3
:10544000D846E0E0D5F8D030802B03D0B3F5802FDC
:1054500040F0D5803368AC88D3F87C067168ADF82D
:1054600076405BF02DDCB6F87C30BDF87620263334
:105470007134C31812F00702A4B29BB203D0C2F178
:1054800008029B189BB2E318049C4846716804F11B
:1054900014029BB27DF042D98046002800F0B38010
:1054A00084684FF0000C5F224BF49C5704F1120A01
:1054B00084F811C06146BFB222745046CDF80CC0CA
:1054C000FAF3F0F63B0AE37427752B8B05F11C0108
:1054D0001A0AA375627504F11F002022FAF35EF622
:1054E0000DF1780BA968AA8804F17100FAF356F659
:1054F0003BF8023D21461A0A42EA0323A4F86F3022
:105500005A4630463FF05CDBBDF876301A0A42EA74
:105510000323A4F86F3033687168D3F87C06224601
:105520005B465BF019DCBDF8763030461A0A42EA79
:105530000323A4F86F30A37B2946009352463B46D1
:105540003FF098D90130DDF80CC009D141466246E0
:10555000D9F80400FFF3F2F6DDF80CC0E04652E0A3
:1055600094F86F2094F8703043EA0223228AD3180B
:105570009BB21A0A42EA032323820D232B604FF0C9
:10558000010B45E0B3F5802F14BFFE23022300E09A
:105590000223504605F15C01082200F8053BFAF3AE
:1055A000FDF517F0030104D1D5F8D000FDF38EF11D
:1055B0000146BBF1000F0CD0204605F18C0207AB71
:1055C000FDF394F1F0B10AF14D0007A91022FAF3AE
:1055D000E5F573684146DA68484624F093DF059C98
:1055E000D9F80800D4F8C0104FF47A7200230CF0F8
:1055F00061D94FF0010806E0DDF8108003E04FF0BC
:10560000000800E0804640461FB0BDE8F08F9B4692
:105610000323E373D5F8D030802BB3D1B8E700BFB4
:105620002DE9F04F054689B00E46D0F800A01F4680
:10563000002B00F0878183685B68FB585C68D3F8B7
:105640000880D4F8D000F6F765FD002800F07C81D2
:10565000B8F1000F00F07A81BB68580507D4BB6B26
:1056600003F00203002B14BF0123022300E00323F5
:10567000D4F8D0000793802805D0B0F5802F02D051
:10568000042840F06581337D96F8139043EA092998
:1056900019F00303069302D1FDF318F1069004F10B
:1056A0005C0B0120082306F117015A46FCF3F0F5C4
:1056B000834500F04F8123680C2B00F0B7800D2B41
:1056C00000F018810B2B40F0458109F4DC73B3F531
:1056D000847F40F03F8104F13C032022184606F10C
:1056E0001F010493FAF35AF5BA68049B12F4806F11
:1056F00009D12A68126892F86221C2B1D4F8D02088
:10570000B2F5802F13D108F148020092B8F80620B4
:105710006968019204F18C020292A28A07F11400D6
:105720000392E23104F11C02FCF346F522E06968C1
:1057300007F1140C6046E23106220493CDF814C040
:10574000FAF318F5049BDDF814C0002800F002817C
:1057500008F148020092B8F806206968019204F145
:105760008C020292A28A60460392E23104F11C028A
:10577000FCF322F719F4807F10D0338A1A0A42EA28
:1057800003239BB25C2B40F2BF803046069904F1A4
:105790008C02FCF377F7002800F0DC80338A1A0AC9
:1057A00042EA03239BB25E2B40F2AE8096F86F1064
:1057B00096F8702042EA012202F15F018B42C0F0AC
:1057C000A380C2B1E188B4F8DC30CB189A4212D180
:1057D00006F17100E16806F11209FAF3CBF488B121
:1057E000E388D4F8E010994409F15F00B4F8DC20B4
:1057F000FAF3C0F430B1686807F1140111227DF0AA
:1058000025D9A7E0002384F8CD302B68D8F8C01044
:1058100098680CF075D858460821FDF35DF02846CD
:10582000079902223B46FFF7FDFB93E009F4D8738A
:10583000B3F5807F40F08E8019F4807F08D0304629
:10584000069904F18C02FCF31DF7002800F0828019
:10585000002384F8CD302B68D8F8C01098680CF07D
:105860004FD8228A07F11406238B50468DE8440056
:10587000696804F1AC027DF089D8D4F8D030802B6F
:1058800002D0B3F5802F02D11023236018E0042B3F
:1058900016D10D2323602B8AD90707D428463FF061
:1058A000DFD928463FF000DA013053D058460821AE
:1058B000FDF312F02846079904223B46FFF7B2FB9E
:1058C000D4F8D030802B04D0B3F5802F01D0042B36
:1058D00008D16B685046DB68792100933246062375
:1058E000FAF7D4FAD4F8D030802B27D0B3F5802F34
:1058F00030D123E019F4807F15D0338A1A0A42EAA6
:1059000003239BB25C2B07D8DAF80030D3F8883039
:105910005A6E01325A661DE03046069904F18C0237
:10592000FCF3B0F6B0B1002384F8CD302B68D8F882
:10593000C01098680BF0E4DF1023236028463EF087
:10594000F3DF07E0184606E0E92004E0404602E005
:10595000002000E0012009B0BDE8F08F2DE9FF47ED
:105960000D9C064617469A468946002952D0002CBF
:1059700052D0836800685B68E3585D68D3F808809C
:10598000294606F01DFF09232B6048463946302280
:10599000FBF382F0736848B1626BDB6DB2F5802F68
:1059A0000CBF03F4802303F0800302E0DB6D03F0FF
:1059B0000403C5F8D0300C9B3068029321462A4678
:1059C0004B468DE8800406F018FF30B37369012B55
:1059D00002D1B8F8060000B3002385F8CD30336853
:1059E000D8F8C01098680BF08BDF0A232B60A368EF
:1059F0005B0507D4A16B01F00201002914BF01214E
:105A0000022100E00321304600222346FFF70AFB73
:105A1000012002E0084600E0204604B0BDE8F0871F
:105A20002DE9F04390E86000D6F808318E465B8E91
:105A3000174603F440437246A3F5404EDEF10003DF
:105A400089B004463146284643EB0E0375F000D872
:105A5000804600287CD047B1E368002B78D12046EF
:105A60004146FFF763FA002872D1A3685B6858F8D3
:105A700003309F68238AD90702D420463FF04CD8D0
:105A80002B68C4F80C8093F86231ABB198F8D6302B
:105A9000032B0BD1D8F83430B3F5802F0CD1284626
:105AA000414607F1480270F01BDC0FE023B9D8F83B
:105AB0003430B3F5802F09D0238A9A0708D507F12F
:105AC000480004F11A012022FAF368F32023FB8036
:105AD000FB88202B35D12B684FF00009D3F8E80064
:105AE000CDF81890CDF81C900590FFF3F1F3074620
:105AF00000282DD005AB8DE8080228465021D8F8A3
:105B000010203B46F9F742FED5F81805314606AAA3
:105B100007ABFEF737FC07F10C030093059B20460B
:105B20000C3B0193E36801210293069A079B40F026
:105B3000D9D92B683846D3F8E8300593FFF3DAF368
:105B400006E0706906F11901327E43463FF054DAEF
:105B500009B0BDE8F0834FF0FF30704770B50446E0
:105B6000D0F8880000220A21D4F8D8300D0A33F882
:105B70001230CEB2CB189BB2013B46EA032605F0A9
:105B8000030503F440731D436FEA42636FEA534316
:105B9000A0F84035A0F82065A0F82C55A0F84035B5
:105BA000D4F8D83033F8125001324919062A89B294
:105BB000DAD1204698215A8843F04CDBD4F8D8300B
:105BC00020469A219A8843F045DBD4F8D830204605
:105BD000DA881B889C2143EA022292B243F03ADB26
:105BE000D4F8D83020465A891B899E2143EA0222E4
:105BF00092B243F02FDB2046BDE8704040F0EE9CAF
:105C0000F8B503688E210446D3F8845442F0E0DCF2
:105C1000236840001B6886B293F8643106F1500196
:105C200006F1940789B2BFB213B1002385F86D3134
:105C3000D5F82031012B1CD002D3022B30D122E029
:105C400095F8E820012010FA02F295F8583192B246
:105C5000FF2B03D010FA03F31A4392B2204643F00D
:105C6000F9DA95F8E83001229A402046394692B296
:105C700014E02046B5F82A2143F0ECDA20463946F4
:105C8000B5F82C210AE095F8E83001229A40204628
:105C900092B243F0DFDA20463946002243F0DADAE6
:105CA00095F81C2142B94C364FF6FE712046314022
:105CB000BDE8F84043F0CE9AF8BD0000D0F894104B
:105CC00010B50831044641F0F3D803492046BDE839
:105CD000104041F0D59800BF6C4F010038B5437CAF
:105CE00004468B420D4606D039B142F005DB38B987
:105CF0004FF0FF3038BD002038BD4FF0FF3038BDC9
:105D0000002084F87600657438BD00002DE9F0436A
:105D10008BB0129F98460023032F04460D46139E16
:105D2000DDF85090089309930CD9042208A8414645
:105D3000FAF334F2072F05D909A808F10401042267
:105D4000FAF32CF25A2D089900F0B38032D8212DA5
:105D500000F0D08016D80E2D00F0A78008D8052DB1
:105D60005BD00C2D00F09D80042D40F09B817CE0E9
:105D7000142DC0F09781172D40F2A081202D40F006
:105D80009181C5E03F2D00F0F88009D8272D00F063
:105D9000CE803E2D00F0EC80262D40F08381D4E0B3
:105DA000522D00F02A81542D00F02A81442D40F01C
:105DB0007981E7E06A2D00F0618116D8642D00F04A
:105DC000408109D85D2D00F08680632D00F01B8195
:105DD0005C2D40F067817BE0682D00F0398100F296
:105DE0003A81662D40F05E812FE1792D00F05281DD
:105DF00009D8712D00F04681782D00F04E81702D6C
:105E000040F050815AE17C2DC0F04C817D2D40F254
:105E100055818C2D40F0468163E0E06F98E8A0004A
:105E2000C66916F004060ED0002335FA03F2D60731
:105E3000D9B203D401330F2BF7D119462A463B467A
:105E400004F0DADC2CE129463246022304F0CADEF3
:105E500029462A460223E06F04F000DFE06F29465E
:105E60003A46022304F0E0DE2DE1B9F10B0F40F3D6
:105E70001C8100210A460223E06F04F0B3DE0021FA
:105E80000A4607460223E06F04F0CEDE00210546F5
:105E90000A46E06F022304F0E1DE37607560B0600F
:105EA000FEE0E06F04F0B8DE3FE0D4F880008849FF
:105EB00002E0D4F880008749FBF390F020B1002184
:105EC0000A46FAF327F630E04FF0FF333360E9E09B
:105ED00094F81C31E3E0003118BF012184F81C1153
:105EE000DEE0099A4A4500F3E0802046334640F060
:105EF00069D845E0072F40F2D8800029C0F2D88049
:105F000002230093E06F0122099B04F01DDFC7E02C
:105F1000032F40F2CA800029C0F2CA8002230093F6
:105F20000022E06F134604F00FDF3060B8E00B2F63
:105F300040F2BB800029C0F2BB80099B002BACBFA4
:105F40006FF016066FF00106BDE0072F40F2AD803E
:105F50000029C0F2AD80099A002AC0F2A98000256C
:105F60000095E06F2B4604F0FBDE30602E46AAE081
:105F7000E06F314604F034DE02E0E06F05F006D851
:105F80000646A0E0236898680BF046DD0746E06F00
:105F900004F09ADE10B3E06F04F0B2DE054618B9E3
:105FA000E06F012105F004D83368E06F0093736857
:105FB000083601930023029603934168D4F88820A1
:105FC000A368FAF3A1F0002814BF4FF0FF360026B3
:105FD0006DB9E06F294604F0EBDF08E0E06F04F0F4
:105FE00067DE002814BF6FF01D066FF016062368E9
:105FF000394698680BF018DD65E0D4F860314EE062
:10600000D4F864314BE03146102204A8FAF3C6F00C
:10601000059D0C352846FFF35BF1044600284AD065
:1060200031462A46FAF3BAF0238820461B0B012B8F
:1060300004D0FFF35FF14FF0FF3644E0FFF35AF175
:106040003CE0236893F8183629E04FF4B06326E06B
:10605000B4F81E3123E089B201292FD80323A4F814
:106060001E112046009319B120220221134602E09E
:1060700002212022002342F083D811E0204640F084
:106080008BD952E74B1C022B1BD8204649B242F059
:10609000DDDB75E7C4F8381102E0D4F8383133603D
:1060A000002610E06FF01D060DE06FF00D060AE00F
:1060B0006FF0010607E06FF01A0604E06FF01606B5
:1060C00001E06FF01C0630460BB0BDE8F08300BF66
:1060D000FA6C8900026D8900F0B587B00446066845
:1060E000D0F8885000210C2202A8FAF3DBF000233C
:1060F00020464FF0FF31704A059342F031D82368B3
:106100001B6893F8693113B1204640F08BD82046C4
:1061100043F014D84FF40037204640F039DC0097A4
:1061200004233069242105AA41F0AADA00210A4695
:10613000E06F04F081D96149204640F0A1DE20469D
:10614000FFF70CFD02A9204640F05EDB20468021CF
:10615000082243F07FD80A2220465C2143F07AD8F7
:106160002046D4F8201140F0EDD9554A2046554933
:1061700041F0F6DF4FF00043C5F888314FF000736F
:10618000C5F88C314FF48043C5F828314FF4803383
:106190006B620121204641F0D9DFE06F04F0F0D8B6
:1061A000A4F81201A5F8A80616212046B4F8482044
:1061B00043F050D82046C021B4F86C2043F04AD8B0
:1061C0002046C221B4F86E2043F044D8204618215E
:1061D00004F1A4020223009741F09EDA0223204634
:1061E0001C2104F1A602009741F096DA96F8583681
:1061F0001BB1002386F8583606E000973069242149
:1062000005AA042341F088DA20464421B4F8A820E6
:1062100043F020D820464621B4F8AA2043F01AD8EB
:10622000B5F888361B051B0DA5F888360123A5F89F
:106230009C360025B5636319586910B1224B5B6821
:1062400098470435182DF6D11F4D6069AB6D9847FE
:106250006B6F606998472046002142F0BDDC2368DF
:106260001B6893F8693113B1204640F00DD8A36F35
:106270002046598B4FF48072CC3142F0EBDF637CC7
:10628000032200921022002B14BF13460023204645
:10629000042141F075DF2046AE2142F099D94FF438
:1062A000D8634000C4F82401C4F82831304640F0D7
:1062B00091DC07B0F0BD00BF04040004943E01006F
:1062C000000002400000064010A7880070B5036877
:1062D00004461B6893F86931002B00F08180836FBE
:1062E000598B363142F074D9236D0646D80777D5DD
:1062F000636D190674D4E36F9A69920002D5DA6966
:10630000D00704D5DB69D90701D45A0768D5E36EF5
:106310009B0065D5D4F888304FF49675B3F8B42651
:1063200092B242F00302A3F8B426D4F88820B2F85F
:10633000B83623F0C0031B041B0CA2F8B836236D3B
:10634000D80719D5636D190616D4E36FDB695A07B0
:1063500012D5E36E9B000FD5D4F888300121A3F845
:10636000F016D4F88830B3F8F22692B2130A03F08C
:106370000F0302F03F0213E0D4F888300022A3F8A4
:10638000F026D4F888300121B3F8F226A3F8F016ED
:10639000D4F88830C2F30512B3F8F236C3F303130E
:1063A000042A02D10BB1042E02D04FF4FB750AE08F
:1063B0006420FEF37BF4013DC1D1F6E7013D08D036
:1063C0000A20FEF373F4D4F88830B3F8B626D00769
:1063D000F4D4B3F8B82692B242F0C002A3F8B826BB
:1063E00070BD38B58B7905460C463BB190F88E22CE
:1063F000002A21D190F88F22002A20D10122627137
:1064000093B12B6893F8623173B1E36D58030BD5E8
:10641000D5F8600803F0B8FC30B1637923B1D5F842
:106420006008214603F076FBA07950B1284621464A
:10643000BDE8384044F0A29F4FF0FF3038BD4FF028
:10644000FF3038BD43690BB90223436183690BB93F
:1064500014238361C36913B94FF41673C36183684E
:1064600013B94FF47A73836003690BB9034B03616B
:10647000C3680BB9024BC360704700BF00350C0006
:10648000804F12002DE9FF4703680446D3F80090BF
:10649000D9F810309B6FB3F81AA099F81930002B77
:1064A0005AD040F2A47600253146D9F8100042F0C7
:1064B0008FD8B11C0746D9F8100042F089D86B0874
:1064C000023504AAEDB202EB830347EA004004362A
:1064D000062D43F80C0CE7D10AF1A40A5146D9F86D
:1064E0001000019F039E029D42F072D851468046E3
:1064F000D9F8100042F06CD84BF6FF7202405146BA
:10650000D9F8100042F0A6DE236A9F4202D2DB4394
:10651000D81900E0F81A636A9E4202D2DB43991947
:1065200000E0F11AA36A9D4202D2DB435A1900E04F
:10653000EA1AA368276298426662A56203D303231E
:1065400084F838300AE02369994207D2E3689A4216
:1065500004D2C8F3803002E0F52000E0012004B04E
:10656000BDE8F087F7B5099D0023032D06461746C1
:10657000089C009301930BD9042268462146F9F345
:106580000DF6072D04D901A8211D0422F9F306F602
:106590001C2F07D1D6F88030002093F838200A9BB2
:1065A0001A6001E06FF01600FEBD2DE9F0410446CF
:1065B00016461F460D46002900F09D8030F0C4D8D5
:1065C000D4F8A031804693F8661093F86C20002927
:1065D00040F08880002A40F08580998842F20E724F
:1065E000013989B291422DD8206940F2EA3140F058
:1065F000D3DD90B120694FF47B7140F0CDDDD4F84C
:10660000A0319A8841F64B539A4204D9206940F24E
:10661000ED3140F0C1DDC5B200E00546206940F231
:10662000EB3140F0B9DD012330B13B70D4F8A0313B
:10663000002283F86E2033E03870D4F8A02182F86D
:106640006E302DE05A8D910706D5206940F2EE316B
:1066500040F0A2DDC5B223E012F0010214D0B3F87D
:106660007B10002973D0B3F87920002A6FD00A205C
:10667000414391FBF2F2062A69DDB3F87130012B38
:1066800067D0022B0DD166E032703A70D4F8A021A9
:10669000012382F86C30D4F8A02182F86E3000E03B
:1066A0003DB900233370D4F8A031012283F86C2067
:1066B0001BE0D4F8A03193F86D20022A07D90122FB
:1066C00083F86620D4F8A03183F8675002E00023F5
:1066D00033703B70D4F8A03193F86D20013283F809
:1066E0006D2002E00AB100233370D4F8A031C3F862
:1066F0006880BDE8F081D0F8A03193F866202AB90F
:10670000DB6E13F0FF1F13D1BDE8F08102221346A8
:106710002FF03EDC01232046294602222FF038DCF0
:10672000D4F8A03183F86650D4F8A03183F86750CC
:10673000D4F8A021002382F86C30D4F8A02182F88C
:106740006E30D4F8A02182F86D30BDE8F0810625C6
:10675000AFE70225ADE70825ABE770B5036886B063
:106760000C460546002103A80A221E68F9F39AF593
:10677000BDF80C3043F01003ADF80C3094F8AC3099
:10678000A3B1D4F88830D3F82031D8070ED52046ED
:1067900042F0B8D9022200922046BDF80C30002108
:1067A000102241F0EDDC204641F064D9012185F84A
:1067B0003910336A186901F0C4FA06B070BDF0B53B
:1067C000036887B00C460746002103A80A221D680B
:1067D000F9F368F5BDF80C3023F01003ADF80C3078
:1067E0002B699B6F5E8B94F8AC30002B3CD0D4F8B7
:1067F0008830D3F82031DB0736D5204642F082D9E5
:106800000222BDF80C30009220460021102241F0F7
:10681000B7DC236DD80724D5636D190621D4E36F47
:106820009A69920002D5DA69D00704D5DB69D907E5
:1068300001D45A0715D5E36E9B0012D5D4F88830E1
:10684000B3F8B82692B242F04002A3F8B826D4F8C2
:106850008820B2F8B83623F080031B041B0CA2F882
:10686000B836204641F006D9002487F8394006F1B1
:1068700036012869224642F0EDDC06F1080128695C
:10688000224642F0E7DC06F1F80122462869A436E8
:1068900042F0E0DC3146286941F09ADE4BF6FF72A7
:1068A00002403146286942F0D5DC2B6A97F839104E
:1068B000186901F046FA6B7E43B1286940F2A47171
:1068C00022460C2342F0DAD8204601E06FF00A009D
:1068D00007B0F0BD7FB551F8383B00221868D0F8FA
:1068E00068320092019202920122039104921946A9
:1068F0009822DC3317F0CCDE07B000BD38B5044673
:10690000FFF7A0FD94F83830032B04D02046FFF7A2
:10691000B9FD054600E0002594F83830013B032B13
:1069200073D8DFE803F00213304C01202146FFF753
:10693000D1FF012D08D1E36A626901339342E3621A
:1069400063D3022384F83830002351E0022021462B
:10695000FFF7C0FF012D4FF000030BD1226BA1699F
:1069600001328A422263E3624FD3032284F8382043
:10697000236338BDE26A616901328A42E2622363BD
:1069800043D3012232E003202146FFF7A3FF94F80E
:106990003930012B07D120466168FFF710FF002333
:1069A00023626362A362636BE269013393426363B0
:1069B0002BD300236363042384F8383038BD0420CC
:1069C0002146FFF787FF94F839301BB920466168EC
:1069D000FFF7C3FE012D4FF000030BD1E26A61699E
:1069E00001328A422363E2620FD3032284F8382003
:1069F000E36238BD226BA16901328A42E3622263FD
:106A000003D3012284F83820236338BDF7B5036827
:106A1000044693F83C20002A40F0AC8093F869319A
:106A2000002B00F0A78044F06BDF022840F3A28027
:106A3000204644F003DF002800F09C80206940F0ED
:106A400059DA23680646DA6ED4F86872002A40F0F4
:106A500091801B7E002B00F08D8094F8D4312BB1F7
:106A600020461FF067DA002840F08480D4F8A03177
:106A70005A6B5278D1070CD4DD795DB1D4F8683205
:106A8000D3F814311B695B42AB42CCBF082500250B
:106A900000E0002506F00403002B18BF0825BB7991
:106AA00016F0100618BF4FF4007623BBD7F8083154
:106AB00093F93430FBB13B7AEBB13B7C23B107F166
:106AC000DC00FAF35BF2B0B994F88D32012B12D1ED
:106AD00094F88E3223B1D4F8180535F019D850B98E
:106AE000FB6DA3B13A6D40F2371313407BB197F8B9
:106AF0006030D3B10BE094F88D325BB1D4F88C22C6
:106B00001D4B1340B3F5807F10D13B7C73B13543EF
:106B1000ADB20BE094F88E323BB1D4F8180534F0E6
:106B2000F7DF002808BF002500E01D4602212046AF
:106B30004FF402722B4600911FF060DC354219D0F1
:106B40000023D4F86422D15889B18A797AB90A7AB3
:106B50006AB10A7C5AB1D4F8440158F0E9DE014622
:106B6000D4F8440103B0BDE8F04059F0A9990433CA
:106B7000202BE6D103B0F0BD00FFFF002DE9F84364
:106B800005680446D5F8A031D0F83480D3F81090C9
:106B90002B699B6F5E8BFDF315F7A36CA064C31A82
:106BA000B3F5617F01D2BDE8F883204645F0BAD93C
:106BB00084F83000204644F033DF84F8310020466A
:106BC00045F088D894F8453084F85A005BB194F8C1
:106BD000403084F8303094F8413084F8313094F803
:106BE000423084F85A3098F801305B0721D5E76BC2
:106BF000284694F9311094F9302094F95A30B84766
:106C00005FFA89F94845074613D02846394645F0CA
:106C1000A7D82869026D12F480020AD14EB1012F63
:106C200006F1A40101D1602301E06022134642F085
:106C300013DA28460122D5F86812FFF7E7FE98F824
:106C40000130980715D5A66B94F95A30284694F967
:106C5000311094F93020B04794F832300646834220
:106C600007D02846044932461FF0F8D808B984F8FE
:106C70003260BDE8F88300BF6FB0890073B5046867
:106C80000546204644F0DADDD4F8A031064693F8F4
:106C90005E20013283F85E20236893F86931002B6F
:106CA0004AD0002848D0236A1B68022B44D101280F
:106CB00003D12046294645F0B5DB6B6B5B78DB07DB
:106CC00003D52846FFF75AFF36E0204645F05CD84A
:106CD000D4F8A031DA7A72B1D4F86812D1F814116C
:106CE00009694942914206DD721E012A1ED95E736E
:106CF000204601210EE09A7A7AB1D4F86812D1F8D0
:106D0000141109694942914207DA042E0ED05E73CC
:106D10002046042145F024D808E0597B31B12046B3
:106D200045F01ED8D4F8A03100225A732046D4F87A
:106D300068120122FFF76AFE236893F86921002A8E
:106D400051D0226A1268022A4DD101228DF8062004
:106D50008DF807204EB3042E27D093F8412022B39C
:106D600093F842200AB3D4F864210AB19279E2B9C7
:106D700093F83E30CBB1D4F8A03142F20E7299882C
:106D8000013989B2914203D9598D11F0030105D01F
:106D9000013E012E09D82046012100E020460DF1D8
:106DA00007020DF10603FFF700FC9DF807109DF8A0
:106DB0000630A1F101025142A3F1010041EB0201B1
:106DC000434243EB000302228DF80630204613466F
:106DD0008DF807102FF0DCD820469DF8061002220F
:106DE00001232FF0D5D8236893F8693123B1236AA2
:106DF0002846196845F00CDFD5F88000FFF77EFDC6
:106E000000207CBD2DE9F04705689A462B680446B2
:106E100093F844008EB00F461646002838D00DF186
:106E20000C094FF00008002124224846F9F33AF2F9
:106E3000414608220CA8CDF81080CDF80C80F9F35B
:106E400031F242464346D5F8C0063946CDF8349073
:106E500051F0FADCD4F8444180460FE08DE840015F
:106E600001330493D5F8C00639464FF6FF720CABD8
:106E7000059451F0C9DC50B924684644049B002CA9
:106E8000ECD1039A01209B18CAF8003000E00020E2
:106E90000EB0BDE8F08702680146D2F86C31D2F836
:106EA000D80603F5C67203F5CE7305F077B8000077
:106EB00000487047C4580100024B542202FB0030C6
:106EC000704700BFBC650100004870476466010060
:106ED00038B58B781C1DA24230D30A78012A30D1F4
:106EE000142B34BF1A4614224B78022B04D0032BE8
:106EF0001ED0012B28D101E0002315E0002307E07C
:106F0000CC18257990F8234001332C4380F8234096
:106F100001309342F4DB0FE0CC18257990F8234040
:106F200001332C4080F8234001309342F4DB03E02E
:106F300024300431F9F332F1002038BD6FF00D0038
:106F400038BD6FF0240038BD002038BD38B5044688
:106F500010468A78151DAB420FD30B78012B0FD149
:106F6000142A28BF142214238270C37004F1240150
:106F70000430F9F313F1002038BD6FF00D0038BD77
:106F80006FF0240038BD982970B504460D461646AA
:106F900011D8243012B1FAF35DF501E0F9F3D6F718
:106FA0002C2D0BD10121321CA06818BF01221DF02D
:106FB00071D9002070BD4FF0FF3070BD002070BD52
:106FC00070B505460C464EF067D8064680B190F87D
:106FD00061309BB9836923B9E420FEF37FF1B0618E
:106FE00030B1F36953B9E820FEF378F1F06128B9C4
:106FF00028462146BDE870404DF04E9E70BD000011
:107000002DE9F04F9A469BB00D46D1F80C31D1F8DE
:107010000461002800F0318189794468002940F03A
:107020002C81297C002900F028819AF8011002297E
:107030001FD19B68182B1CD102F10A00D5F808114A
:107040000622F9F397F0A0B90AF1080031460622AA
:10705000F9F390F068B920462946D5F8082173F075
:10706000F3DC30B120462946324673F0EDDC0746AA
:1070700020B9002300932846062138E0BAF80E30E4
:107080008BBB00210C2217A8F9F30CF17C4B0DF1FE
:10709000140917937B4B002128220DF13C08484628
:1070A00018931994F9F3FEF00023002120224046A2
:1070B000ADF82430F9F3F6F00AF110030193249BA4
:1070C000CDF80080103B0293D4F8BC062946D022AC
:1070D00017ABCDF8589051F0D3DB002840F0CD80AD
:1070E000BDF824302BB102220092284601213246FD
:1070F000C1E0D5F8103193F8F430F3B9D5F8183170
:107100001B7AD3B994F890322846590744BF23F02C
:10711000040384F89032012124F0B0DCD5F810315A
:10712000012283F8F4204FF4FA70FDF3BFF594F8D0
:10713000903243F0040384F89032B6F83280236A28
:10714000D3F804B008F44043A3F54042D2F1000A5A
:107150004AEB020A003318BF01230A3354F8239084
:1071600008F46053B3F5005F03D14046FAF3A2F58B
:10717000804608F46053B3F5C05F27D1236893F8C5
:107180004F309B0714D0D4F85801D9F8041049F0B7
:107190000FDB00070CD499F8E530990708D5D9F82A
:1071A0000030022B12D1D5F868339B789A070DD5A1
:1071B0004046FAF3FFF440F480539BB20E288CBF94
:1071C0004FF440484FF0000848EA0308236A186962
:1071D0005EF040DA40451CD04146D4F8580149F0F1
:1071E000E7DC204625F0A4DD2046414624F0D2D835
:1071F000236893F83B304BB1D5F83C335968D4F849
:10720000C035994202D0204620F03CDA20461DF0DD
:107210003DD8204606F1380120F016DDD34524D0B4
:10722000236A204639465A682B4673F03DDA2368B4
:10723000206A93F84F30503013F0030307F13C01FC
:1072400008D03B69D3F8EC3003F48053D3F1010349
:1072500038BF00237F228DE80C00002213466CF01B
:10726000EBDA2046394673F053DF02230021009306
:10727000284632460B463AF075DE1BB0BDE8F08F6B
:10728000A9B885000DBA85000B89F0B5C48F03F04D
:10729000F0060419360934F81650428FB0F83CE075
:1072A000013634F81670CC688218864487B05219BB
:1072B0000EEBC50E2CB14E69C4EB060C8E6966440C
:1072C00000E026467D1BADB2CDF800E00195C06818
:1072D00002900868049403900596486819460023B4
:1072E0004FF084DF07B0F0BDF0B50C460989C58EBC
:1072F00001F0F006878E4519360935F81630C719A2
:107300004FF00C0E0EFB037787B0428E01360097CC
:1073100035F816508218ED1AADB201958068D21872
:107320000290206800230390A0690490E069059012
:1073300060684FF041DE07B0F0BDF0B50C4609893A
:10734000C58E01F0F006878E4519360935F81630DE
:10735000C7194FF00C0E0EFB037785B0428E013635
:10736000009735F816508218ED1AADB20195806875
:10737000D218029020680023039060684FF0F6DE78
:1073800005B0F0BD2DE9F341B0F81280878AC68AB6
:1073900084798044C7198619F4B9254605F00F038E
:1073A00036F81310013336F813208A420ED00C4BF6
:1073B000521A181980884FF00C0E009092B208EB08
:1073C0000100E3580EFB01714FF0CEDF01350834A8
:1073D0000D2DE3D1002001E06FF01600BDE8FC8127
:1073E000685901000378FF2B01D018467047437895
:1073F00013B18078FF3070474FF6FF70704791E807
:107400000C0009895268B02902D11268032A08D0F9
:1074100090F8420630B1D3F86433587810B1023096
:1074200070470020704706207047036873B5044614
:10743000D0F82454D4F81C1498680AF061DA26E0D5
:10744000EE690BBBD4F8243405F10E029D4208BF4F
:10745000C4F824642068214673F0F6DA024640B18D
:10746000012102238DE80A0020682146002372F0E2
:1074700053DF23682946586851F088DC94F820349B
:10748000013B84F8203401E0013BAB6135461DB17E
:10749000AB695A1CD4D116E02368D4F82424986828
:1074A000D4F81C143AB90AF097DAC4F81C5484F8DA
:1074B000205402B070BD42F210722B4602B0BDE8FB
:1074C00070400AF0F799FEE77FB5D0F824040E4625
:1074D00015461C4698B104AB43F8040D00200093F8
:1074E000014632462B4651F09FDC40B94EF66023F0
:1074F0005C4342F21073B4FBF3F4039B9C6104B051
:1075000070BD00002DE9F0410546D0F80080D0F8AC
:107510001441FDF357F2D8F82030064618695EF0A2
:1075200099D8D5F808315B8E834259D113F4404F76
:1075300009D1D8F8003093F8693123B1404640F0C2
:107540000FD800284CD0A36C002B53D0E16C721ADA
:107550009A424FDB94F850301BB122695BB29342E0
:1075600048DB94F84430FBB12769EFB1FF1AD8F833
:10757000C4366FF0C7029742B8BF174613B19F4297
:10758000B8BF1F46B4F90E30002B03DA1A48324652
:10759000F8F3AEF6002213462846394654F026D8B2
:1075A000D5F80831228A5A8594F8453013B36769B3
:1075B00007B3FF1AB4F93A3027EAE777002B04DA69
:1075C0000E48E16C3246F8F393F62846394600221D
:1075D00054F05AD8D5F80831A48A9C85BDE8F081CA
:1075E000D5F80831DA8DE36CD318E3649B1B002BCC
:1075F000C8BFE664BDE8F081AEC58900DFC589007B
:1076000010B5002012F04004187002D012F0800F64
:1076100015D011F4007005D012F0800F02D00120B7
:10762000187010BD490501D5130605D530B9D4F140
:10763000010038BF002010BD002010BD012010BD8A
:107640002DE9F04F836B0D46596C044640F23950DA
:1076500087B09246002281428DF8172003D040F275
:107660008B50814208D1B4F8522002F44042A2F576
:1076700040414A4242EB01021869039268F072D815
:1076800028B3D4F8E4235AB1D4F8F803012169F0FF
:107690007FDE28B9A36BD4F8E413986869F0A8DCFE
:1076A00094F8943083B9D4F8F803B4F85210012256
:1076B00069F038DEC4F8E40330B1BAF1000F03D149
:1076C00020465EF04FDD46E10023C4F8E433B4F811
:1076D0005210A36B01F46051B1F5005F986805D0BA
:1076E000A1F5C052514241EB020100E0022169F0D4
:1076F00071DC0646002800F02E8135B1204629466F
:10770000B4F8522033465EF007DDB4F85290484694
:10771000FAF350F209F46057A36BB7F5005F98686D
:1077200005D0A7F5C053594241EB030100E0022107
:1077300069F050DCA36B054610B99868314617E034
:10774000B7F5005F986806D0A7F5C058D8F10001DA
:1077500041EB080100E0022169F03CDC804650B9B1
:10776000A36B3146986869F043DCA36B294698689F
:1077700069F03EDCEFE0D4F8E403B8B169F044DC32
:10778000B7F5005F06D0A7F5C05CDCF1000343EB62
:107790000C0300E00223984208D0A36BD4F8E41352
:1077A000986869F025DC0023C4F8E433D4F8E433A6
:1077B000FBB9A36BB7F5005F986806D0A7F5C05E6C
:1077C000DEF1000141EB0E0100E0022169F002DC74
:1077D000C4F8E40368B9A36B3146986869F008DC23
:1077E000A36B2946986869F003DCA36B414698684F
:1077F000BEE7D4F8E40369F02DDB20465EF04CD8F8
:10780000284694F97B1069F017DD00230DF117026B
:1078100000932046434649465FF09CDC4046314693
:1078200069F054DB404694F9651369F0ADDC4146DC
:10783000284669F04BDB94F85810632902D8284693
:1078400069F0B6DC284669F0DDDB284669F014DC17
:1078500094F8673307469B0098426FF07F012846F3
:10786000B8BFDFB269F01EDCFFB25FFA80F9A36B2C
:1078700084F87E7084F87F908346186967F072DF21
:10788000B8B1D4F8F803B4F8521069F02DDE01282D
:107890000FD1B4F8521000224B46D4F8F80369F027
:1078A000D5DDD4F8F803B4F8521000223B4669F055
:1078B000BDDD002384F891B084F8963084F88030E0
:1078C000BAF1000F03D02846514669F019DB94F84D
:1078D000823028460BB1039B23B194F97E1069F0E6
:1078E000C7DA03E094F97F1069F04EDCD4F8E403C2
:1078F000294669F0D1DAA36B186967F033DF98B1D4
:10790000D4F8F803B4F8521069F0EEDD012803460C
:107910000AD1D4F8E403A16B00908868B4F852202F
:10792000D4F8F81369F054DDA36B3146986869F018
:107930005FDBA36B2946986869F05ADBA36B41466D
:10794000986869F055DBBAF1000F04D1D4F8543AC5
:107950000BB12046984707B0BDE8F08F10B590F8FE
:107960006330002B3CD0DB07C9B22CD5836E8B4231
:1079700023D190F8253A3BB10023846BE4180133FE
:10798000082B84F82021F8D1836BD3F828411B19E8
:1079900083F82021836BD3F82841072C01D00134D0
:1079A00000E00024C3F8284190F8253A2BB190F864
:1079B000263A13B1002380F8253A90F8633023F07B
:1079C000010380F8633090F8633013F0020F07D0A2
:1079D00023F0020380F86330836B186967F0BADE26
:1079E000002010BDF8B590F863300446002B3AD162
:1079F000012902D0022939D100E08266A36B80F808
:107A000063101A6A94F8D900626618BB94F86C2067
:107A1000002A2DD118698E2167F072DE400087B2EE
:107A2000062502E00A20FDF341F1A36B07F174067D
:107A30001869314667F064DE08B1013DF2D1A36BED
:107A400001221869314667F067DE204601F012F81E
:107A5000024600E0A122B4F85210204652B2BDE81E
:107A6000F840FFF77BBF6FF01800F8BD6FF0020021
:107A7000F8BD10B504465DF0EDDD0221C2B220462E
:107A8000BDE81040FFF7AEBF30B5026CCB8892F86E
:107A900029463CB9846B64690A2C03D94C8A14F4D6
:107AA000807F14D0846B6569272D03D10C8A14F470
:107AB000006F0CD18C88DBB214F0030F01D09D2B2A
:107AC00005D0232D07D14D8A15F0200F03D00123B7
:107AD0008B7700230AE090F92C031B18E00444BFC5
:107AE00092F91E269B180022CB778A770B7700230A
:107AF0004B7730BDC369043B082B06D8DFE803F0A1
:107B00001805090709050B050D000020704717200F
:107B10007047042070470720704790F83E03012803
:107B200008D0032814BF4FF483704FF48B70704754
:107B3000012070474FF48B707047836B13B51A6A3E
:107B4000044601321A6290F86020002A00F0AC80EE
:107B5000B0F8C8222AB1D0F8F013A1F83622A1F863
:107B60003A22B4F8CC222AB1D4F8F013A1F8282292
:107B7000A1F82422B4F8CA222AB1D4F8F013A1F84B
:107B80002222A1F82622216F40F606220A402AB9B5
:107B900093F82C3113B120465DF0F8DDA36B1A6A1F
:107BA0001B6EB2FBF3F103FB1123A3B920465FF078
:107BB00085DC236F40F60202A16B1A40003208698F
:107BC00018BF0122B4F85210C3F3800367F0D2DD6E
:107BD00020465FF081DC226F40F60E231340B3B9DC
:107BE000A36BD4F88C21196AD2F89020D3F81831FD
:107BF0008A1A9A420BD394F8522020460121FFF7AB
:107C0000F1FEA26BD4F88C31126AC3F8902094F87C
:107C1000633043B1A36B1A6A636ED31A052B02D982
:107C2000002384F86330D4F8F4202AB1A36B196AD6
:107C30001B6E8A1A9A420CD3226F40F6020313403D
:107C40003BB920465DF016DE18B1A36B1B6AC4F881
:107C5000F430226F40F60F2313402BBB20465EF01A
:107C6000B5DA20465EF054DAD4F88C31D3F88820A7
:107C700012B1013AC3F88820D4F8B43A0BB12046C7
:107C80009847A36B186967F023DD68B1A36B01A95E
:107C900018690DF1070267F01FDD20469DF80710F7
:107CA000BDF804205DF0D4DD00201CBD034600219A
:107CB000986B40180131082980F82021F8D19A6B7F
:107CC0000021C2F82811D16E032907D1D3F8C410BE
:107CD000C90703D5126A0832C3F8B82000229918E0
:107CE00002324FF6A470202AA1F8040AF7D100202E
:107CF000012283F8240A83F8EC2A7047836B10B5BD
:107D00009A69044692001BD590F8ED2A012A17D1F2
:107D1000B0F8522012F4404F12D1186967F004DD18
:107D2000636CB3F8B42692B242F00302A3F8B4260F
:107D3000636CB3F8B82692B242F0C002A3F8B8263A
:107D400010BD80F8ED1A704730B5056C044687B059
:107D500028464FF4007141F21C1260F047DB002806
:107D600000F09D8007230393202305938023029333
:107D700000230190049340F8043B0133802BFAD197
:107D8000204601A965F0E8DE4FF43073204601A9D2
:107D9000049365F0E1DE206C41F22F1160F04CDBC2
:107DA0002046012164F086DC20463E4936225DF003
:107DB000F7D9D5F8C434204640F6F4114FF4804288
:107DC0006BB113465DF0B4D9B5F85824B5F8563404
:107DD0002046D31840F20C5140F2FF129BB25DF0E6
:107DE000A7D91E22304920465DF0DAD9204661F03D
:107DF00011D8204663F014DA99210122002320468D
:107E00005DF068D996210222002320465DF062D9F8
:107E1000A2210122002320465DF05CD9A521402249
:107E2000002320465DF056D9A621012200232046DA
:107E30005DF050D9A1210122002320465DF04AD9EE
:107E400030220023204602215DF044D96F212046D4
:107E50004FF4005200235DF03DD94FF48052134699
:107E600020466F215DF036D904221346204640F2A9
:107E7000D7415DF05DD940F2D7414FF470624FF4C5
:107E8000807320465DF054D9204662F0DBDB20464B
:107E900040F275514FF4007200235DF049D907B0EC
:107EA00030BD00BFBE5A01002A5B0100F0B50723B8
:107EB00087B0066C029320230493012304460D46E9
:107EC0000193304605AB4FF4007141F273320093D9
:107ED00060F08CDA002849D0D6F8B865074601462C
:107EE0000023B3422CBF9E46B64605EBCE0292F865
:107EF00003C015F83EE001334EEA4C5E92F802C032
:107F000052784EEA4C3E4EEA4212802B059241F8DE
:107F1000042BE6D18DE809006946C023204603936F
:107F200065F01ADE0023B3422CBF1A46324605EB39
:107F3000C20210795179400240EA4140D1790133BF
:107F400040EA0102802B059247F8042BEBD14FF455
:107F5000107320466946039365F0FEDD236C41F201
:107F60009F31C3F8BC55206C60F066DA07B0F0BDF5
:107F7000F0B5076C89B0002304460D4638464FF42F
:107F800000714FF4965205930693079360F02EDA32
:107F90000646002834D04DB9204605A906AA07ABED
:107FA0005EF028DB03953746002510E097F833365E
:107FB000002BF8D0B4F9283A0693B4F92A3A07937B
:107FC000B4F92C3A05934FF430730393EBE705A90A
:107FD00028460EC964F0B0DE0135802D47F8040B49
:107FE000F5D1072302932046202369460493009687
:107FF000019565F0B1DD206C41F2DF2160F01CDA03
:1080000009B0F0BD2DE9F047571A7E1C1FFA86F91A
:108010004FEA89034FF6FC7186B004461940006CA4
:1080200041F6DE3260F0E2D90546002871D0102317
:108030004FF0600ADFF8E0808DE8080404AA02230C
:1080400020460021CDF808805EF0CCD8BDF8102085
:10805000BDF8123092059B059B0D920D43EA8222DA
:10806000C246002308E055F8231001F07F61114358
:1080700045F8231001339BB2BB42F4DD20234FF4BB
:10808000A0788DE80801DFF894802A463346204620
:108090000721CDF808805EF0B3D8206C41F6F231AC
:1080A00060F0CAD94FEA49094FF6FE71206C09EA1F
:1080B000010141F6F53260F099D9054648B3102325
:1080C0004FF0620C8DE808102046012300210DF1CD
:1080D0001602CDF808A05EF085D8002305E0BDF8B3
:1080E000162025F8132001339BB2BB42F7DD102385
:1080F0004FF4E07E8DE80840204607212A463346AB
:10810000CDF808805EF07CD8206C41F6024160F02A
:1081100093D906B0BDE8F087CD218700614987007B
:1081200010B5044660F098D92046012200234FF490
:1081300030615CF0FDDF2046042200234FF4306103
:108140005CF0F6DF2046082200234FF430615CF03B
:10815000EFDFF022204613464FF430615CF0E8DF99
:108160004FF47062204613464FF430615CF0E0DF5C
:10817000204600234FF430614FF480525CF0D8DF8A
:1081800020460622042340F607315CF0D1DF20466A
:108190003822082340F607315CF0CADF204600236E
:1081A00040F607314FF4E0725CF0C2DF2046302227
:1081B000102340F60B315CF0BBDF40222046134613
:1081C00040F60B315CF0B4DF204640F60B314FF443
:1081D000F0624FF480635CF0ABDF204640F60B3179
:1081E0004FF4F0424FF400535CF0A2DF94F8FC39F6
:1081F0002046012B14BF4FF480534FF4105340F628
:108200000C314FF6FF725CF093DF204640F60C31E4
:108210004FF6FF724FF480535CF08ADF204640F641
:108220000D314FF6FF724FF450435CF081DF204672
:1082300040F60E314FF6FF724FF478435CF078DF72
:108240002046102340F60F314FF6FF725CF070DFCE
:1082500020464FF431614FF6FF724FF478435CF0E3
:1082600067DF204640F611314FF6FF724FF47D4331
:108270005CF05EDF20460F22002340F612315CF0F6
:1082800057DF2046F022002340F612315CF050DF29
:108290002046002340F612314FF470625CF048DF54
:1082A00020460F22002340F613315CF041DF2046C8
:1082B000F022002340F613315CF03ADF2046002321
:1082C00040F613314FF470625CF032DF20460F222B
:1082D000002340F614315CF02BDF2046F02200230F
:1082E00040F614315CF024DF204640F614314FF4A0
:1082F000706200235CF01CDF20460F2240F615312F
:1083000000235CF015DF2046F022002340F61531F3
:108310005CF00EDF2046002340F615314FF470620A
:108320005CF006DF20460322012340F616315CF0A4
:10833000FFDE20460C22002340F616315CF0F8DE0A
:1083400020463022102340F616315CF0F1DE204644
:10835000C022402340F616315CF0EADE20460023BE
:1083600040F616314FF440725CF0E2DE204640F6F3
:1083700016314FF440624FF480635CF0D9DE204642
:108380000322002340F617315CF0D2DE20460C2297
:1083900040F617314FF6FC735CF0CADE20463022FF
:1083A00040F617314FF6F0735CF0C2DE2046C02273
:1083B000002340F617315CF0BBDE204640F6173153
:1083C0004FF440724FF47F435CF0B2DE204640F63B
:1083D00017314FF440624FF47C435CF0A9DE204635
:1083E0000122002340F606315CF0A2DE1F22204667
:1083F000134640F605315CF09BDE4FF6FF722046D7
:10840000134640F604315CF093DE4FF6FF722046CF
:10841000134640F608315CF08BDE204640F6093109
:108420004FF6FF7247F6FF735CF082DE20460823AA
:1084300040F60A314FF6FF725CF07ADE20463F23A9
:1084400040F602314FF6FF725CF072DE2046FF23E9
:1084500040F603314FF6FF725CF06ADE0F222046D1
:10846000134640F601315CF063DEF02220461346ED
:1084700040F601315CF05CDE0122204613464FF4E9
:1084800030615CF055DEA36B2046D96EBDE810402C
:108490005FF0029A2DE9F043044689B00F469046FA
:1084A000006C4FF4806141F2366299465FF09EDFC6
:1084B000064600284ED001221346204640F29C4139
:1084C000C4F8D0705CF034DE20469DF840105FF0B8
:1084D00041DB28222046394661F09CDFB0F5807FE1
:1084E000054603D9206C41F2526131E0204640F24A
:1084F000D661032200235CF01BDE082213462046CF
:1085000040F2DA615CF014DE282342468DE8280050
:1085100020463346394665F061D915230396059305
:1085200000262023204603A907930495069665F0AC
:1085300013DB9DF844302046019329464FF6FF7225
:108540003346CDF8009062F0F1DF206C41F26661B5
:108550005FF072DF09B0BDE8F08300002DE9F04F55
:1085600000218FB0076C90F85250ADF83210ADF882
:1085700034100446002109A80C22F7F393F60023D7
:10858000ADF8363097F8153613B197F8161601E0A6
:1085900097F81416D4F8DC002A465FF0BDDC80465C
:1085A000002800F06081204601215FF0D3DAB8F89E
:1085B000005045B12DB24FF47A726A432046012132
:1085C00063F098DE0125B8F8023063B10135EDB2F1
:1085D0001BB24FF47A725A432046294663F08ADE72
:1085E000012D0AD100E0DDB1022300930121002317
:1085F0000193029320460A4608E0022301210093DA
:1086000001930023029320460A460B4663F014DFD1
:10861000204605214FF486720DF1320361F01CDE15
:1086200000252E46A94638F8051029B304200B234F
:108630008DE8090009B20DAA4FF4FA73204661F0E3
:108640007BDBBDF83420BDF832301C3AD21AB7F9C2
:10865000181613B299420FDC0EA9062303FB06136A
:1086600038F80510013623F8141C23F8122C23F8CF
:10867000100CB6B24FF001090235042DD3D10223FC
:108680000693102308930DF136030493002501236C
:10869000204604A90593079562F094DE10238DE827
:1086A0002800724B02210293204601230DF136026D
:1086B00001355DF0A5DD402DF0D10025204629468D
:1086C0002A462B4600950195029563F0B5DEB9F177
:1086D000000F40F0B180C2E00EAB4FF0060909FB7D
:1086E000053939F8148C0135EDB20FFA88FA4FF4D8
:1086F0007A7202FB0AF22046294663F0FBDDB7F9E5
:108700001A2639F9123C9A4201DD002006E0B7F939
:108710001C269A4201DD012000E002205FF0F4DB1C
:1087200029460246204663F039DEBAF1000FB8BF91
:10873000CAF1000A4FEA8A0A4FF0000940F2712399
:108740009A450ADD09F101095FFA89F9AAF59C6ADF
:10875000B9F1200FAAF1020AF0D10FFA88F3002B29
:10876000D8BFC9F100095FFA89F94FFA89F34FEAD6
:1087700048086FF41C7202FB0388002BB8BF5B42F1
:10878000022B59DD4FF0000A002150465FF058DC03
:108790000FFA88FB8BEAEB73A3EBEB73984244D19F
:1087A000012150465FF04CDC0221804650465FF0CC
:1087B00047DCBBF1000F82464FFA89F30ADA002B3F
:1087C000DBBF5FFA89FB0BF1400909F1FF3B0BF1BD
:1087D0003F0B09E0002BDBBF5FFA89FB0BF140097F
:1087E00009F1010B0BF1410B4FFA89F3204604A963
:1087F000079362F0E7DDBDF836302046984404A9BF
:10880000ADF8368065F0A8D94FFA8BF3204604A95D
:10881000079362F0D7DDBDF8363020469A4404A9AC
:10882000ADF836A065F098D906E00AF1010A5FFAC2
:108830008AFABAF1060FA7D1B542FFF44DAF4FF057
:108840000003012E00930193029320464FF005018F
:1088500001D1324601E00122134663F0EDDD2046EE
:1088600000215FF077D90FB0BDE8F08F6149870034
:108870002DE9F743904608220F461E4640F60701B1
:1088800013460446056CBDF828905CF051DC0122CB
:108890001346204640F607015CF04ADC4FF40052D4
:1088A0001346204640F646015CF042DC204640F686
:1088B00039013A465CF06EDC94F86D33204640F6A0
:1088C00035010BB1802200E020225CF063DC204601
:1088D0004FF4046100225CF05DDC204640F6340178
:1088E0007F2233465CF024DC20464FF401614FF4D4
:1088F00080434FF440425CF01BDC94F86D3320461B
:1089000040F6360113B14FF4807200E040225CF073
:1089100041DC204640F646010F2208235CF008DCCB
:1089200094F86D63204640F64601F02256B190233C
:108930005CF0FEDB204640F646014FF470624FF4D7
:10894000106308E033465CF0F3DB204640F6460156
:108950004FF4706233465CF0EBDB204640F63301A7
:108960007F2243465CF0E4DB4FEA0923204640F6D1
:1089700033014FF4FE4203F47F435CF0D9DB012660
:1089800020463B496422002300960196FFF782FDB2
:108990004FF480521346204640F6A5115CF0C8DB28
:1089A0003246334640F6881120465CF0C1DB4FF476
:1089B0009670FCF37BF13246204640F637015CF0BE
:1089C000E9DB44F6216602E00A20FCF36FF1204661
:1089D00040F637015CF0CCDB30B1013EF4D103E06E
:1089E0000A20FCF363F101E044F62166204640F6DC
:1089F00037015CF0BDDB08B1013EF1D140F6370133
:108A000020465CF0B5DBC10705D594F8153343F07B
:108A1000010384F815330023204640F6A5114FF4D6
:108A200080525CF085DB20465FF09CD92046002315
:108A300040F2A66141F6FF725CF07ADBD4F88C312B
:108A40002046B3F98C20B5F9043C40F609019A425E
:108A5000B4BFB5F8065CB5F848554FF68072ED0125
:108A600005EA020303B0BDE8F0435CF0619B00BF80
:108A7000A0252600F0B54F4B91B0044602AA03F1A1
:108A8000200618685968154603C50833B3422A46BC
:108A9000F7D118689B882860AB80012384F8263AB8
:108AA000A36B8E21186966F02BDE400086B29725F5
:108AB00002E00A20FCF3FAF0A36B06F174011869D6
:108AC00066F01EDE08B1013DF3D1A36B4FF4427195
:108AD000186966F015DEA36B074640F20A31186983
:108AE00066F00EDEA36B05464FF44371186966F01D
:108AF00007DEA36B064640F20E31186966F000DE11
:108B0000BE1936042D1876190AD194F8253A4FF675
:108B10007862ADF83820002B31D084F8266A2EE038
:108B20004FF48673ADF83C3006F580760023760A64
:108B300000930FAB360201930DAA0EAB20460CA991
:108B40000C965DF0BDDFBDF938201B4B9B1A002B46
:108B5000B8BF5B42702B94F8EC2A02D85AB1282B8C
:108B600009D94FF67863ADF8383094F8253A13B147
:108B7000002384F8263A12B1002384F8EC3A236CDF
:108B8000BDF9381093F83536891008467BB14AB2E2
:108B900012F1560F0BDA12F1690F08DB6FF0560372
:108BA0009B1A10AA02EB430313F8380C401840B28A
:108BB00011B0F0BD1839010078FEFFFF436C2DE9BC
:108BC000F041D3F82031044603F001030D4683F051
:108BD00001061BB9836B186966F0B4DD2046276C6B
:108BE0005EF0C2DF40F27F41A7F802042046276C06
:108BF0005CF0BEDAC005C00D4010A7F80404226F77
:108C000041F6062313402BB944F62062102D08BF0D
:108C1000FA2200E0FA22A36BB821186966F07CDD25
:108C2000A36B41F60627186966F098DD2046FFF72A
:108C300065F8236F1F407FB9A36B20461B6A012193
:108C4000C4F8D430D4F88C815FF00CD9D4F88C31CE
:108C5000A8F88C00C3F88870082D01D0E80606D566
:108C600003210A22204660F0B1D9082D01D0A906BF
:108C700004D5204664F0D0DC082D01D06A0604D566
:108C8000204662F071DE082D01D0EB0506D5236C7D
:108C900093F8173613B12046FFF760FC204660F0CA
:108CA000BBDD2046FFF72AF8082D01D028060BD59A
:108CB000256C95F8643523B1204666F0F1DBC5F8E4
:108CC0005405204665F074D820465CF053DB1EB98D
:108CD000A36B186966F036DD20460021FFF748F9DE
:108CE000236C93F8333673B120460121FFF740F926
:108CF000204640F237614FF440424FF40043BDE854
:108D0000F0415CF0159ABDE8F081816BD0F8D43069
:108D10000A6A10B59A42044601D3D31A01E0DB4334
:108D20009B18D4F82823934200D302BB8A6E934247
:108D30001FD3D4F88C31D3F88830D3B90121204621
:108D40005FF090D8D4F88C21B2F88C3019B28842F8
:108D5000CCBFC3EB0000C0EB030094F8661300B275
:108D6000884208DAA36B9B6EC2F8883001E00120CC
:108D700010BD002010BD012010BD01207047000073
:108D800001290BD1012B09D8013B064902EB8302D3
:108D900051F822305A1C03D0C01870470020704789
:108DA00000207047745B0100142303FB010070472F
:108DB0008369DA688A4218BFD960704738B50446BB
:108DC0002569006835B105F5077115F031DC2846D5
:108DD000FCF390F2E06C0025256108B1FCF38AF207
:108DE000E56438BDF8B5846905460668E06A08B1EF
:108DF000FCF380F2E969B068002708F081DD00210A
:108E00002846FFF7D5FF284684F83D70FFF7D6FFC8
:108E1000304623F0F9D827826762A762E76227838A
:108E2000F8BD10B550B1D0F8400238B1072905D8C7
:108E30003C2404FB01018858C3188B5010BD2DE958
:108E4000F0410C4616460546002831D0D0F8403295
:108E5000002B2DD03C2202FB013318221F6A33461F
:108E6000FFF7DFFF284621461C220123FFF7D9FF29
:108E7000BE422846214601D2242214E0B6EB470F19
:108E800001D228220FE0B6EB870F01D22C220AE094
:108E9000B6EBC70F01D2302205E0B6EB071F01D2B7
:108EA000342200E038220123BDE8F041FFF7B9BFCA
:108EB000BDE8F08173B504680325204601214FF415
:108EC0008062002300951DF099DA002120460A46B1
:108ED000012300954DF084DB0026D4F864329D59BF
:108EE0009DB1AB798BB9D5F818315A6C22F00102DB
:108EF0005A641A78012A01D15B7F33B128460021D8
:108F000022F0BCDD284667F0B1DA0436202EE4D129
:108F1000204602B0BDE8704023F07698F8B5D0F84E
:108F2000B0550446AE69F368002B30D0012B30D029
:108F300028460121FFF73CFFA068E96908F0E0DC62
:108F400028B128460021FFF733FF012700E007463C
:108F5000338A83B1236A18695CF07CDB338A8342ED
:108F600009D0204623F0E4DE2046318A22F012DACE
:108F700020461BF08BD9D4F8B005FFF79BFF2046A5
:108F800024F0CED92846FFF72DFF3846F8BD012042
:108F9000F8BD0020F8BDFFF7C1BF002070472DE9E4
:108FA000F843DDF820800446D8F800700E461546D8
:108FB00099460FB91FE01F463B68A3B1BCB12046DC
:108FC000F9683246F7F3D6F028B9284679684A4658
:108FD000F7F3D0F018B17B69002BECD10BE0C8F8A7
:108FE0000070BDE8F8836FF00100BDE8F8836FF012
:108FF0000100BDE8F883C8F800706FF01D00BDE8FF
:10900000F8831FB50C46416B81B104A840F8041DDC
:10901000009019461046BDF81C30069AFFF7BFFFB6
:1090200030B92CB1039B1B68236001E04FF0FF3087
:1090300080B204B010BD10B50C4699B10B6863B195
:109040000846F5F3CFF7E068FCF354F16068FCF3F1
:1090500051F100232360E36063602046BDE81040C7
:10906000FCF348B110BD2DE9F84F476B04460D469F
:1090700016469B46DDF828A0BDF82C90002F33D073
:10908000B1B9AAB930E07DB976B1BAF1000F0BD011
:109090003046F9685A46F7F36DF028B950467968BA
:1090A0004A46F7F367F050B17B691BB9BDE8F88F0A
:1090B000B84601E0B8461F46AF42E4D1A7B1636BA2
:1090C00039469F427B6908BF6363C8F81430236840
:1090D0005868FFF7B0FF94F83030013B84F8303027
:1090E000636B0BB984F83030BDE8F88F10B50446D7
:1090F00005E04B69636323685868FFF79CFF616B69
:109100000029F6D184F8301010BD2DE9FF471E4626
:109110000023039390F830300446102B88461746FE
:10912000DDF83090BDF8345009D9416B39B14A6847
:109130000B7C00920A890192CA68FFF794FF636B67
:109140000393B8F1000F65D0002F63D0B9F1000F81
:1091500060D003AB0093384631464A462B46FFF7B2
:109160001EFF824628B9039B41461868F5F31EF797
:1091700055E01E3053D11820FCF3B0F08246002891
:109180004BD02069F5F3C0F6CAF80000B0B1304604
:10919000FCF3A4F0CAF80C0018B95046F5F322F716
:1091A0000CE02846FCF39AF0CAF8040050B9504687
:1091B000F5F318F7DAF80C00FCF39CF05046FCF3DA
:1091C00099F02AE0636B2BB9012384F83030C4F89E
:1091D00034A007E094F83030013384F83030039B3A
:1091E000C3F814A0DAF80C0039463246CDF80CA0CA
:1091F000F6F3D4F7039B49461E7458682A46F6F3E3
:10920000CDF7039B41461D811868F5F3C1F64FF079
:10921000000A04E06FF0010A01E06FF01A0A5046FC
:1092200004B0BDE8F087F8B51E4614460D460CE0C4
:10923000FEF7D8F8B04215D07A78931C9C420ED92C
:10924000ED186FF001039B1AE41854B1284621462B
:10925000FF22F7F321F407460028E9D102E00027B6
:1092600000E027463846F8BD08B511461A464FF4C7
:10927000AE73FFF7D8FF58B14378A3F12102D2B201
:10928000202A04D8029A013B1370033008BD002045
:1092900008BD2DE9F0470468A0B0D0F80480064668
:1092A00002200F688946F4F761FA002501212A4659
:1092B00020238246606A1F95F1F3A2F501212A4618
:1092C00020231D90606AF1F39BF501212A4620239B
:1092D0001E90606AF1F394F501212A4620231A902A
:1092E000606AF1F38DF5202301212A461B90606A04
:1092F000F1F386F5143729461C9052460FA808F161
:10930000E205F6F3CFF7062238462946F6F332F7A0
:10931000002817A807DD39460622F6F33FF70DF1BE
:109320006200294606E029460622F6F337F70DF1DA
:10933000620039460622F6F331F717AA01920C2291
:10934000002307AD0FA90292202752460220009366
:1093500003950497F4F730FB1B98F2F3ABF22A461F
:1093600001213B461A98F2F379F2A3691C986169CE
:109370001B9AF1F7C8FF1A981C9A0146F1F7F6FFFD
:109380001A981B9A0146A3690836F1F77AFF30460E
:1093900098F81850F7F332F080B201901FA92046D8
:1093A00008F119022B460096FFF72BFE08B91F9B08
:1093B000A3B11A99D9F8D4201F98F5F349F71DA93C
:1093C0001EAAD9F8D400F5F32BF61AA8F1F356F635
:1093D0001BA8F1F353F61CA8F1F350F620B0BDE83A
:1093E000F08770B5456892B004460026286801A948
:1093F000202211961BF0CEDB2023012101AAD4F8F4
:10940000C000F2F32BF2286809A920221BF0C2DB6E
:10941000686A012132462023F1F3F2F4119000B37F
:10942000012109AA2023F2F319F26B69D4F8B800DC
:10943000D4F8C010119AF1F724FFD4F8DC20119968
:10944000D4F8D400F5F304F7D4F8DC000146F5F3C2
:10945000B9F6D4F8DC0004F1C40104F1C802F5F354
:10946000DFF511A8F1F30AF60021202209A8F6F38E
:1094700019F701A800212022F6F314F712B070BDED
:10948000F0B5C1B007AD0C4617461146284602227A
:10949000F6F384F601210DF11E022023D4F8BC005E
:1094A000F1F302F601210DF13E022023D4F8CC00A5
:1094B000F1F3FAF501210DF15E022023D4F8D0007A
:1094C000F1F3F2F501210DF17E022023D4F8B8006A
:1094D000F1F3EAF501210DF19E022023D4F8C40036
:1094E000F1F3E2F501210DF1BE022023D4F8C8000A
:1094F000F1F3DAF500238DE82800C222202502923C
:1095000038AE04F118012A46022003960495F4F7B8
:1095100053FAB81C31462A46F6F32CF6D0F1010076
:1095200038BF002041B0F0BD30B590F88C318DB01F
:1095300004460D68002B3FD0D0F8D40008A909AA32
:10954000F5F36EF5202301216A460998F1F3ACF595
:10955000D4F87031E31893F893219DF81F305340ED
:10956000D80724D501210022EB69686AF1F348F499
:10957000EB690A9001210022686AF1F341F40121AC
:109580000B900A9A2869F5F3A9F600230B980A991B
:10959000099AF1F7B8FE08990B9AD4F8D400F5F3BC
:1095A000D9F50AA8F1F36AF50BA8F1F367F520469F
:1095B000FFF717FF002501E04FF0FF35E43404F119
:1095C000A000F1F35BF504F19C00F1F357F504F111
:1095D000A400F1F353F504F1AC00F5F303F504F145
:1095E000B00000212022F6F35DF628460DB030BD14
:1095F0002DE9FF410546006832F8066F0C46D0F8A9
:109600000080FFF73DFF002833D06968A4F864604C
:109610008F7904F138068FB9D8F8D0063246202366
:1096200076F0ACDC2368696814338DE88800324634
:10963000D8F8D006202376F0B5DB17E0102300938E
:1096400023684FF4802714330193084620223146C3
:1096500004F10803029750F095DE48B92168686864
:1096600014313A46D5F88C30FDF72EFF012000E08A
:10967000002004B0BDE8F0812DE9FF41D688B1F8A3
:10968000643005460068B3420C46D0F800803BD8F1
:109690004FF6FF739E4237D00632FFF7F1FE0028E7
:1096A00033D06968A4F864608F7904F138068FB903
:1096B000D8F8D0063246202376F060DC236869684B
:1096C00014338DE888003246D8F8D006202376F08F
:1096D00069DB17E01023009323684FF480271433CD
:1096E000019308462022314604F10803029750F006
:1096F00049DE48B92168686814313A46D5F88C309B
:10970000FDF7E2FE012000E0002004B0BDE8F0819A
:1097100073B5002304460B99006801931646089D13
:1097200041F01CDB079B032B04D901A806990422F6
:10973000F6F334F50C3E032E1CD8DFE806F00A0FD2
:109740000204A36A08E0019B5A1E272A15D8A362C7
:109750000EE0E36AC3F340032B6009E00198E36A7B
:1097600018B923F00203E36209E043F00203E36265
:10977000002004E06FF0160001E06FF001007CBDF6
:10978000F8B5876805464FF4E0700E46FBF3A6F582
:109790000446002878D000214FF4E072F6F382F5F9
:1097A000266065600023F451686AA4F8AC3001219A
:1097B00000222023F1F324F3C4F8BC00002866D073
:1097C000686A012100222023F1F31AF3C4F8B800DB
:1097D00000285CD0686A012100222023F1F310F3F5
:1097E000C4F8CC00002852D0686A0121002220234E
:1097F000F1F306F3C4F8D000002848D0686A0121CC
:1098000000222023F1F3FCF2C4F8C00000283ED06F
:109810002869F5F379F3C4F8D400002837D0286913
:10982000F5F372F3C4F8D800002830D02869F5F3B6
:109830006BF3C4F8DC0050B31323A4F866302B6834
:10984000174998683246002308F0DED82B68A066D6
:10985000144998683246002308F0D6D82B68C4F81B
:10986000B000114998683246002308F0CDD82B6823
:10987000C4F8B4000D4998683246002308F0C4D8F3
:10988000C4F8E000002408E06FF01A0401E04FF093
:10989000FF34284631466DF0D5DC2046F8BD00BFC8
:1098A00085D1870079D187000DD187005DDF8700E2
:1098B000F8B547680646CD590C46DDB1436B0BB190
:1098C000FFF714FCD5F89C1049B13368986808F08C
:1098D00017D83368D5F89C10986808F07DD8D4F86C
:1098E000243413B120464FF02FDA2846FBF302F55B
:1098F0000023E351F8BD00002DE9F041D0F8983085
:10990000D0F89010013344688B4225688EB002462F
:10991000C0F8983009D1D0F894307BB1D2F89C10BF
:109920004FF47A72A8685A4304E007D2D2F89C1028
:10993000A868214A002307F0BDDF39E0D5F8D0063A
:10994000214675F037DF237A002B31D0D4F8080197
:10995000F7F314F3074658BB227E04F1DC080EAE81
:1099600004F1190106A846F8242DF6F317F4214650
:109970004246284671F068D804F1E20301930223BD
:1099800002460293214643462846CDF8008020F047
:10999000F5DC3946204639F0C9D92146284640F041
:1099A00059DF28461A21324624230097F6F76EFA2B
:1099B0000EB0BDE8F08100BF80EE36002DE9F04F1B
:1099C0000D68ADB004460121A86922AA2023D5F86C
:1099D00000B0F1F369F34FF0080AD4F8683194F855
:1099E0006C11E21804F1E40682F8E31006F18C022F
:1099F0000C210DF16809019206F190003246CDF874
:109A00000090F9F343F2D4F8701140480591F6F351
:109A1000F5F422AA03464FF02008009206AF0599FC
:109A20003A4A4846CDF804800297CDF80C80F9F305
:109A300007F201213A464346D4F88801F1F30EF7C4
:109A400058466EF017DAD4F88801A969F1F39CF250
:109A5000002836DAD4F88431CDF808B000932C4BC6
:109A6000D4F8881101932869D4F89021D4F8803172
:109A7000F5F3E8F228BB94F88C3113BB2869D4F8CD
:109A80009011F5F3C7F4E0B1012384F88C31494615
:109A9000D4F8702106F1B000F6F380F3D4F8900109
:109AA0002AA92BAAF5F3BCF22A992B9AD4F8D40050
:109AB000F5F350F3D4F8682128683146013A1BF0D9
:109AC00069D894F86C310133DBB284F86C31AA6A3E
:109AD000934207D80AF1FF3A5FFA8AFABAF1000F07
:109AE0007FF47BAF0021502206A8F6F3DBF30021C0
:109AF00020221AA8F6F3D6F394F86C01AB6A9842C8
:109B000034BF002001202DB0BDE8F08F62E689004F
:109B100075EA87002DE9F04F4368CFB0CB58044673
:109B200003F1080948468846F6F368F40746022020
:109B3000F3F71CFE00234EA941F8043DBBB208F127
:109B4000190207930692079A8346019298F81830F3
:109B50002046069ACDF80090FFF753FA18B94D9BAE
:109B6000002B40F00A81012100222023606AF1F3DA
:109B700047F10121002220234290606AF1F340F175
:109B80000121002220234390606AF1F339F1012181
:109B9000002220234490606AF1F332F10121002277
:109BA00020234590606AF1F32BF10121002220234C
:109BB0004690606AF1F324F101210022E3694790A5
:109BC000606AF1F31DF10521024649902069F5F321
:109BD00085F3E36901210022606AF1F311F10421A8
:109BE000024648902069F5F379F32069F5F38CF18A
:109BF0004A902069F5F388F14B902069F5F384F1E0
:109C000008AD002180224C902846F6F34BF33A46EB
:109C100028464946F6F3C2F2012100223023606A49
:109C2000F1F3EEF00121002230234090606AF1F35D
:109C3000E7F0002633460DF1E00A419098F818202D
:109C40000195022028AD069902970096CDF80CA048
:109C5000CDF810B0F3F7B0FE302231462846F6F3C7
:109C600021F34748F6F3CAF3454B302700930190A0
:109C7000514602205A46334602950397F3F7BCFE3D
:109C800001213B462A464098F1F3E8F54098A26945
:109C90000146F1F76BFB429B48990093439B499A1D
:109CA00001934098A369F1F779FF4299439A4B9841
:109CB000F5F350F231463A462846F6F3F3F23148CE
:109CC000F6F39CF32F4B0190009351465A463346CE
:109CD000022002950397F3F78FFE3B4601212A46A7
:109CE0004198F1F3BBF54198A2690146F1F73EFBBB
:109CF000449B48990093459B499A01934198A369D5
:109D0000F1F74CFF4499459A4C98F5F323F24C999E
:109D10004A9A4B98F5F3A2F0079A98F818300192F6
:109D20004A99069A2046CDF80090FFF7EEF946A929
:109D300047AA4A98F5F374F142A8F1F39FF143A8BA
:109D4000F1F39CF144A8F1F399F145A8F1F396F1F0
:109D500048A8F1F393F149A8F1F390F140A8F1F389
:109D60008DF141A8F1F38AF14BA8F5F33BF14CA832
:109D7000F5F338F14AA8F5F335F14FB0BDE8F08FAF
:109D8000B85B0100D25B0100C06A00F001007047BF
:109D900021B18368CB5893F8BC01704708467047DF
:109DA0002DE9FF41476804460023D0F8008038467B
:109DB0000E46A2F168050393FFF7E6FF90B138461F
:109DC0004146FFF7E5FF68B103AB009321462B4600
:109DD000386806F16002FFF747FA039D014610B9A3
:109DE0009DB100E03146A5F12003202B0DD8B4F839
:109DF000AC309D4209D104F16C002A46F6F3BAF169
:109E0000002814BF0520002000E0052004B0BDE8B4
:109E1000F08100002DE9F0419846B8B00023359359
:109E200036937F4B07460C4630AE03F1100E186890
:109E30005968354603C5083373452E46F7D13D684A
:109E40000121202302F10806686A0022F0F3D8F706
:109E500035902869F5F358F0B8F1680F369015D9A8
:109E60007B689B79002B00F0B9802846FFF78CFFB8
:109E700020B128462168FFF78BFF48B9A8F1680890
:109E80001FFA88F8A4F8AC80464401E040F0A880AE
:109E9000D4F8BC00012132462023F1F3DFF4D4F8DA
:109EA000BC00F1F3F9F2002840F09C80D4F8BC002B
:109EB0006969F1F369F0002880F29480012106F1CC
:109EC00020022023D4F8CC00F1F3C8F40121D4F807
:109ED000D00006F140022023F1F3C0F4D4F8BC0016
:109EE000D4F8B810F1F350F070B9D4F8CC00D4F82D
:109EF000C410F1F349F038B9D4F8D000D4F8C81040
:109F0000F1F342F000286FD0D4F8D800D4F8CC1088
:109F1000D4F8D020F5F31EF1002867D0D4F8BC1097
:109F2000D4F8D400369AF5F393F13698D4F8D810D3
:109F30000246F4F393F73698D4F8C010024620AEE8
:109F4000F5F386F1369834A90022F5F369F032462C
:109F5000202301213498F1F3A7F00021202228A822
:109F6000F6F3A0F1202137AB324618AF019328A8B1
:109F70000B460097F8F38AF7D4F8B810D4F8BC2051
:109F80006B693598F1F77DF9202332460121359828
:109F9000F1F38AF03146102204F10800F6F3FEF0E6
:109FA00030A8F6F32BF220254022034600960392B8
:109FB00004AE294630AA384601950296F8F340F7D8
:109FC00004F1180031462A46F6F3E8F004F13800AF
:109FD0000CA92A46F6F3E2F0002408E0FF2406E08C
:109FE000042404E0032402E0012400E0022435A854
:109FF000F1F344F036A8F4F3F5F70021202218A875
:10A00000F6F350F10021502204A8F6F34BF120A8FA
:10A0100000212022F6F346F1204638B0BDE8F08159
:10A02000FEE589002DE9F04F1D46836889B0EF58A1
:10A0300043688046CB580E460793184691463946EA
:10A04000129A139BFFF7E6FE0328044601D1009005
:10A0500005E0022801D0042816D103230093012330
:10A0600001930293002303930493D6F808313046FA
:10A07000B3F8623005F11401C3F3401305934A4667
:10A080002B46F7F70BFB65E0012862D0002861D171
:10A09000B7F8623040460133A7F86230FFF774FE2C
:10A0A00040B140462946FFF773FE002814BF7E20CA
:10A0B000002000E0204601234FF0000A4FF0030B80
:10A0C0000193D6F80831CDF800B00290CDF80CA07D
:10A0D000CDF810A0B3F8623005F1140CC3F34013AF
:10A0E000614605934A462B463046CDF818C0F7F72F
:10A0F000D5FACDF800B0D6F808314FF0020BCDF804
:10A1000004B0CDF808A0CDF80CA0CDF810A0B3F89D
:10A110006230DDF818C0C3F34013614605934A4628
:10A120002B463046F7F7BAFAD9F80030B96EC7F8BF
:10A130005930B9F80430A7F85D30D8F80030986885
:10A14000079BD3F88820534607F0B4DB87F858B054
:10A1500000E0FF24204609B0BDE8F08F2DE9F04F64
:10A16000D0F804A087B09AF8063005460C4693460E
:10A170000768D1F8009043B390F8A93013B1013BC0
:10A1800080F8A930D4F8B43138460093D4F8B83107
:10A19000514601935A464B46FFF744FF0646D4F812
:10A1A000B40168B10021D4F8B821F6F37BF0D4F8FB
:10A1B000B401FBF39FF00023C4F8B431C4F8B83104
:10A1C000002E14BF022000202DE03846FFF7DCFDF2
:10A1D00038B138464946FFF7DBFD002814BF7E2022
:10A1E000002003234FF001088DE8080100260290AB
:10A1F00003960496DAF8083109F11401B3F86230D5
:10A200005A46C3F34013059350464B46F7F746FAB8
:10A210003B68A16E9868D5F88820334607F04ADB82
:10A2200084F85880304607B0BDE8F08F052B10B594
:10A2300003D1BDE81040FFF791BF43689B792BB174
:10A2400090F8A93013B1013B80F8A930022010BD6D
:10A250002DE9F0419846436805469B790C46164621
:10A26000069F8BB190F8A930013380F8A9303846A9
:10A27000FBF334F0C4F8B401002834D041463A4628
:10A28000F5F38CF7C4F8B8710023A4F86030A4F893
:10A290006230A4F864303368C4F85930B388A4F845
:10A2A0005D302868FFF770FD90B128682168FFF7DE
:10A2B0006FFD68B121462846FEF7EBFF2046FFF709
:10A2C00090F8284621463246BDE8F041FFF746BFE8
:10A2D000204629466CF04EDD20B9042384F858301E
:10A2E000BDE8F0810220BDE8F0812DE9F04387B0A0
:10A2F00015460F9A0646012A0C461F46DDF838809F
:10A30000D0F804C0D1F8009059D19B88072D8CBF9C
:10A31000FA88FF220BB17E2B59D100217E2B84F8C5
:10A32000BC1103D1012384F8BC3104E01BB963687C
:10A33000DB6A98074BD5132A16D0032101224D233F
:10A340008DE80E00002303930493DCF80831604687
:10A35000B3F8623009F11401C3F340130593424688
:10A360004B46F7F79BF932E096F8A80007F1080191
:10A3700096F8A99040B9012386F8A830B9F1000FEA
:10A3800028D1682D0AD904E0B9F1000F12D1682D47
:10A390000AD920462A466DF00FDAD8B90E95304614
:10A3A000214642463B460DE0304621466DF042D8FC
:10A3B00048460FE0304621466DF03CD809E042B9EE
:10A3C0000E95424607B0BDE8F043FFF741BF0220BB
:10A3D00000E0002007B0BDE8F0832DE9FF410568EB
:10A3E0000C46A3F10807D1F80080A4F8AC70002156
:10A3F0002846039102F10806FFF7C6FCA0B12846E3
:10A400004146FFF7C5FC78B103AB009332463B46AB
:10A4100028682146FEF728FFBDF80C300646A4F850
:10A42000AC3018B913B90FE0A4F8AC70B4F8AC2094
:10A43000A2F120039BB2202B06D804F16C00314618
:10A44000F5F3ACF6002001E04FF0FF3004B0BDE8BA
:10A45000F0812DE9F04F90E8C00089B00792139A7F
:10A460008046012A0C469A46DDF848B00D6840F057
:10A47000AC803368896E986807F042DA04F16C03A7
:10A480000021402218460693F5F30CF70021A4F8AA
:10A49000AC100799BAF8042007298CBFBAF8061047
:10A4A000FF214C2A069B3CD14FF000091846494633
:10A4B0004022A4F86090F5F3F5F6A4F8AC9040467D
:10A4C00021465246079BFFF788FF3046FFF75CFCAA
:10A4D00078B130462946FFF75BFC50B103220123D7
:10A4E0004FF07E0C8DE80C10CDF80C90CDF810904C
:10A4F00008E003234FF0010E8DE80840002302938B
:10A5000003930493D7F808313846B3F8623005F165
:10A510001401C3F3401305935A462B46F7F7BEF8D0
:10A5200049E04D2A04D1B4F866308B4218D042E09D
:10A530000AB17E2A3FD113290ED1079A30460192E3
:10A5400039465A462B46CDF800A06CF0D5DF0028DE
:10A5500014BF0220002076E0B4F86030052B01D94A
:10A5600000233BE0032201234FF04D098DE80C024C
:10A570004FF00009CDF80C90CDF81090D7F80831C5
:10A5800005F11401B3F862305A46C3F34013059342
:10A5900038462B46F7F782F8B4F86030A16E0133E5
:10A5A000A4F860303368D8F8882098684B4607F0E4
:10A5B00081D9484647E03368A16E9868D8F888206A
:10A5C000002307F077D900203DE0931E012B4FF0C8
:10A5D000000337D8B1F86010052903D984F8583042
:10A5E000022030E0032A09D132680131A4F860105A
:10A5F0009068A16ED8F8882007F05CD93046FFF744
:10A60000C3FB38B130462946FFF7C2FB002814BF10
:10A610007E200020032301248DE8180000240290EE
:10A6200003940494D7F808313846B3F8623005F142
:10A630001401C3F3401305935A462B46F7F72EF83F
:10A64000204600E0184609B0BDE8F08F2DE9F34739
:10A650000B6882685B680646D3F808A0D3F80490BC
:10A66000B3F810801B680D46032B5AF80240DAF845
:10A6700010701DD1FFF788FBD0B130465146FFF76F
:10A6800087FBA8B1B4F8AC3093B1B9F1010F0FD189
:10A69000B8F14C0F01D0BA7952B9AA69FF200092E3
:10A6A0005D2104F16C02DBB2F1F70EFD002001E048
:10A6B0006FF01600BDE8FC872DE9F8430B6882684F
:10A6C0005B680446D3F808905F681E8A1B6859F8D7
:10A6D0000280032BD9F8105013D1FFF755FBA0B11E
:10A6E00020464946FFF754FB78B1B8F8AC0060B19A
:10A6F000012F06D14C2E01D0AB792BB90330BDE828
:10A70000F8830020BDE8F8830020BDE8F8832DE938
:10A71000F04F0B6882685B68B9B0D3F808805E6858
:10A720001F8A1B688146032B58F80240D8F810A0F6
:10A730008D69D1F81CB040F09F80012E48D137B10F
:10A74000A7F14C039BB2012B01D97E2F0FD1B4F896
:10A75000663038A9284621F8043D0222F5F31EF59B
:10A7600002350FB17E2F02D19AF806300BB14C2F73
:10A7700013D14846FFF708FB20B148464146FFF792
:10A7800007FB50B9B4F8AC203AB1284604F16C018B
:10A79000F5F304F5B4F8AC30ED180FB17E2F6ED19F
:10A7A00001212A462023D4F8B800F0F37DF40121DA
:10A7B00005F120022023D4F8C400F0F375F4D4F896
:10A7C000C800012105F140022023F0F36DF456E0AA
:10A7D000022E54D1B4F8623038A921F8023D28463F
:10A7E0003246F5F3DBF4BDF8DE3038AF27F8C83D6C
:10A7F00001210DF11A022023D4F8B800F0F354F42B
:10A8000001210DF13A022023D4F8C400F0F34CF4F6
:10A8100001210DF15A022023D4F8C800F0F344F4CA
:10A8200001210DF17A022023D4F8BC00F0F33CF4AE
:10A8300001210DF19A022023D4F8CC00F0F334F476
:10A8400001210DF1BA022023D4F8D000F0F32CF44A
:10A850004FF00008C22302930235304604F118017C
:10A8600020224346CDF8008001970395CDF810B023
:10A87000F3F7A2F8404603E06FF0160000E0002076
:10A8800039B0BDE8F08FF8B50B6804465A688368A4
:10A8900096685168F558138A12683769032A2DD1D2
:10A8A000012926D10BB17E2B12D1BB796BB9204681
:10A8B000FFF76AFA20B120463146FFF769FA20B95E
:10A8C000B5F8AC0008B1023000E002206030F8BDFD
:10A8D0004D2B15D04C2B11D1FFF756FA20B1204645
:10A8E0003146FFF755FA58B9B5F8AC0050B102300F
:10A8F000F8BD02290CBF22200020F8BD0020F8BDC1
:10A900000220F8BD0220F8BD19B18368CB5883F846
:10A91000BC21704770B50C680D46064610220846EB
:10A920000021F5F3BFF42C6020460021F268F5F316
:10A93000B9F404F52473C4F8EC3004F52C732560E5
:10A94000C4F8243170BD2DE9F0470D4698462B68B8
:10A95000BDF82060099C0768896B95F82CC073B11D
:10A9600093F8009093F801A049EA0A29A5F81C90F1
:10A9700093F81690DB7D49EA0323A5F87E303B6807
:10A98000B5F81C9093F8D130002B5AD197F92735A0
:10A99000B3F1FF3F03D190F8A43313B151E0012B81
:10A9A0004FD0C9F38027B5F87E9019F00F0901D177
:10A9B00027B987E027B94FF0010904E0012702E039
:10A9C0004FF000094F460123002204F5227004F5E0
:10A9D000237176F017DAD4F88832984505D1D4F887
:10A9E0008C32F31A18BF012300E001233FB933B1C1
:10A9F000C4F88872C4F88C72A4F886725CE0B9F16D
:10AA0000000F08D00020C4F88802C4F88C02A4F813
:10AA10008602BDE8F087B5F87E50C4F88882C4F895
:10AA20008C62A4F886524846BDE8F08706D18F882C
:10AA3000B74294BF0027012700E00127F8B2BDE824
:10AA4000F087BCF1000F13D04B6B03EBC20153F83E
:10AA50003230984506D307D18888B04294BF00268B
:10AA6000012602E0012600E00026F0B2BDE8F087F2
:10AA7000D1F8E03052019A18136998451CD302D1DD
:10AA8000938AB3421BD89369984506D307D1908B1C
:10AA9000B04234BF0020012002E0012000E000208D
:10AAA00070B106F07F06F308D05C06F0070630416F
:10AAB00000F00100BDE8F0870120BDE8F08701202B
:10AAC000BDE8F0874B6B03EBC20153F83230984579
:10AAD000ACD2B2E72DE9F04F1C4693F860B05F6846
:10AAE000D368ADF5117D064605919146156933B1E0
:10AAF0001B7A0B2B03D13B7803F0010301E0FB78B9
:10AB00009B09E36394F82C304946009330462A466B
:10AB1000E36B4FF023DB0146A06320B12A6D40F2C6
:10AB2000371313402BB9304621464A4671F002DAFA
:10AB3000E2E090F90E2090F90F30D318A2689A4203
:10AB4000C0F0DA80A269138A13F0080F0DD0007AE2
:10AB50000B280AD196F8DC0538B18879032804D887
:10AB600023F008031B041B0C13820B7A042B59D00F
:10AB70000B2B00F0AE80022B40F0C080BB7897F822
:10AB800000A097F8068043EA0A2A7B794FEA084832
:10AB900048EA03283B7948EA0308FB79A76E48EAAC
:10ABA000036817F0010740F0AC80284621465A465A
:10ABB0004346CDF800A0CDF80490FFF7C4FE00286E
:10ABC00000F09F80AB79002B40F067823368D3F8A8
:10ABD0008830D3F8DC210132C3F8DC2194F82C2032
:10ABE00022B1D3F8B4220132C3F8B422D3F8E82159
:10ABF0000132C3F8E821D5F8183193F834301BB18D
:10AC00002846002165F0E0DB94F82C70002F00F05E
:10AC100044823368D3F88830D3F8C0220132C3F8B5
:10AC2000C02269E03B7897F801A097F8068043EAD4
:10AC30000A2AFB794FEA084848EA03683B7948EA60
:10AC400003087B7948EA03282B7C13B9EB6DDB07FB
:10AC500057D4A76E17F0010753D1284621465A460C
:10AC60004346CDF800A0CDF80490FFF76CFE002815
:10AC700047D0AB79002B40F010823368D3F888308E
:10AC8000D3F8DC210132C3F8DC2194F82C2022B166
:10AC9000D3F8B4220132C3F8B422D3F8F021013240
:10ACA000C3F8F021D5F8183193F834301BB1284699
:10ACB000002165F089DB94F82C70002F00F0ED8105
:10ACC0003368D3F88830D3F8C8220132C3F8C822D9
:10ACD00012E00237C83110223846F5F383F5002818
:10ACE0000CDA8D4839461022F5F3ECF6A16B8B484F
:10ACF000C8311022F5F3E6F60027CEE14FF0000848
:10AD0000C24696F8B03293B92B6D1F070FD4A06BD3
:10AD1000037A022B02D1F6F331F140B963699B69E2
:10AD2000980004D4A3691B8A190700F1FB806369AA
:10AD30009B695A06E0D4A3691A8A42F008021A8273
:10AD4000A16B0B7A013B0A2B00F2CE80DFE813F0F7
:10AD500035000B0035006C00CC00CC00CC00CC00E2
:10AD6000CC00CC00AE000846F6F308F108B12B7C0D
:10AD70004BB1A36BD3F88820904504D80FD093F83B
:10AD80008C205A450BD0A16B226804F1400738464D
:10AD900014310A32434601F0C3D9E76501E0643358
:10ADA000E365A16B04F14A0738461431E26D53465E
:10ADB00001F080DA3846102110E06168032284A88F
:10ADC000F5F3ECF1A36B84A803F114011A690330C5
:10ADD000F5F3E4F1A36B84A81969033107AAFBF327
:10ADE0008DF1A36B606893F90E30A168C018C91A81
:10ADF00007AAFBF3A5F1A36B606893F90E30A16875
:10AE0000C018C91A4FF0FF32F6F3F4F0444BA269B0
:10AE10009842138A04D123F010031B041B0C01E099
:10AE200043F0100313827DE06368DF7817F020079A
:10AE30001FD00A6948A81431D200FBF303F600239F
:10AE400021686269484670F0A5DC0027A36B019079
:10AE50000097196948A82368E268EEF3C7F3831CDA
:10AE600005D1A3691A8A42F010021A825AE0013011
:10AE700058D13368D3F88830D3F8DC210132C3F8D5
:10AE8000DC21D3F8F4210132C3F8F42194F82C200A
:10AE9000002A00F0FF80D3F8B4220132C3F8B422B4
:10AEA000D3F8CC220132C3F8CC22F6E001F1140031
:10AEB000E2682431236800F0F9DF00287FF41CAF3A
:10AEC000A26BD2F8D8300133C2F8D83033F07C43CB
:10AED00028D1F2220192D6F89401294609F11402F0
:10AEE000009376F05DDE1DE0AF79002F7FF404AFB4
:10AEF0003368D3F88830D3F8DC210132C3F8DC2181
:10AF000094F82C20002A00F0C580D3F8B422013236
:10AF1000C3F8B422C1E000BFA2ED8900A8ED89000A
:10AF2000E320BBDEA36B616893F90E208A18626090
:10AF300093F90E1093F90F208A18A1688A1AA2605B
:10AF400093F90E1093F90F208A1821698A1A226149
:10AF5000A269128A02F01802182A64D1AB79002B78
:10AF60007FF4CAAE95F944200093019302933046D2
:10AF70003123D5F8081170F0A7DA3368D3F8883098
:10AF8000D3F8DC210132C3F8DC21D3F8EC21013203
:10AF9000C3F8EC21D3F8F4210132C3F8F42194F87A
:10AFA0002C2072B1D3F8B4220132C3F8B422D3F802
:10AFB000C4220132C3F8C422D3F8CC220132C3F830
:10AFC000CC22A26B127A022A05D0032A12D0012ABF
:10AFD0007FF492AE0EE0D3F808220132C3F80822C3
:10AFE00094F82C70002F58D0D3F8E0220132C3F827
:10AFF000E02281E6D3F800220132C3F80022D3F820
:10B00000FC210132C3F8FC2194F82C70002F44D0AD
:10B01000D3F8D8220132C3F8D822D3F8D42201328F
:10B02000C3F8D42268E661698A89E26094F82D2029
:10B030009AB993F90F20059892B2FAF329F163694E
:10B04000DA89900402D5B3F850308BB9A36BE2686B
:10B0500093F90F30D31AE3600AE00598F6F3F4F0A1
:10B06000A36B014693F90F20059892B2FAF310F101
:10B07000A36BC4F86480A4F862A01B7A042B01D0EF
:10B08000022B09D1A36ED90706D43046214670F0B1
:10B090009DDF01E0174600E0012738460DF5117DE0
:10B0A000BDE8F08F2DE9F341099F00230D99044677
:10B0B0009046089E0A9D009301933FF04FDE032FB8
:10B0C0000BD9042268463146F5F368F0072F04D9FE
:10B0D00001A8311D0422F5F361F0A8F14C08B8F184
:10B0E000050F2AD8DFE808F00A03160F231BD4F84F
:10B0F0008434BDF80020A3F8922016E0D4F88434FC
:10B10000B3F8923017E0D4F88434BDF80020A3F8E7
:10B1100096200AE0D4F88434B3F896300BE0D4F8E3
:10B120008434BDF80020A3F89E20002007E0D4F866
:10B130008434B3F89E302B60F7E76FF01600BDE85B
:10B14000FC81D0F884242DE9F843B2F892800446BB
:10B150004145D4BF00200120B2F84A50B2F8969081
:10B16000B2F89460B2F898C010B1C8EB010701E0E2
:10B17000C1EB0807B2F89030BFB2002B75D0BCF11C
:10B18000010FADB2334607D1002851D02BB203FBDB
:10B1900008F393FBF1F346E0BCF1020F2BD131B27F
:10B1A000B8B10FFA89F3994203D10423A2F8983079
:10B1B00062E0132F02D9A6F1140339E0092F02D956
:10B1C000A6F10A0334E0042F01D9731F30E0B31E47
:10B1D0002EE00FFA85F841451DD0132F02D906F154
:10B1E000140325E0092F02D906F10A0320E0052FF8
:10B1F0001CD9731D1CE0BCF1040F39D133B238B136
:10B200000FFA89F18B4237D0052F38D9731F0AE026
:10B2100029B28B4204D10123A2F89830BDE8F8830B
:10B22000052F2DD9731D4FF0020C01E04FF0040CD7
:10B230001BB229B28B4204DC0FFA89F5AB42A8BFDE
:10B240001D462368A2F89450A2F898C02DB2294652
:10B25000012220461B7E72F0B1DC2368204629467D
:10B2600000221B7E72F0AADC06E01846BDE8F883D7
:10B270004FF0FF30BDE8F8830020BDE8F8830020E0
:10B28000BDE8F883D0F8843413B5B3F890200446B1
:10B290006AB1036A0DF1060118695BF0BFD980B18C
:10B2A0002046BDF906100122FFF74BFF09E064219B
:10B2B000012372F083DC012220466421134672F0E0
:10B2C0007DDC1CBD08B5036AD3F8D80079B143789A
:10B2D0004A789A4208D102300231F4F34BF7D0F1A8
:10B2E000010038BF002000E00020C0B208BD0846C1
:10B2F00008BD2DE9FF4799464369D0F82080824672
:10B300001B680446174602695AF8180B0E46414658
:10B31000D55801F055FA2169206852466FF096DC45
:10B320000123C8F800302B680146023B012B03D8EB
:10B330002369DB6DC8F8D0300C9B2068029342462D
:10B3400033468DE8800201F058FA48B12B68022B91
:10B3500005D1636AD888003018BF012000E00120C1
:10B3600004B0BDE8F0872DE9F04FC368044600F152
:10B37000180799B01646056A8A46006821693A4658
:10B3800003936FF063DC013E0290062E00F23881D9
:10B39000DFE816F007003601BC003601DB0036019D
:10B3A000FF00EE68002E00F02C81D5F8D03013F4A9
:10B3B000804B0CD023682169D3F8D4060368CB589E
:10B3C0001B781BB14AF04ADB834600E09B4663686A
:10B3D00093F86231A3B1D5F8D000F0F78BFE88B1B5
:10B3E0002368D3F86008FEF7CFFC58B123680299B0
:10B3F000D3F86008FEF7CCFC20B1B5F8DC8002E0A1
:10B40000984600E08046B5F806C02068DC44C44495
:10B410001FFA8CFC0CF1710321693A469BB2CDF8FE
:10B4200004C077F07BD9DDF804C00646002800F0A0
:10B43000E8800CF15F0CD0F808901FFA8CFC4FEA02
:10B440001C2343EA0C2C09F11207A9F810C00021B3
:10B450005F223846F4F326F74AF484731A0A89F80F
:10B46000132089F814302B8B05F13C011A0A89F856
:10B47000152089F81630202209F11F00F4F38EF60A
:10B48000EA8809F171009344D8441FFA88F84FEA1A
:10B49000182343EA0828A9F86F80E968F4F37EF6D8
:10B4A000636893F86231F3B1D5F8D000F0F722FE6B
:10B4B000C8B12368D3F86008FEF766FC98B123682A
:10B4C0000299D3F86008FEF763FC60B1EB68002BCB
:10B4D00000F09B80E888D5F8E01038185F30B5F8A8
:10B4E000DC20F4F35BF6D5F8D030580440F18D80C1
:10B4F00023682169D3F8D4060368CB581B78002B46
:10B5000000F083803A464AF0FFD97EE02068216946
:10B510003A46712377F002D90646002871D0D0F858
:10B5200008905F22002109F1120789F8112089F89B
:10B5300010103846F4F3B6F64AF480731A0A89F804
:10B54000132089F814302B8B1DE0206821693A46BE
:10B55000712377F0E3D80646002852D0D0F808903F
:10B560005F22002109F1120789F8112089F81010D3
:10B570003846F4F397F64AF440731A0A89F8132010
:10B5800089F81430EB8A1A0A89F8152089F81630E0
:10B590003BE0206821693A46712377F0BFD8064620
:10B5A00078B3D0F8089000215F2209F1120789F8DA
:10B5B000101089F811203846F4F374F64FEA1A2374
:10B5C00089F8133089F814A01FE0D5F8D000F7F3FC
:10B5D0007DF10146484605F18C0204ABF7F386F194
:10B5E000044630B9314603982246F9F3A7F62646B9
:10B5F00007E007F14D0004A91022F4F3CFF500E0B5
:10B600000026304619B0BDE8F08F032389F80F30CB
:10B61000D5F8D000F6F354F505F15C0400280CBF12
:10B62000FE2302233846082200F8053B2146F4F3A6
:10B63000B5F508212046F7F34FF11AF00301C9D1FF
:10B64000C3E72DE9F04F91F813800B7D8BB043EAEF
:10B65000082818F0030904460E4606924769056A51
:10B66000CDF8208005D1D5F8D000F7F32FF184462E
:10B6700000E0CC4605F15C0A06F1170B0120082317
:10B6800059465246CDF810C0F6F302F68245DDF871
:10B6900010C000F0F78318F48071079110D0338A3E
:10B6A0001A0A42EA03239BB25C2B40F2EB8330463A
:10B6B000614605F18C02F6F3E5F7002800F0E2831D
:10B6C000338A1A0A42EA03239BB25E2B40F2DA83E2
:10B6D00096F86F1096F8702042EA01225F3293428A
:10B6E000C0F0D08306F11202099259460822504652
:10B6F000F4F354F505F1640059460822F4F34EF5CD
:10B70000D5F8D000F6F3DCF4002868D018F4805F98
:10B7100065D096F86F2096F8703043EA0223B3F5AF
:10B72000807F0BDD38462169012274F065DC2069D9
:10B7300004F11801012277F089D9E7E24FF4807013
:10B74000F9F3C6F5824630B938462169012274F012
:10B7500053DCD14698E32020F9F3BAF5834630B99B
:10B760005046F9F3C7F538462169012208E34FF442
:10B770008170F9F3ADF5059068B95046F9F3BAF563
:10B780005846F9F3B7F538462169012274F034DCE4
:10B79000DDF8149078E3B9F1000F04D1D5F8D000AA
:10B7A000F7F394F08146059B494605F19C0202930C
:10B7B000099800238DE8000CF6F394F78146504673
:10B7C000F9F398F55846F9F395F50598F9F392F5DC
:10B7D000B9F1000F03D138462169012220E396F820
:10B7E00015A0B37DD5F8D00043EA0A2AF6F38AF40F
:10B7F00010B918F0080326D0BAF10D0F0BD003D8FA
:10B80000BAF1050F15D10DE0BAF1100F17D0BAF14A
:10B81000200F0ED111E018F0080F13D0384621691F
:10B82000022271E218F0080F0FD038462169032276
:10B830006AE238462169042266E2022106E0042217
:10B84000059204E00323059301E00121059118F01E
:10B85000080900F026822B8A059A934203D03846C5
:10B860002169052250E2079B002B40F0C78003238B
:10B870002B60D5F8D0305A0606D4626892F862215F
:10B88000002A37D0580335D513F4804932D196F8C1
:10B890006F1096F87030042206F1710043EA01211E
:10B8A000F6F3F8F70246002833D04378132B03D879
:10B8B000384621690422B3E2636A21694833009360
:10B8C0004FF020092046063201F1DC03CDF8049048
:10B8D00073F054D88246E0B9636AA3F8069094F8EE
:10B8E0000834B3B1A068D4F8041406F009D884F879
:10B8F00008A40EE019060CD5616AB1F8E42042B143
:10B9000001F14800C431F4F349F4636AB3F8E41078
:10B91000D980636ADB882BB920463146069A72F0DB
:10B92000DFDFAFE205F11C0906F11F0120224846C6
:10B9300005F13C06F4F332F420222068314619F078
:10B9400029D9D5F8D0305A040AD522682169D2F80D
:10B95000D40602688A58127812B149F0FFDF3BE042
:10B9600021690A6D100508D413F4922F05D1D1F87E
:10B97000083193F883309A0612D5636A04F11800EF
:10B9800003F148020092DB88E231019305F18C0358
:10B990000293AB8A4A4603933346F6F30DF41BE059
:10B9A00004F1180A5046E2310622F4F3E3F30028CA
:10B9B00000F06882636A216903F148020092DB8823
:10B9C0005046019305F18C030293AB8AE231039355
:10B9D0004A463346F6F3F0F540F63B6238462169B5
:10B9E00008EA0202012374F04BDB08B1042356E19C
:10B9F000384621690D2274F0FFDA43E2069A4AB90B
:10BA000097F81690B9F1000F0CBF4FF400794FF082
:10BA1000000901E04FF00009D5F8D000F6F350F32B
:10BA200041F2C833002808BF4FF4E47303EA080268
:10BA300018BF4FF000099A4240F0248219EA080F1B
:10BA400040F020822B68033B042B00F21B82294626
:10BA5000052341F81C3B06F11F002022F4F38AF372
:10BA6000002840F00F8296F86FA096F87030D5F855
:10BA7000D00043EA0A2AF6F323F300283FD006F168
:10BA8000710B584651463022F5F306F08146C8B195
:10BA9000D5F8D03042785B0440F1FA8123682169FF
:10BAA000D3F8D4361B68CB581B78002B00F0F081FC
:10BAB000123A92B2ECE1A86809F102010230F4F303
:10BAC00059F318B138462169072215E00AEB0B013A
:10BAD00099F80120C9EB010189B2901C81421CDD5B
:10BAE0006FF001039B1A4844C9183022F4F3D4F7CD
:10BAF00098B121693846062274F07EDA09E0AB88F5
:10BB0000534506D1A86806F171015246F4F332F3A9
:10BB100018B1206904F1180142E0D5F8D000F6F31D
:10BB2000CFF278B106F171005146F6F3A7F648B9A5
:10BB300038462169092274F05FDA206904F118019E
:10BB400001222EE02068036893F8623163B304F1A8
:10BB5000180921694A466FF079D88346D5F8D00094
:10BB6000F0F7C8FA00B32368D3F86008FEF70CF9C1
:10BB7000D0B1BBF1000F17D023685946D3F8600845
:10BB8000FEF706F980B1514606F17100F422F4F394
:10BB900083F701462046FFF795FB28B920694946FF
:10BBA000112276F053DF6DE140F20B223846216915
:10BBB00008EA0202032374F063DA814628B10623FF
:10BBC00018F040092B6004D116E0384621690D2297
:10BBD00026E12A8A04F1180B2B8B20688DE80408D3
:10BBE000216905F1AC0276F0D1DED5F8D000F6F38C
:10BBF00067F2002834D003E03846216908220FE1BB
:10BC0000514606F17100F6F339F642788046063A5D
:10BC100092B2EA82837905F16C0903F0030385F897
:10BC2000CC3008F108014846F4F3B8F295F8CC207E
:10BC30000599EB8A009206F14F020191029298F861
:10BC40000620216902F00402039220684A4676F039
:10BC500021DE23682169D3F87C06324654F0ECDEFD
:10BC6000D5F8D000F6F32CF2C0B108232B6038468B
:10BC70002169002274F0C0D923695A46DB68206824
:10BC8000009379210623F4F701F923682269D3F898
:10BC9000D4361B68D35800221A70F3E006232B60B9
:10BCA000F0E02B68052B40F2ED80236A05995A8A53
:10BCB0008A4208D0D3F8D000F6F324F218B13846FF
:10BCC00021690A22ACE008F46073B3F5607F40F0AC
:10BCD000D98007232B60D5F8D000F6F3F1F1814627
:10BCE000002841D018F4805F0BD096F86F1096F8BA
:10BCF000703006F1710043EA0121F6F3BFF5814689
:10BD000038B9216938460B2274F076D94FF0000912
:10BD1000BAE0427805F16C0A063A92B2EA82837977
:10BD200009F1080103F0030385F8CC305046F4F321
:10BD300035F295F8CC20EB8A00926A8A216901924B
:10BD400006F14F02029299F80620206802F00402E0
:10BD50000392524676F09EDD23682169D3F87C0673
:10BD6000324654F069DE70E0BAF1200F55D84FF436
:10BD70008070F9F3ADF2834630B9216938460C2260
:10BD800074F03AD9D9467FE02020F9F3A1F2069069
:10BD900050B95846F9F3AEF2384621690C2274F0D6
:10BDA0002BD9DDF818906FE04FF48170F9F390F221
:10BDB000844680B95846CDF810C0F9F39BF2069836
:10BDC000F9F398F2384621690C2274F015D9DDF8A0
:10BDD00010C0E14658E0069B05F16C02079241460F
:10BDE00005F19C0201930290079B0998CDF810C0C1
:10BDF000CDF800B0F6F370F481465846F9F37AF2C4
:10BE00000698F9F377F2DDF810C06046F9F372F2A4
:10BE1000A5F816A0B9F1000F05D1216938460C220A
:10BE200074F0EAD830E0089A08F030031B11059945
:10BE3000009302F0400301914F360393206821697B
:10BE4000079A5346029676F025DD3846216908F0B8
:10BE50000B02052374F014D928B108232B6038464F
:10BE60002169002202E0216938460D2274F0C4D80D
:10BE700023692068DB687921009304F11802062306
:10BE8000F4F704F84FF0010948460BB0BDE8F08F15
:10BE9000A988931C99427FF415AE0CE62DE9FF4763
:10BEA00090E810028E7905460F46002E63D140F2CD
:10BEB0001440F9F30DF2804600285FD03851314626
:10BEC00040F21442F4F3EEF1AB8AD9F8D02608EB35
:10BED000030448F803902B694FF0010AE360EB6814
:10BEE0006261A360AB6827616360E420C8F800600A
:10BEF00088F804A0C4F8FC63F9F3EAF12062002892
:10BF000041D03146E422F4F3CDF1E820F9F3E0F139
:10BF10006062002837D03146E822F4F3C3F1D4F848
:10BF20002480E868C8F8009019492246334605F095
:10BF30006BDDC8F86800002825D0E868154922465E
:10BF4000334605F061DD6063E8B1E86812492246D6
:10BF5000334605F059DDC4F80404A0B1236A286A09
:10BF60000193636A6946009702938DF80CA0F3F37E
:10BF700013F4304604E06FF0060001E04FF0FF30AC
:10BF800004B0BDE8F0872846394672F099DBF5E742
:10BF9000E1578800E9588800C958880038B51D461F
:10BFA00090B10368848ACB5873B11C19114604F10F
:10BFB00030001022F4F3F2F004F140002946202270
:10BFC000BDE83840F4F3EAB038BDD0F88404F0B5E9
:10BFD00003F15605A83300EB430300EB8505B3F9E5
:10BFE0000A60AF6890F8E940BE1B7618AE60264143
:10BFF0005E81B0F95E31D0F86811CB1A9B18C0F899
:10C0000068312341A0F85E31F0BD10B50A7AD0F84E
:10C0100084342AB390F82922D1F808012AB190F883
:10C020006000904228BF024601E090F86020D1F8FD
:10C030001801047864B1007AD1F8081118B1C98DDB
:10C040004A43002101E0CA8D012183F8291105E04E
:10C05000012283F82921D1F80821D28D0A3203E088
:10C0600083F829214FF49B72C3F8242110BD2DE9D8
:10C07000F04F8BB0D0F884449A469DF85C309046DF
:10C0800008939DF85420B4F8C63007920393189A89
:10C0900094F8E9300F4609920593B4F8F020D4F8EB
:10C0A000D81094F81C3106469DF950B09DF85850B0
:10C0B00004920691002B00F0AB81036893F869317C
:10C0C00023B13BF04DDA002800F0A281336893F8E9
:10C0D00064312BB194F86D3113B1002384F86D31C4
:10C0E00094F828313BB1B068D4F8301105F008DC81
:10C0F000002384F828318E2130693CF069DA43004E
:10C100004E334FF6FE71194030693CF061DA94F815
:10C1100058318146FF2B08D094F8E830012212FAFA
:10C1200003F300EA03091FFA89F994F8AF30AB4230
:10C1300013D0002305F1320204EB8202E91A936066
:10C140004A4242EB0102323204EB820284F8AF50E1
:10C15000C4F8CC30C4F8C8309360BAF1000F00F0D6
:10C160005781079AC2B9022F40F35281C7EB0A01E7
:10C17000B4F9F22009B204EB45039142A8BF0A4684
:10C18000A3F8EA20D6F884345B79012B2AD9C8EBCE
:10C190000B03A4F8EE3025E0049F04EB45023BB20C
:10C1A000B2F9EA70C7EB0A07FF1A022F03DD1C2F52
:10C1B000A8BF1C2700E00327D6F884245279012A5F
:10C1C00010D9B4F9EE80C8EB0B08C3EB0808B8F13E
:10C1D000020F05DDB8F11C0FA8BF4FF01C0801E0ED
:10C1E0004FF00308D6F868329B792BB9089A1AB138
:10C1F00030460999FFF709FF05F1320204EB82028C
:10C200009368304601339360C4F8CC30D4F83831A9
:10C2100051460133C4F8383105F14E0304EB830372
:10C220005A6801325A605A462B46FFF7CEFED4F8C0
:10C23000E030D4F8E420934203D9039B1BB204936B
:10C2400007E0D4F8DC00013301210690C4F8E030A7
:10C2500004910598012212FA00F3D4F8CC10994207
:10C260002DD3D5F1010B38BF4FF0000B0BF1A80C0B
:10C2700004EB4C0C04EB4500B0F85A01BCF80AC0C2
:10C28000C0EB0C0C0FFA8CFC94F86C018CEAEC7A85
:10C29000AAEBEC7A8245ACBF0021012184450391D1
:10C2A0000EDB94F8E8000BFA00F1894509D005F19E
:10C2B0003C0104EB810148688018486001E003926A
:10C2C000002205F1540B05F12C0004EB800004EB77
:10C2D0004B01B1F90AC0D0F808A0CCEB0A0C6744B6
:10C2E0008760059807414F81D4F8C000B4F9B610B3
:10C2F000059F411A4144C4F8C0103941A4F8B61052
:10C3000004EB8501D1F8D010B4F9C400994204EBD4
:10C310004B01B1F90A1028BF84F8B150884244DBC0
:10C32000D4F8CC00069FB8420CD9D5F1010194F89D
:10C33000E82038BF002111FA02F291452FD005F113
:10C340003C0225E0039F4FB394F844713DB1B4F92A
:10C35000B2C07FB2C1EB0C0107EBC10106E0B4F93A
:10C36000B4C07FB2C1EB0C01C900C91B049FB1EB83
:10C37000C70F13DB984211D3D5F1010194F8E820DF
:10C3800038BF002111FA02F2914508D005F13E02B2
:10C3900004EB820251680131516000E02AB10120B2
:10C3A000002D14BF0321022106E0002D0CBF2846FA
:10C3B000002014BF0221032194F8AF2084F8492102
:10C3C00094F81D215AB1D6F8682292793AB938B159
:10C3D00030690B46009201923DF0C6D804E018B9CE
:10C3E000D4F8CC209A4213D294F81D3183B1D6F8F8
:10C3F00068329B7963B9012284F82821B068D4F8A7
:10C400003011D4F824210BB0BDE8F04F05F0529A5A
:10C410000BB0BDE8F08F2DE9FF41D0F884540646FB
:10C4200095F81C310C4695F8E970002B00F08180DE
:10C43000036993F80A31002B7BD0036893F86931C4
:10C4400053B13BF08DD8034630B9B068D5F83411FC
:10C45000142205F02FDA6CE0336893F8643133B1BD
:10C4600095F86D311BB1002385F86D3161E0D6F888
:10C470003C33022B0AD0D5F8E020D5F8E4309A42BC
:10C4800094BF4FF000084FF0010801E04FF00008A2
:10C4900095F81D31002B4CD0D6F868329B79002BD3
:10C4A00047D1336A0DF10F0118695AF00BDD9DF881
:10C4B0000F3085F8AF30002B14BF03210221B8F1F3
:10C4C000000F25D003F1020E05EB8E0E05EB4302A3
:10C4D000DEF8B0C0B2F9B200C0EB0C00CEF8B0008C
:10C4E000384103F12C0EA2F8B20003F1540205EB1F
:10C4F0008E0E05EB4202B2F9B200DEF8B0C0C0EB1E
:10C500000C00783850FA07F7CEF8B000A2F8B270F5
:10C5100085F84931002201238DE80C0030690B4673
:10C520003DF022D89DF80F3054F82320013244F812
:10C530002320BDE8FF8110B5D0F8844494F81C3165
:10C5400023B104F58671FFF766FF002384F82831D4
:10C5500010BD70B5D0F88444054694F81C3103B37F
:10C56000D4F8CC20D4F8C8309A4203D104F58A71AB
:10C57000FFF751FFD4F8CC30C4F8C83094F81D311F
:10C580007BB1D5F868329B795BB994F8292142B127
:10C59000A868D4F834114FF4FA72BDE8704005F081
:10C5A000899970BD38B5D0F884440546D4F8341163
:10C5B000806805F0A5D9D4F8CC20D4F8C8309A42C8
:10C5C00004D1284604F58A71FFF725FFD4F8CC3052
:10C5D000C4F8C83038BDD0F8843400224FF6A271B8
:10C5E000C3F8B820C3F8BC20C3F8C020A3F8B22019
:10C5F000A3F8B420A3F8B620C3F86021C3F86421DF
:10C60000C3F86821A3F85A21A3F85C21A3F85E219E
:10C61000A3F8EA10A3F8EC10A3F8EE10C3F8CC20AE
:10C62000C3F8D020C3F8D420C3F83821C3F83C2184
:10C63000C3F84021C3F8E020C3F8F420C3F8F82081
:10C64000C3F8FC20C3F80021C3F80421C3F8082173
:10C65000C3F80C21C3F81021C3F81421C3F8182122
:10C6600083F829217047D0F88434D3F8CC208A602D
:10C67000D3F838218A6493F81D2112B193F8AF20C2
:10C6800001E093F8AC204A6093F81D210A6093F80A
:10C6900048214A654A688A65D3F8D0200A64D3F8ED
:10C6A000D4204A64D3F83C21CA64D3F840210A65F7
:10C6B000B3F9B220CA60B3F9B4200A61B3F9B62065
:10C6C0004A61D3F8F4208A61D3F8F820CA61D3F81C
:10C6D000FC200A62D3F800214A62D3F804218A625E
:10C6E000D3F80821CA62D3F80C210A63D3F81021C9
:10C6F0004A63D3F814218A63D3F81821CA63D3F8A4
:10C700004C21CA65D3F85021D3F854310A664B66E0
:10C710007047F7B5D0F88444D4F84C518D4207D116
:10C72000D4F85051954203D1D4F854219A423CD0C8
:10C7300001F00F05042D3AD8022D38D003F0030282
:10C74000022A34D01F0907F00307022F2FD00A094D
:10C7500002F00F02042A2AD8022A28D09E0806F0E6
:10C760000306022E23D09E0906F00306022E1ED0D9
:10C77000C4F85431036AC4F84C111B68C4F8501152
:10C78000022B04BF3E462A46042A14BF11463146F6
:10C7900084F8AD10D0F88434012283F84611009259
:10C7A000019200690B463CF0DFDE002001E06FF0F3
:10C7B0001C00FEBD704700000048704794660100F1
:10C7C00010B50C46C1B1886808B1F8F393F5E0687C
:10C7D00008B1F8F38FF5D4F8D80008B1F8F38AF56A
:10C7E000D4F8E00008B1F8F385F520460021E422F2
:10C7F000BDE81040F3F356B510BD2DE9F74F0546DF
:10C80000D2F8D000019114469846DDF830B0DDF83A
:10C810003490DDF838A0F5F353F428B1404659467A
:10C820003022F4F339F103E040465946F5F3E0F2E3
:10C830000646002800F0D880D4F8D000F5F340F484
:10C8400028B1484651463022F4F326F103E0484629
:10C850005146F5F3CDF20746002800F0C6802B685C
:10C8600093F86231002B4FD0D4F8D000EFF742FCA0
:10C87000002849D0D5F86008FDF786FA10B3D5F83E
:10C8800068329B792BB9D5F860080199FDF780FAD9
:10C89000C0B148465146F422F4F3FEF08146002828
:10C8A00000F0A28040780230A4F8D400F8F310F52C
:10C8B000C4F8D800002800F097804946B4F8D42086
:10C8C000F3F36CF4D5F86008FDF75EFAE0B1D5F843
:10C8D00060080199FDF75CFAB0B140465946F42270
:10C8E000F4F3DAF0054600287ED040780230A4F850
:10C8F000DC00F8F3EDF4C4F8E000002874D0294619
:10C90000B4F8DC20F3F34AF4022323826382D4F8E0
:10C91000D000F5F3D5F310B1042323826382D4F859
:10C92000D000F5F3CDF350B106F10A0004F1100187
:10C930000022F5F3A7F4002856D0002513E0737801
:10C940000A2B0FDDD4F8D05006F10E00A5F1080235
:10C95000554245EB020504F110012A46F5F3B6F6FF
:10C9600008B941E005462046218A2A4676F088D853
:10C97000002839D0D4F8D000F5F3A2F330B1301D3F
:10C9800004F112010122F5F37DF413E07378092B11
:10C9900011DD06F1080045B9F27A012A06D0A2F1AC
:10C9A00005035A4242EB030200E0012204F11201A6
:10C9B000F5F38CF6C0B178780230A080F8F388F4F3
:10C9C000A06088B13946A288F3F3E8F370780230AA
:10C9D000E080F8F37DF40746E06030B13146E2884C
:10C9E000F3F3DCF3012700E007463846BDE8FE8F8D
:10C9F00001320103323D00904C3300AAAA0300002B
:10CA00000088B4000100000001010000010050F2A4
:10CA100001000050F20000409600000FAC00000F33
:10CA2000AC0600AAAA03000000AAAA030000F800AE
:10CA30000FAC00050400C9BF05F000CEBF00000028
:10CA40000101000001011C7040002D02F0000A01EC
:10CA500028002801380148015801550150015003B0
:10CA60006666E2016666E3016666E4016666E50104
:10CA70006666E6016666E7016666E8016666E901E4
:10CA80006666EA016666EB016666EC016666ED01C4
:10CA90006666EE01CDCCF0010A00050008004006F4
:10CAA0000800050008000800770008008A00080058
:10CAB0000100050001000A00010005004006100900
:10CAC0001E091F092409250926092009210927090A
:10CAD00028092909220923093009310932091209D3
:10CAE0000F090009010906090709080902090309D4
:10CAF00009090A090B09040905090C090D090E09A0
:10CB00001109650234028400740056006502340283
:10CB100004000400040003000300030003000200FB
:10CB20000100010000000000FFFFFFFFFFFFFFFF0B
:10CB3000FFFFFFFFFFFF0000372E39352E3439206D
:10CB400028323237316262362043592900726563D8
:10CB50006C61696D2073656374696F6E2025733A2B
:10CB60002052657475726E65642025642062797444
:10CB7000657320746F2074686520686561700A00B1
:10CB80004D656D6F72792075736167653A0A0009AA
:10CB9000546578743A20256C6428256C644B292CE4
:10CBA00020446174613A20256C6428256C644B290B
:10CBB0002C204273733A20256C6428256C644B2921
:10CBC0002C20537461636B3A2025644B0A000941A1
:10CBD00072656E6120746F74616C3A20256428253B
:10CBE000644B292C20467265653A2025642825640B
:10CBF0004B292C20496E207573653A202564282521
:10CC0000644B292C2048574D3A2025642825644B35
:10CC1000290A0009496E20757365202B206F7665FF
:10CC200072686561643A2025642825644B292C20AC
:10CC30004D6178206D656D6F727920696E20757316
:10CC4000653A20256C6428256C644B290A00094D3F
:10CC5000616C6C6F63206661696C75726520636FCF
:10CC6000756E743A2025640A0009537461636B2061
:10CC7000626F74746F6D20686173206265656E20E9
:10CC80006F7665727772697474656E0A0009537401
:10CC900061636B20626F74746F6D3A203078257019
:10CCA0002C206C776D3A20307825702C20637572BB
:10CCB000723A20307825702C20746F703A203078CA
:10CCC00025700A00094672656520737461636B3ACA
:10CCD000203078257828256429206C776D3A20301B
:10CCE000782578282564290A0009496E757365201E
:10CCF000737461636B3A2030782578282564292085
:10CD000068776D3A2030782578282564290A00094B
:10CD1000496E2075736520706F6F6C20256428251F
:10CD200064293A2025642825644B292C20772F6F0D
:10CD3000683A2025642825644B290A0009496E2099
:10CD4000757365202D20706F6F6C3A20256428253F
:10CD5000644B292C20772F6F683A2025642825649E
:10CD60004B290A0009506B74496420546F74616C3C
:10CD70003A2025642C20467265653A2025642C20D3
:10CD80004661696C65643A2025640A006D77006D20
:10CD90006400554E494D504C3A2072613D25700A51
:10CDA000005443414D3A20256420757365643A2050
:10CDB0002564206578636565643A25640A000A463F
:10CDC0005749442030312D25780A666C61677320FD
:10CDD00025780A000A5452415020257828257829C0
:10CDE0003A2070632025782C206C722025782C2026
:10CDF00073702025782C20637073722025782C2086
:10CE0000737073722025780A0020207230202578F4
:10CE10002C2072312025782C2072322025782C206D
:10CE200072332025782C2072342025782C207235FE
:10CE30002025782C2072362025780A002020723791
:10CE40002025782C2072382025782C207239202536
:10CE5000782C207231302025782C20723131202519
:10CE6000782C207231322025780A000A2020207385
:10CE7000702B302025303878202530387820253028
:10CE8000387820253038780A00202073702B313014
:10CE90002025303878202530387820253038782003
:10CEA000253038780A0A0073702B25782025303811
:10CEB000780A00686E6461726D5F61726D722061E4
:10CEC0006464723A20307825782C206372345F696C
:10CED00064783A2025640A00627573737461747310
:10CEE00000535357553A207072696D6520646F6521
:10CEF00073206E6F7420686176652070203D20334A
:10CF0000206D6F642034000001000000000100006B
:10CF100020010000A1418000B9538000212C800035
:10CF2000795780006D3D8000609D8800A09E88003C
:10CF3000549F88008C9B8800409C8800FDFFFFFF69
:10CF4000D89A880002000000800100003001000033
:10CF5000DD418000E5538000492C8000AD57800002
:10CF6000993D8000749D8800C09E8800749F880051
:10CF7000AC9B8800609C8800FDFFFFFFF89A88004A
:10CF800004000000FF00000020080000253E800093
:10CF9000B1518000ED2B800035578000253D800089
:10CFA000549D8800809E8800349F88006C9B880078
:10CFB000209C8800066D0700B89A880003000000D6
:10CFC0000902000044010000F94180000154800082
:10CFD000892C8000F5578000ED3D8000889D8800F9
:10CFE000F09E8800A49F8800DC9B8800909C8800AD
:10CFF000FDFFFFFF289B8800706125643D30782588
:10D00000257800706425643D3078252578007064AB
:10D010006825643D30782525780070646C25643D72
:10D0200030782525780067637225643D30782525A2
:10D030007800253032582530325825303258253086
:10D0400032582D25303258253032582D253032585F
:10D05000253032582D25303258253032582D253084
:10D060003258253032582530325825303258253044
:10D0700032582530325800556E646566696E6564B5
:10D08000206572726F722025640000006001040048
:10D0900005000103640104000000270024010400CE
:10D0A0000400000028010400000000002C0104001E
:10D0B0000000000030010400000000003401040002
:10D0C0000A04700034010400EFBED40034010400EF
:10D0D000050000FF3401040001FF02FF30010400DD
:10D0E00018000000340104000A04E00034010400C8
:10D0F000EFBE480034010400050000FF34010400C5
:10D1000001FF02FF34010400001018013401040083
:10D11000020300103401040018F1F2F3340104009A
:10D12000BBCC0000300104003800000034010400D2
:10D130000000000030010400580000003401040029
:10D140000000000030010400380000003401040039
:10D150000F20000734010400000094003401040093
:10D1600000000090340104007475767734010400E7
:10D170000000000034010400000005003401040038
:10D18000FFFFFFFF300104006803000034010400CA
:10D190006E84330034010400DCBA50003401040012
:10D1A000D40000AB34010400BADABADA3401040066
:10D1B000001018F134010400F2F3001034010400EF
:10D1C00018F1F2F3340104001000000034010400EF
:10D1D000000000003401040000000A0034010400D3
:10D1E0000100000E340104004252434D340104009A
:10D1F0005F54455334010400545F53533401040019
:10D20000494401043401040082848B9634010400F3
:10D210000301010634010400020000003001040093
:10D2200068000000340104000A04280234010400EC
:10D23000DCBA8000340104000000FFFF3401040068
:10D24000FFFFFFFF34010400001018F13401040057
:10D25000F2F300103401040018F1F2F33401040079
:10D26000D0AF0000340104000000000034010400CD
:10D2700000000001340104000200000E340104002B
:10D280004252434D340104005F54455334010400BD
:10D29000545F535334010400494401043401040031
:10D2A00082848B96340104000301010634010400DA
:10D2B000020100003001040068060000340104008F
:10D2C0000A04280234010400DCBA8000340104009E
:10D2D0000000FFFF34010400FFFFFFFF34010400E2
:10D2E000001018F134010400F2F3001034010400BE
:10D2F00018F1F2F334010400D0AF0000340104004F
:10D3000000000000340104000000000134010400AA
:10D310000200000E340104004252434D3401040067
:10D320005F54455334010400545F535334010400E7
:10D33000494401043401040082848B9634010400C2
:10D340000301010634010400020100000001040091
:10D35000000000019004020000000000A004020090
:10D36000F1F30000B0040200EFFD0000A804020089
:10D37000FFFF0000A804020000000000A204020059
:10D3800001000000B2040200FBFF0000AA0402003A
:10D39000FFFF0000AA04020000000000A404020035
:10D3A000CF1A0000AC04020000000000BC04020020
:10D3B00000000000A6040200D7020000B60402002C
:10D3C000FFFD0000AE040200FFFF000006040200A3
:10D3D0000100000006040200000000000C0402002E
:10D3E00018000000060402000000000048040200CB
:10D3F000000C0000020402002006000002050200EA
:10D4000000000000000502000040000002050200CC
:10D4100004000000000502000040000002050200B8
:10D4200008000000000502000040000002050200A4
:10D430000C00000000050200004000000205020090
:10D44000C000000080050200FFFF0000820502000E
:10D45000FFFF000084050200FFFF000086050200B8
:10D46000FFFF000088050200FFFF00008A050200A0
:10D47000FFFF00008C050200FFFF00008E05020088
:10D48000FFFF000090050200FFFF00009205020070
:10D49000FFFF000094050200FFFF00009605020058
:10D4A000FFFF000098050200FFFF00009A05020040
:10D4B000FFFF00009E050200FFFF0000A005020024
:10D4C000FFFF00009C050200F0FF00004005020085
:10D4D0000080000020050200060F00004005020049
:10D4E00000800000400502000081000020050200CD
:10D4F00000FF00002C0502000101000040050200B1
:10D5000000810000400502000082000020050200AA
:10D510001E2800002C05020000000000400502004B
:10D520000082000040050200008300002005020088
:10D530002931000040050200008300004005020080
:10D540000084000020050200323F00004005020078
:10D550000084000040050200008500002005020054
:10D560004041000040050200008500001206020054
:10D57000010000002E060200CDCC000030060200A3
:10D580000C00000000060200048000009606020065
:10D59000080000009A060200E4000000880602006D
:10D5A000000000009C060200020000008806020045
:10D5B000001000009C060200020000008806020025
:10D5C000002000009C060200020000008806020005
:10D5D000003000009C0602000200000088060200E5
:10D5E0000B0F00009E06020007000000100502005D
:10D5F0000B00000050040200014E00005204020023
:10D600005B010000E404020090000000040402003A
:10D61000B400000054050200FFAF0000FE04020049
:10D62000000000005E050200001000006001040020
:10D630000400010364010400000000006401040010
:10D64000B4000000640104004700470064010400C6
:10D65000000064006401040030094000600104001F
:10D660000D000103640104000200020064010400D3
:10D670000100C00064010400050000006401040012
:10D680000000C00064010400640064006401040040
:10D690000E00470064010400000500006001040062
:10D6A000150001036401040040003C08640104000B
:10D6B00000000700640104000A000000600104008B
:10D6C0001A0001036401040000C0000060010400AE
:10D6D0001D00010364010400102700006001040024
:10D6E0001F0001036401040000001C0C640104001D
:10D6F00006001027600104002500010364010400F6
:10D7000000003200600104002800010364010400ED
:10D7100000004C0A6401040000003F0164010400A1
:10D72000FFFF00046401040046041E0764010400B6
:10D730000200EC09600104002E00010364010400F2
:10D7400000000080600104009201010364010400F4
:10D75000640400006401040000004000640104004F
:10D7600096070000600104009701010364010400B2
:10D770001A08000060010400BF01010364010400F5
:10D7800000000500600104000804010364010400B6
:10D79000070200006001040010040103640104009A
:10D7A00000000100600104001C0C01006401020083
:10D7B000FFFF0000600104001D0C01006401020075
:10D7C000FFFF0000600104001A000103640104006F
:10D7D0000000200C60010400230001036401040028
:10D7E0000000A607640104000000A20A6001040012
:10D7F00026000103640104000A0E0B096401040001
:10D800000E02000060010400320001036401040004
:10D810000000900B640104000000A00464010400F7
:10D8200000007C066001040058000103640104004C
:10D830004252434D640104005F54455364010400A7
:10D84000545F535364010400494400006001040024
:10D850006000010364010400390000006401040059
:10D860005000000064010400C000000060010400DA
:10D870007000010364010400BE03BE0364010400E0
:10D88000BE03BE0364010400BE03BE0364010400C2
:10D89000BE03BE03640104000004EA036401040043
:10D8A000D403BE03640104000B04F5036401040007
:10D8B000DF03C90364010400BE03BE036401040066
:10D8C000BE03BE0364010400BE03BE036401040082
:10D8D000BE03BE03640104000004EA036401040003
:10D8E000D403BE03640104000B04F50364010400C7
:10D8F000DF03C90364010400160416046401040074
:10D9000016041604640104002204160464010400D1
:10D9100016042E04640104001604160464010400B5
:10D9200016041604640104001604160464010400BD
:10D930003A04160464010400160416046401040089
:10D940001604160464010400220416046401040091
:10D9500016042E0464010400160416046401040075
:10D96000160416046401040016041604640104007D
:10D970003A0416046401040000001F00640104005E
:10D98000FF031F00640104000200000064010400A2
:10D99000020000006001040098000103640104001B
:10D9A00000001F0064010400FF031F006401040065
:10D9B0000100000064010400010000006001040097
:10D9C000A00001036401040000001F0064010400C2
:10D9D000FF031F0064010400010000006401040053
:10D9E0000100000060010400A800010364010400BC
:10D9F00000001F0064010400FF031F006401040015
:10DA00000100000064010400010000006001040046
:10DA1000C0000103640104003724372464010400BA
:10DA20003724372460010400BA01010364010400B3
:10DA300001000702640104000702070364010400F7
:10DA40000700000060010400DF010103640104001D
:10DA50002000CB01640104000000540064010400B4
:10DA60000000AB086401040000001004640104001D
:10DA7000840002006401040000001400640104003A
:10DA8000CF010200640104004400000064010400AE
:10DA9000AF08020064010400100464006401040083
:10DAA00002020000640104001000CA0164010400C5
:10DAB00002003C00640104000000AA0864010400A4
:10DAC0000200100464010400540002086401040010
:10DAD0000000080064010400CE010000640104009D
:10DAE0003400000064010400AE080000640104007A
:10DAF0001004440064010400020A000064010400F0
:10DB00000800C9016401040002003000640104003F
:10DB10000000A9086401040002001004640104006C
:10DB20003C000210640104000000040064010400D1
:10DB3000CD010000640104002C0000006401040019
:10DB4000AD08000064010400100434006401040006
:10DB500002120000640104000400C8016401040012
:10DB600000002C00640104000000A8086401040007
:10DB70000000100464010400300002196401040074
:10DB80000000000064010400CC01020064010400F4
:10DB90002C00000064010400AC08020064010400D1
:10DBA0001004300064010400021A00006401040043
:10DBB000C0000A0464010400700000006401040055
:10DBC0003A010A046401040028022CC06401040024
:10DBD000F2020A0464010400000000016401040070
:10DBE00060001404640104003800000064010400B3
:10DBF000020114046401040014012CC06401040037
:10DC0000DE011404640104000000800064010400CB
:10DC100022003704640104001500000064010400C0
:10DC2000DF0037046401040065002CC064010400B7
:10DC30002E0137046401040000002F006401040079
:10DC400011006E84640104000B00000064010400F4
:10DC5000D4006E846401040033002CC0640104000D
:10DC6000FC006E84640104000000180064010400DC
:10DC700002008A9D64010400FB00020864010400A4
:10DC8000C54EFA0064010400020A833464010400F2
:10DC9000FE000210640104006227F9006401040020
:10DCA0000212421A64010400FD000219640104001A
:10DCB000B113F80064010400021A81116401040028
:10DCC000FC00021C64010400C10FFC00640104009C
:10DCD0000000C10F64010400FC00000064010400A6
:10DCE000C10FFC0060010400500201036401040044
:10DCF00000000000640104000100711464010400CC
:10DD000004020000600104005402010364010400E5
:10DD100001000000640104000100711464010400AA
:10DD200004020000600104005802010364010400C1
:10DD30000200000064010400010071146401040089
:10DD400004020000600104005C020103640104009D
:10DD50000300000064010400010071146401040068
:10DD60000402000060010400600201036401040079
:10DD700000000100600104006C0201036401040062
:10DD8000200000006001040012040103640104008B
:10DD900000000C0060010400500501036401040050
:10DDA0001800000064010400983A983A64010400E5
:10DDB000A60E6400640104000000F4016401040084
:10DDC0000400000064010400C8AFA86164010400FD
:10DDD000204E1E00640104000000030064010400E2
:10DDE000030000006401040050C30000600104004F
:10DDF0005B050103640104000000140564010400D4
:10DE0000E2040000600104005F05010364010400F6
:10DE1000204E00006401040000000F0064010400B3
:10DE2000F4010300600104006505010364010400BE
:10DE300000001300640104000000030064010400FA
:10DE40000100070064010400C8AF00006401040081
:10DE500088130000640104002C17DF4060010400F7
:10DE60006C0501036401040000002C01640104003E
:10DE70000000A00F600104006F05010364010400AD
:10DE8000000002006401040000002C016401040091
:10DE9000C000000064010400C044000064010400EC
:10DEA0006400000064010400DC05401F64010400FC
:10DEB00000004600640104005000500064010400AA
:10DEC0000200000064010400F50A00006001040083
:10DED0007A050103640104002010409C64010400E1
:10DEE000204E000064010400B80B00006001040033
:10DEF0007E050103640104000000204E640104005B
:10DF00000000050064010400DC053F00640104001A
:10DF1000710200006401040030750000600104001B
:10DF20008605010364010400C409A00F6001040018
:10DF300089050103640104000000D00760010400AA
:10DF40008B05010364010400204E204E6001040093
:10DF50008E05010364010400200080406401040078
:10DF600000000A0064010400E803E81C64010400E6
:10DF7000384A0000600104009305010364010400B5
:10DF800000006400600104009F05010364010400B7
:10DF90000200940260010400A10501036401040071
:10DFA000E100000060010400A40501036401040015
:10DFB0003075000060010400A7050103640104003E
:10DFC000DC05000064010400581B0000600104002F
:10DFD000AF0501036401040000000F0064010400A8
:10DFE000C800000060010400B205010364010400E0
:10DFF00000000200640104000000640060010400ED
:10E00000BB05010364010400A861701760010400EE
:10E01000C405010364010400BE00000060010400A7
:10E02000380C0100640102000000000060010400DF
:10E0300003000200640104001F00000060010400EE
:10E040000400020064010400FF03000060010400FA
:10E0500005000200640104001F00000060010400CC
:10E0600006000200640104000700000060010400D3
:10E0700007000200640104000400000060010400C5
:10E080000800020064010400FFFF000060010400BA
:10E0900009000200640104000000000060010400A7
:10E0A0000A00020064010400000000006001040096
:10E0B0000B00020064010400000000006001040085
:10E0C0000C00020064010400000000006001040074
:10E0D0000D00020064010400000000006001040063
:10E0E0000E00020064010400000000006001040052
:10E0F0000F00020064010400000000006001040041
:10E1000010000200640104001F0000006001040010
:10E11000110002006401040000000000600104001E
:10E12000120002006401040000000000600104000D
:10E1300013000200640104000000000060010400FC
:10E1400015000200640104000000000060010400EA
:10E15000160002006401040000000000FFFF000040
:10E160000000000086060200D009000080060200C0
:10E170003E3E0000820602003E0200000007020050
:10E180003C0000008406020012020000600104004E
:10E190000300010064010200C000000060010400EF
:10E1A00003000100660102000A0000006001040093
:10E1B000040001006401020014000000600104007A
:10E1C00007000100640102008301000060010400F7
:10E1D0002500010064010200F40100006001040058
:10E1E000C5050100660102002B0400006001040067
:10E1F000C605010064010200000100006001040086
:10E20000E1010100640102003C0000006001040023
:10E21000E601010066010200340000006001040014
:10E22000EC01010064010200300000006001040004
:10E23000F1010100660102002C00000060010400F1
:10E24000F7010100640102002C00000060010400DD
:10E25000FC010100660102002800000060010400CA
:10E2600002020100640102002800000060010400B5
:10E27000070201006601020028000000FFFF000005
:10E2800000000000ED9F8000C1AD8000DDAE800089
:10E29000F9AB8000B5B0800065AF8000C9B08000E8
:10E2A000DDB0800071AD800085AD800009AC8000DC
:10E2B00005B18000FDAA8000A1B0800065AE80009D
:10E2C00035AA800081A18000C5A1800031A880000E
:10E2D0008DA8800019A8800079AF8000B1A68000C9
:10E2E000ADAB80008DAB8000E5AB80008DA38000DE
:10E2F0007DAB800079A28000F5A3800045A7800057
:10E3000045A0800039A1800065A3800039A080006D
:10E3100055A080002D9F8000399F800000000000E4
:10E32000000000000000000075A3800061A88000CC
:10E3300039A8800071A2800095A78000219F8000ED
:10E34000199F8000B9A0800085A08000E59E800014
:10E35000280000000F000000040100000807000072
:10E360000007070000070400000004040000040088
:10E370000000000101000000000000000303000095
:10E38000000000000000000000000000B1080000D4
:10E39000000000000404040404010400E204000876
:10E3A0000A0000006A1000000000000000000000E9
:10E3B00031060000DDC88D000404040404010400DB
:10E3C000E20400080A0000006A10000000000000DB
:10E3D00000000000310400008C2EBA000404040484
:10E3E00004010400E20400080A0000006A100000B2
:10E3F00000000000181800000000000000060600E1
:10E4000000000000000000000000000031190000C2
:10E410000000A0000C0C0C0C0A030400E20400082D
:10E420000A0000006A100000000000000000000068
:10E43000B1120000277662000C0C0C0C0A030400D9
:10E44000E20400080A0000006A100000000000005A
:10E4500000000000B10C00001443FD000C0C0C0C7B
:10E460000A030400E20400080A0000006A10000029
:10E47000E02E01010150000000000000C83202013E
:10E4800001490000899DD800403803010142000085
:10E49000AAAAAA00003C0401013E0000000080007E
:10E4A000483F0501013B0000D05E4200A04106014B
:10E4B0000139000049922400004B0701013200009D
:10E4C00000000000584D080101300000071F7C00CB
:10E4D000204E09010130000000000000C05D0A016B
:10E4E0000128000000000000A8610B0101260000C7
:10E4F0006666660090650C0101240000C44EEC00C5
:10E5000030750D01012000000000000040830E0165
:10E51000011C00002449920018920F0201330000F0
:10E52000F93E560000961002013200000000000083
:10E53000409C1102013000000000000080BB12026C
:10E54000012800000000000020CB1302012400007D
:10E55000C44EEC00000000000000000000000000BD
:10E56000626F617264666C61677333007370757299
:10E57000636F6E6669670000000000000000000025
:10E58000B1190000ABAA0A000B0C0C0C0A03040022
:10E59000E20400080A0000006A1000000000000009
:10E5A00000000000B1120000143BB1000B0C0C0C79
:10E5B0000A030400E20400080A0000006A100000D8
:10E5C0000000000000000000310D00007A0534005A
:10E5D0000B0C0C0C0A030400E20400080A00000003
:10E5E0006A1000000000000012100000000000008F
:10E5F0000000000000000000B11900000000400011
:10E600000C0C0C0C0A030400E20400080A000000D1
:10E610006A1000000000000000000000B1120000BD
:10E62000FF88D8000C0C0C0C0A030400E20400085C
:10E630000A0000006A100000000000000000000056
:10E64000B10D0000F0FF4E000C0C0C0C0A0304008E
:10E65000E20400080A0000006A1000000600000042
:10E66000BC010000C54200003142000089450000A5
:10E670007800000001000000394000003F40000029
:10E68000414000008000000068000000FB440000E2
:10E69000F7440000D144000067E6096A85AE67BB15
:10E6A00072F36E3C3AF54FA57F520E518C68059B74
:10E6B000ABD9831F19CDE05B982F8A429144377103
:10E6C000CFFBC0B5A5DBB5E95BC25639F111F159F5
:10E6D000A4823F92D55E1CAB98AA07D8015B831237
:10E6E000BE853124C37D0C55745DBE72FEB1DE80E3
:10E6F000A706DC9B74F19BC1C1699BE48647BEEF12
:10E70000C69DC10FCCA10C246F2CE92DAA84744A9C
:10E71000DCA9B05CDA88F97652513E986DC631A812
:10E72000C82703B0C77F59BFF30BE0C64791A7D5F1
:10E730005163CA0667292914850AB72738211B2E79
:10E74000FC6D2C4D130D385354730A65BB0A6A7661
:10E750002EC9C281852C7292A1E8BFA24B661AA86D
:10E76000708B4BC2A3516CC719E892D1240699D67D
:10E7700085350EF470A06A1016C1A419086C371EF6
:10E780004C774827B5BCB034B30C1C394AAAD84ED4
:10E790004FCA9C5BF36F2E68EE828F746F63A5780F
:10E7A0001478C8840802C78CFAFFBE90EB6C50A4A2
:10E7B000F7A3F9BEF27871C60123456789ABCDEFA7
:10E7C000FEDCBA9876543210F0E1D2C31420304007
:10E7D0001C2010776C2564002530347800776C2578
:10E7E000643A2025732025732076657273696F6EF5
:10E7F00020257320465749442030312D25780A00C2
:10E800004E6F7620323920323032310032323A3493
:10E81000393A303900617020007374612000776DDF
:10E820006520003830322E31316420003830322EED
:10E830003131682000726D20006361632000616DDA
:10E840007064752000616D7064755F74782000617C
:10E850006D7064755F72782000616D736475727895
:10E860002000616D73647574782000726164696F53
:10E870005F70777273617665200070327020006D72
:10E880006368616E2000646672747320007478702F
:10E89000777263616368652000737462632D7478B6
:10E8A0002000737462632D72782D317373200077AA
:10E8B0006E6D20006273737472616E7320006D66FA
:10E8C00070200073616520006964617574682000C0
:10E8D000746B6F2000776C63006770696F6F75747D
:10E8E00000000000E1560100020000800800000066
:10E8F0003D6F8900E2000000010000000000000000
:10E9000000000000000000000200000000003131A3
:10E91000640031316800313175005458204D435343
:10E9200020203A0020202564282564252529000A76
:10E9300020202020202020203A000000A1878900EC
:10E94000070080000100000000000000000000003F
:10E95000000000005258204D435320203A006170BF
:10E96000707300615F77706100615F77706169004B
:10E9700025733A20686F73745F656E616220256449
:10E980000A00627373636667006274630062746393
:10E990005F646F735F7374617475730095570100E2
:10E9A0000E00000007000000000000000000000052
:10E9B00000000000636D005F5F004B52000000002C
:10E9C000BC580100E0ED88000000000000000000DD
:10E9D000B058010000000000AA580100A45801002E
:10E9E0000000000000000000805801002C590100C8
:10E9F000885801007FB20000000000000000000005
:10EA00000000000000000000000000000000000006
:10EA100000000000000000000000000000000000F6
:10EA200090580100000000000000000000000000FD
:10EA300000000000000000000000000000000000D6
:10EA400000000000000000000000000000000000C6
:10EA500000000000000000000000000000000000B6
:10EA600000000000000000000000000000000000A6
:10EA7000000000000000000001000000B15801008B
:10EA80000000000000000000323032312D31312D05
:10EA900032392032323A34323A3434000000FF0046
:10EAA00000000000FF00000000236E000000FFFFD8
:10EAB000F00000000000000000000000434C4D206A
:10EAC0004441544100000C000200392E31302E33F5
:10EAD0003900000000000000000000000000312E9E
:10EAE00032392E3400000000C4580100C85701001C
:10EAF000436C6D496D706F72743A20312E33362E2F
:10EB0000330000000000000000000000000042721E
:10EB10006F6164636F6D2D302E30000000000000C7
:10EB2000000000000000000000000000636E74722E
:10EB3000790064756D705F696E666F00138589007A
:10EB4000000000400800000000000000000000007D
:10EB5000000000006576656E7471006662740000E6
:10EB6000115A010016000000775A01001800000039
:10EB70008F5A01001B000000275A01001C000000F2
:10EB80009CEF88000E000000DA59010033000000FD
:10EB9000DA59010033000000435A0100340000003C
:10EBA000435A010034000000435A010034000000C1
:10EBB0009BEF880001000000D05901000A0000000E
:10EBC0009AEF88000100000003103036373839F41E
:10EBD000FFDD000102030406070809202528292378
:10EBE0002A32300B0C424746333F4043363A3C3BD7
:10EBF0002D3D484A7F596145626B6C6F70BFC0C341
:10EC0000C4C744F4DD69656D000001322124302E53
:10EC100046363B2D487F595E6BBFC74485F4DD0106
:10EC2000320C354146303637393A382D3D484A7F27
:10EC30005A5F58646EBFC0C744F4DD00010203048C
:10EC4000060507080920252829232A32300B0C2E17
:10EC5000333F4043424746363A3C3B2D3D484A7F8E
:10EC60005659456B6C6F70BFC0C3C4C744F4DD0117
:10EC7000320C35414636373A382D3D484A7F5A5F87
:10EC80006EBFC0C744F4DD0001322124302E463669
:10EC900037393B2D487F595E57636BBFC744859C0E
:10ECA000F4DD696572006C71004449524543542D8E
:10ECB000007068790000A40400400000A4040080F3
:10ECC0000080D00420000000A404FF010000A40480
:10ECD00000040004A504FF032C01A50400E000A02B
:10ECE000A504001C00000D04FF0340000D0400708B
:10ECF0000040A204FF034000A20400700040A804EA
:10ED0000FF000100D004C07F00000C05FF010000DF
:10ED1000A60400800080A604FF01FF009A04FF0102
:10ED2000FF00F40900800080F40900380020F40995
:10ED3000FF0337009904FF0378009F0400C00040E0
:10ED40009F04FF039001D70408000800D704007057
:10ED50000020AC093C001400F80904000400706BAA
:10ED6000745F66696C746572000000000C0000003E
:10ED7000FFFFFFFFFFFFFFFFFFFFFFFF70726F74DA
:10ED80005F670070726F745F6E000000EC5B0100E3
:10ED90000700000007000000FD5B01000600000006
:10EDA0000100000000000000000000000000000062
:10EDB000534145204861736820746F20456C656D30
:10EDC000656E7420753120503100534145204861F3
:10EDD000736820746F20456C656D656E74207532A4
:10EDE000205032007361655F6D61785F7077655F99
:10EDF0006C6F6F70007361655F7077655F686E70D0
:10EE00005F656E61626C6500405C01002700000078
:10EE100007000000585C0100280000000700000007
:10EE20006E5C0100260000000700000000000000EA
:10EE300000000000000000007374665F74656D7070
:10EE40005F6D696E5F647574795F6379636C65008B
:10EE50007374665F74656D705F6D6F6E69746F72E9
:10EE60005F74696D65007374665F74656D705F745F
:10EE7000687265736800696473757000747063000C
:10EE80007478630077617069000000000000000082
:10EE90000000000000000000600A0000803801004F
:10EEA000736470636D64657600000000000000000C
:10EEB000005D0100000000000000000000000000F4
:10EEC000000000000000000000000000C5DF80001E
:10EED00045F6800059F68000C9DF8000BDDF800064
:10EEE00089DF800051DD80000000000055F68000C1
:10EEF0000000000000000000C57C0100A17C0100B2
:10EF00008B7C0100E1F6800000000000A5F6800087
:10EF1000F9F68000C1F68000EDF6800000000000E8
:10EF20000000000000000000158801006988010051
:10EF30000000000011880100258C0100F589010006
:10EF400059890100000000000000000000000000DE
:10EF50000000000000000000C58901000000000062
:10EF60001D1E1C0B80BA8C0100C20100F2000000C3
:10EF70008100000010000000C0AD3A0200C2010094
:10EF8000EC0000008100000022000000776C00000F
:10EF9000000000000000000000000000C05D010053
:10EFA0000000000000000000000000000000000061
:10EFB000000000000000000035E201001D8E81000D
:10EFC000E9898100298F810000000000B58C810053
:10EFD00000000000FD8D8100000000000000000026
:10EFE0000000000000000000010003000300060014
:10EFF00000000300030003000E000D000E000E00D1
:10F000000E00020009000C000A0008000D000100BB
:10F0100009000C000A0008000D00010009000C00A6
:10F020000A0008000D00010009000C000A00080099
:10F030000D0001000A000D000B0009000E00020087
:10F040000A000D000B0009000E0002000900390043
:10F0500016000E000E0005000900390016000E0013
:10F060000E0005000A000D000B0009000E00040050
:10F070000A000D000B0009000E0002000A000D003E
:10F080000B0009000E0002001400BF00C0001500B4
:10F09000110005001400BF00C0001500110005009C
:10F0A0001400BF00C0001500110005001400BF00CF
:10F0B000C0001500110005001400BF00C0001500BD
:10F0C000110005000900390016000E000E000500B1
:10F0D0000900390016000E000E0005001400BF00E4
:10F0E000C0001500110005000900390016000E00CF
:10F0F0000E0005000900390016000E000E00050084
:10F100009600DE00DF001500110005001400BF00AE
:10F11000C0001500110005000900390016000E009E
:10F120000E0005000900390016000E000E00050053
:10F130000900610016000E000E00050009003900EC
:10F1400016000E000E0005000C00B600190011009C
:10F15000110008000900390016000E000E0005001D
:10F160000900B60019001100110008000900B600DE
:10F1700019001100110008000900B6001900110063
:10F18000110008000900390016000E000E000500ED
:10F190000900B6001900110011000800080037002E
:10F1A00016000E000E0005000900B600190011003F
:10F1B0001100080000000000000000000000000036
:10F1C000000000000000000000000000000000003F
:10F1D000000000000000000000000000000000002F
:10F1E000000000000000000000000000000000001F
:10F1F000000000000000000000000000000000000F
:10F2000000000000000000000000000000000000FE
:10F2100000000000000000000000000000000000EE
:10F2200000000000000000000000000000000000DE
:10F2300000000000000000000000000000000000CE
:10F2400000000000000000000000000000000000BE
:10F2500000000000000000000000000000000000AE
:10F26000000000000000000000000000000000009E
:10F27000000000000000000000000000000000008E
:10F28000000000000000000000000000000000007E
:10F29000000000000000000000000000000000006E
:10F2A000000000000000000000000000000000005E
:10F2B000000000000000000000000000000000004E
:10F2C000000000000000000000000000000000003E
:10F2D000000000000000000000000000000000002E
:10F2E000000000000000000000000000000000001E
:10F2F000000000000000000000000000000000000E
:10F3000000000000000000000000000000000000FD
:10F3100000000000000000000000000000000000ED
:10F3200000000000000000000000000000000000DD
:10F3300000000000000000000000000000000000CD
:10F3400000000000000000000000000000000000BD
:10F3500000000000000000000000000000000000AD
:10F36000000000000000000000000000000000009D
:10F37000000000000000000000000000000000008D
:10F38000000000000000000000000000000000007D
:10F39000000000000000000000000000000000006D
:10F3A000000000000000000000000000000000005D
:10F3B000000000000000000000000000000000004D
:10F3C000000000000000000000000000000000003D
:10F3D000000000000000000000000000000000002D
:10F3E000000000000000000000000000000000001D
:10F3F000000000000000000000000000000000000D
:10F4000000000000000000000000000000000000FC
:10F4100000000000000000000000000000000000EC
:10F4200000000000000000000000000000000000DC
:10F4300000000000000000000000000000000000CC
:10F4400000000000000000000000000000000000BC
:10F4500000000000000000000000000000000000AC
:10F46000000000000000000000000000000000009C
:10F47000000000000000000000000000000000008C
:10F48000000000000000000000000000000000007C
:10F49000000000000000000000000000000000006C
:10F4A000000000000000000000000000000000005C
:10F4B000000000000000000000000000000000004C
:10F4C000000000000000000000000000000000003C
:10F4D000000000000000000000000000000000002C
:10F4E000000000000000000000000000000000001C
:10F4F000000000000000000000000000000000000C
:10F5000000000000000000000000000000000000FB
:10F5100000000000000000000000000000000000EB
:10F5200000000000000000000000000000000000DB
:10F5300000000000000000000000000000000000CB
:10F5400000000000000000000000000000000000BB
:10F5500000000000000000000000000000000000AB
:10F56000000000000000000000000000000000009B
:10F57000000000000000000000000000000000008B
:10F58000000000000000000000000000000000007B
:10F59000000000000000000000000000000000006B
:10F5A000000000000000000000000000000000005B
:10F5B000000000000000000000000000000000004B
:10F5C000000000000000000000000000000000003B
:10F5D000000000000000000000000000000000002B
:10F5E000000000000000000000000000000000001B
:10F5F000000000000000000000000000000000000B
:10F6000000000000000000000000000000000000FA
:10F6100000000000000000000000000000000000EA
:10F6200000000000000000000000000000000000DA
:10F6300000000000000000000000000000000000CA
:10F6400000000000000000000000000000000000BA
:10F6500000000000000000000000000000000000AA
:10F66000000000000000000000000000000000009A
:10F67000000000000000000000000000000000008A
:10F68000000000000000000000000000000000007A
:10F69000000000000000000000000000000000006A
:10F6A000000000000000000000000000000000005A
:10F6B000000000000000000000000000000000004A
:10F6C000000000000000000000000000000000003A
:10F6D000000000000000000000000000000000002A
:10F6E000000000000000000000000000000000001A
:10F6F000000000000000000000000000000000000A
:10F7000000000000000000000000000000000000F9
:10F7100000000000000000000000000000000000E9
:10F7200000000000000000000000000000000000D9
:10F7300000000000000000000000000000000000C9
:10F7400000000000000000000000000000000000B9
:10F7500000000000000000000000000000000000A9
:10F760000000000000000000000000000000000099
:10F770000000000000000000000000000000000089
:10F780000000000000000000000000000000000079
:10F790000000000000000000000000000000000069
:10F7A0000000000000000000000000000000000059
:10F7B0000000000000000000000000000000000049
:10F7C0000000000000000000000000000000000039
:10F7D0000000000000000000000000000000000029
:10F7E0000000000000000000000000000000000019
:10F7F0000000000000000000000000000000000009
:10F8000000000000000000000000000000000000F8
:10F8100000000000000000000000000000000000E8
:10F8200000000000000000000000000000000000D8
:10F8300000000000000000000000000000000000C8
:10F8400000000000000000000000000000000000B8
:10F8500000000000000000000000000000000000A8
:10F860000000000000000000000000000000000098
:10F870000000000000000000000000000000000088
:10F880000000000000000000000000000000000078
:10F89000000000002DE9F84305468846FBF33EF2E0
:10F8A00000212846FBF382F3044628466E69AF69BF
:10F8B000F3F3F0F30A2E814616D90F2E16D0284600
:10F8C000FAF31EF5142E054603D9A36823F00803A6
:10F8D000A360A368142E43F00103A36014D9A368A6
:10F8E00043F00803A3600FE0022E0FD92846FAF375
:10F8F00075F5D4F8A430054623F0FF0343F0020366
:10F90000C4F8A430022303E0012301E0104D3023AA
:10F91000A268D20707D407F01802082A0CBFB5FB6B
:10F92000F3F54FF4E11507F0030700260BE004F5AB
:10F930004073B8F1000F05D03002181849462A4626
:10F940000023C0470136BE42F1DBBDE8F88300BFAB
:10F9500000C63E052DE9F8431646984604460D4676
:10F96000FAF374F5002107462046FBF31FF300224B
:10F9700081461346134988184068B0B90C22534396
:10F98000CA18CE505560C2F808802046FBF3C6F175
:10F99000D9F824300C4D1E432E602046FBF3BEF1F7
:10F9A0002B680125C9F8243004E001330C32052B03
:10F9B000E0D1002520463946FBF3F8F22846BDE8A1
:10F9C000F88300BFBC5F0100E403000038B5124CAF
:10F9D000002148222046F0F365F4104A012384E810
:10F9E0000C0000250E491F2204F10C00F0F332F543
:10F9F00084F82B50F5F31CF34FF40023A3634FF46A
:10FA00000003E363074B20632364074B6563DB69F3
:10FA10006564A36038BD00BF1860010044454247DB
:10FA2000403901001C2B0900706001004369142B50
:10FA300001DDFAF317B57047436910B50A2B044688
:10FA40000ADD064901220346FFF784FF2046012113
:10FA5000BDE8104007F096BA10BD00BF891600003F
:10FA6000C36910B5590704460CD5074B0022196825
:10FA7000FBF3B4F00549204610222346BDE81040B0
:10FA8000FFF768BF10BD00BF2C040000FDB180006F
:10FA9000134B13B51360134601E0114C1C60043383
:10FAA000ADF17C04A342F8D3C41C24F003040D4B35
:10FAB000091B0D481960002303600C4808390360D6
:10FAC0000B4884E80A0003600A4802600A4802F50D
:10FAD00000520260094A1360EAF7C6FE44601CBD8A
:10FAE0004B415453F4030000140400004804000088
:10FAF000046001006860010010600100F003000074
:10FB000008B500211420EAF7BDFE054B002118605E
:10FB10001422F0F3C7F3BDE80840F5F301B100BFCC
:10FB2000300400002DE9F0474D1C2946824605F0BF
:10FB3000A1FB134C206000B34FEA85094846002121
:10FB4000EAF7A0FE0F4F804638600F4E68B14A4674
:10FB50000021F0F3A7F320680021F0F33FF73B68A2
:10FB600000221A603560BDE8F0875046216805F034
:10FB7000D5FBC6F80080C4F80080BDE8F08700BF60
:10FB8000F8030000E803000004040000F0B5184F7B
:10FB900085B00F21386805F0C3FA0F2803903E4660
:10FBA00024D184200021EAF76DFE124C2060D0B1F0
:10FBB00000218422F0F376F30025012304AA42F801
:10FBC000043D00950195386821684FF4F06305F015
:10FBD000D5FA0130206803D03221ECF751FA05E064
:10FBE000EAF7D8FE2560306805F0B8FA05B0F0BD38
:10FBF0002C04000044040000B1F5E06F73B5044626
:10FC00000E46154606D103690091002101911E6838
:10FC10000A460CE00D4B00221868FBF3B9F10146CF
:10FC200080B123690022009601921E6820462B466F
:10FC3000B04738B1064BA0611A68656122621C604A
:10FC4000002001E04FF0FF307CBD00BF0004000049
:10FC5000F85F01002DE9F84310200C460021914681
:10FC60009846EAF70FFE054620B3144E3068FAF3C3
:10FC7000EDF3099B074623B9306821464A46FBF35A
:10FC800087F13068FAF35CF501238340089AEB6052
:10FC9000AA600B4AC5F8048011681560094A2960FA
:10FCA000116830680B4313603946FBF37FF1002085
:10FCB000BDE8F8836FF01A00BDE8F8830004000087
:10FCC0003C0400001004000013B500210446FBF3BF
:10FCD0006DF1174B1860174B00F570601860636981
:10FCE000222B12DDE36958060FD540F627010022CA
:10FCF0002046FAF311F501462046FBF357F10E4B6F
:10FD0000002118602046FBF351F100204FF4006100
:10FD100002460A4B00900190FFF79CFF28B101209A
:10FD200002B0BDE81040F4F377B602B010BD00BFDA
:10FD3000240400009460010034040000E9B1800054
:10FD400073B5374B374C0193374B002120222046A7
:10FD50001D682669F0F3A6F201232360334B266168
:10FD60001B68E36145F8044C00F048FCADF5FE511A
:10FD70003C390A462E48FFF78BFEF4F33DF3F4F3CB
:10FD8000A5F700F073F8FFF721FE002006F0D4FD80
:10FD9000284D294C286007F00FFA2060FFF794FFE8
:10FDA000FFF7AEFE206800F029FB206806F0E8FDB2
:10FDB000224B20681A6802F580321A60204B1A68BC
:10FDC00002F580321A601F4B1A6802F580321A6001
:10FDD00000F0C0F800221C481C49F5F3E7F00222AD
:10FDE0001B481C49F5F3E2F000221B481B49F5F3C0
:10FDF000DDF000221A491B48F5F3D8F02068FFF720
:10FE000015FE2068FFF718FE2068FFF729FE286816
:10FE100040F28F11FFF786FEFFF7B8FE20687CBD29
:10FE2000ADDEADDE70600100945C01009060010009
:10FE30008C6A03002C04000000040000F40300009E
:10FE400014040000046001008DDA890089190000A3
:10FE50001385890041B48000943B010091B6800075
:10FE60001DB28000973B01007047000070B5174D30
:10FE70002C682CBBB0202146EAF704FD286010B3A3
:10FE80002146B022F0F30EF24FF4806021462E6836
:10FE9000EAF7F8FCB060286886681EB9EAF77AFDD0
:10FEA0002E600DE04FF48062C26021463046F0F3D0
:10FEB000F9F12B68064A20461360064A536170BD6B
:10FEC0004FF0FF3070BD4FF0FF3070BDA8600100F3
:10FED000500400007060010070B5184C054623689E
:10FEE00033B9174E33680BB9FFF7C0FF336823608F
:10FEF000206808B300230360C0F89C3043600123EE
:10FF000080F8A4306B6C0E3B012B03D928460D49B9
:10FF1000FFF7C0FC0C4B9A6812B12268C2F89C3003
:10FF200020680123C0F89C30F5F31EF0074808490B
:10FF30002268F5F33BF0206870BD00BF500400005C
:10FF4000A8600100716C010098600100242B8700FB
:10FF500011BE800010B50023044610220A49FFF7A5
:10FF6000F9FC00212046FAF365F7002220464FF401
:10FF7000A051EDF76DFF054B002220469A60BDE8C9
:10FF80001040FFF7A9BF00BFE5BC800098600100EA
:10FF900038B504460D4651B11020F5F39FF1044BDE
:10FFA000186020B180E830004FF4F063836038BD02
:10FFB000AC600100134B02461B68006810B500F4EA
:10FFC0007041DC1E090B042C08D800F47060000A94
:10FFD0000E30012313FA00F0484310BD072B0CD854
:10FFE000002010BD43F480741461146C013304F0DC
:10FFF0007F0401346403001901E0002318468B429A
:020000041003E7
:10000000F0D110BD5014000003684068181823F0A8
:100010000703083398428CBF00200120704700007E
:10002000044B054A186890421ABF00F108021A6092
:1000300000207047A05C0100001000002DE9F34192
:1000400090E8480023F00704083413F0070202D1B7
:100050009D19AC424AD035468068002203E0875C97
:100060000DF802700132B242F9D19E18A64204D9AD
:1000700000293DD0361B951B00E0002623F0070722
:10008000C7EB030C002204E012F8078000F802809E
:1000900001326245F8D18218002003E01DF800709B
:1000A00017540130A842F9D15B195219E71A002000
:1000B00004E013F800C002F800C00130B842F8D1E3
:1000C000002E18DD00AB5D190023EA5CCA54013331
:1000D000B342FAD1C918E4180022C3F1080302E0C0
:1000E000A05C885401329A42FAD104E0104603E041
:1000F0004FF0FF3000E00020BDE8FC812DE9F04723
:100100001C4B1D4C0026C4EB03081C4B4FEAA808EF
:1001100003FB08F8474629E02368D4F808A023F039
:10012000070900251AF8052015F809309A4202D06F
:100130000120F4F371F40135082DF3D12046FFF7C7
:1001400063FF88B90E4B054603EBC70A013705EB81
:1001500009031AF805201B7A9A4202D00120F4F311
:100160005BF40135082DF2D101360C344645D3DB62
:10017000BDE8F0879013000000100000ABAAAAAA07
:1001800000080000144B2DE9F0471B68134D9B68D5
:10019000134F03F00F097F1B0123124A03FA09F9D9
:1001A000BB1002FB03F80026444606E02846FFF792
:1001B0002BFF00B9013401360C354645F6DB2246EB
:1001C000BB104FF0553404FB032307484946BDE8F4
:1001D000F047F0F38DB000BF4C1400000010000099
:1001E00090130000ABAAAAAAA93B010041F4003178
:1001F00038B5426304460163652502E00A20F4F342
:1002000055F5236B002B01DB013DF7D138BD836A27
:1002100043F0004383627047836A23F000438362A4
:100220007047F8B58668054601240F4606F00F06AC
:10023000FFF7F2FF14FA06F6AC62EF62002405E065
:10024000A1B228460022FFF7D1FF0134B442F7DB08
:10025000F8BD00002DE9F041FFF7E2FE194E1A4B00
:10026000DFF87080194FF61A194BC8EB0707002802
:1002700014BF05461D4604465D1BFFF783FF47B1CB
:10028000002140463A46F0F30DF040463946F4F37B
:1002900083F146B100210C483246F0F303F00A48DE
:1002A0003146F4F379F155B1002120462A46EFF3A7
:1002B000F9F720462946BDE8F041F4F36DB1BDE8F9
:1002C000F08100BF90130000001000000008000043
:1002D00000100000C5040000424B2DE9F74F1D68D7
:1002E00041492846FFF79DFF404A414BA968D31A70
:1002F000404A9B105A43019271D0012001F00F0136
:1003000010FA01F18A4201DDF4F386F32846FFF783
:1003100051FE394BA0F1040B1A6899460E2A01D8F8
:10032000861000E001264FF00008314C4CE0636875
:10033000013B072B01D8A36813B90120F4F36CF338
:100340002046FFF761FE38B9FFF76AFE074620B97D
:100350000120F4F361F300E0002720463946FFF75F
:100360006DFE10B10120F4F357F3DFF87CA0A16813
:100370002268D9F80030CAEB010122F00702C91047
:100380000E2B96BF02EA0B02324346EA920289B272
:100390002846FFF72BFFA7B12268D9F8003022F0DA
:1003A0000702CAEB07010832C9100E2B98BF02EAF8
:1003B0000B0289B28CBF324346EA92022846FFF70D
:1003C00015FF08F101080C34019B9845AFDB284666
:1003D000FFF71DFF03B0BDE8F04FFFF78FBE03B07E
:1003E000BDE8F08F4C1400000008000090130000DE
:1003F00000100000ABAAAAAA501400002DE9F74390
:100400000446FAF38BF4204600F008FA6B48EAF74A
:100410001DF92046F2F334F600F578704FF47A7344
:100420000730674FB0FBF3F038602046F2F328F650
:10043000644B654AC3186169B3FBF2F3634A22292E
:100440001360634E634D04DDE369580601D53368DC
:1004500000E02B6803F5C2630433D3F800E0306892
:100460002B68222905DDE269520602D500F5C26239
:1004700001E003F5C262043212689645F1D02229E8
:1004800005DDE269520602D500F5C26301E003F51D
:10049000C2630433D3F80080EAF7B8F831688146C4
:1004A00060692A681025222805DDE3695B0602D50C
:1004B00001F5C26301E002F5C26304331B6898458D
:1004C000F1D0222805DDE3695E0602D501F5C2639D
:1004D00001E002F5C2630433013DD3F80080E2D1AC
:1004E000EAF794F83A68C9EB0006B2FA82F39A4048
:1004F000191FB2FBF6F2384B01321A604FF47A73CF
:10050000A2FB03233548CA400160C1F1200113FA60
:1005100001F08018ECF742FB396804230FE0B5FACC
:1005200085F2B6FA86F0013A8242A8BF02469640AA
:1005300095409B18B6FBF1F201FB1266551915F0B8
:10054000404FECD0264A1360264B40F2FF321D602C
:10055000236A002B244BC8BF6FF07F421A60636987
:10056000222B0CDDE369580609D5002040F627014F
:1005700002461E4B00900190FFF76CFB05E0204601
:100580001A4920220023FFF7E5F900201849F0F36B
:1005900001F5184D286078B10120F4F36DF2204682
:1005A0002D68F2F36DF5B5FBF0F04FF47A75454325
:1005B000114BA5F5FA651D60BDE8FE83E91E00003C
:1005C000A45C01003F420F0040420F00B403000052
:1005D0003404000024040000A8030000AC03000061
:1005E000A4030000A0030000B003000019B98000BC
:1005F0008C85020084040000800400000D4B002163
:100600001A6842F010021A601A6822F400721A6026
:10061000094A136843F0807343F480331360074B37
:1006200007221A6043F8041C59685A60044B2022C0
:100630001A60704714ED00E0FCED00E0241000E0CB
:1006400000E400E070B504460E46FAF367F3204676
:10065000F9F3FCF60546EAF75BFD40F62A0102468F
:100660002046FAF395F48269436926B142F00042CC
:1006700043F0004303E022F0004223F00043826194
:10068000294643612046BDE87040FAF38FB42DE956
:10069000F84304461E4690460D46FAF33FF32046C3
:1006A000F9F3D4F64146324607462046FAF370F491
:1006B0002046FAF345F00646EAF72AFD40F62A01FD
:1006C00002462046FAF364F44FF00108814685B1F2
:1006D00008FA06F5836933EA050502D14046E9F7D1
:1006E00087FF01360120B040E9F774FFC9F81850C0
:1006F0000EE0701C08FA06F608FA00F0E9F778FF39
:100700004046E9F767FFD9F818301E43C9F818606A
:1007100020463946BDE8F843FAF348B4034630B101
:10072000002000E01046421C5B08FBD17047704778
:100730000346032B10B510460C461DD8FAB1022B08
:100740000BD0032B14D0012B03D0FFF7E7FF0D4B89
:1007500006E0FFF7E3FF0C4B02E0FFF7DFFF0B4B78
:10076000186043F8044C5A6804225A60002010BDF7
:10077000FFF7D4FF064BF3E76FF0010010BD6FF0F9
:10078000010010BD241000E0341000E0441000E02F
:10079000541000E050B1431E034207D0002300E094
:1007A00013465A1C4008FBD10120984070470000B6
:1007B00070B5EAF7E3F90446EAF7DAF9164E2418B9
:1007C00026F4FE4626F0FF0606F50046A41B1ED0C2
:1007D0000125B4F5004F0FD3284631464FF40042AF
:1007E000FFF7A6FFB0B90135EDB2042DA4F5004422
:1007F00006F50046EDD170BD20465CB1FFF7CAFF9B
:10080000314602462846BDE87040FFF791BF4FF0E1
:10081000FF3070BD70BD00BF8C6A03002DE9F84346
:100820000446FAF37BF2204640F60E010022FAF36A
:10083000AFF30546002838D02046FAF36BF20146A4
:1008400018B920460A46F9F3F5F520462F68D5F881
:100850000080F9F303F60428064605D825D108F4EC
:10086000E028B8F5403F20D100205049F0F392F342
:10087000D8B907F0F0073F090FE0013F072E2F61BD
:1008800008D90C2E06D02B6C03F44063B3F5406FEF
:1008900000D010B1464B01206B61002FEDD1D5F88F
:1008A000E83123F01003C5F8E831EAF731FC40F6EF
:1008B0002A0102462046FAF36BF33E4D06462860B5
:1008C000EAF726FC314602463B48EFF311F5204695
:1008D000F9F3C4F5394B18602B681A6842F080723E
:1008E0001A601A6842F002021A600022C3F8E0217E
:1008F0006269272A05DDD3F8E02142F04002C3F8FF
:10090000E02140F2DD5602E00A20F4F3CFF12B683B
:10091000D3F8E0319B0301D4013EF5D100210B4611
:1009200020464FF40062FFF7B2FE00210B4620463E
:1009300040F61202FFF7ABFE00210B46204640F6C0
:100940002902FFF7A4FE20460121FFF77BFE0020CD
:100950001B49F0F31FF300B32046F9F377F5064681
:10096000EAF7D6FB40F62A0102462046FAF310F3D6
:10097000D0F814900746D0F898802046F9F366F531
:100980000123834043EA09037B6148F00103C7F870
:10099000983020463146FAF309F32B681A6A42F080
:1009A00003021A62BDE8F843FFF702BF9785020011
:1009B000FF7F0121B0600100BB3C0100B860010075
:1009C000A28502000721C0F8A4114021C0F8A81197
:1009D0004FF4F061C0F8C8111821C0F8CC110821FB
:1009E0000122C0F8D01106210A23C0F89C21C0F8CA
:1009F000B021C0F8DC11C8221C21C0F89831C0F821
:100A0000B42120231022C0F8E0110C21C0F8A0313D
:100A1000C0F8BC31C0F8C031C0F8C421C0F8D4312E
:100A2000C0F8E4110323C0F8E8210421C0F8F02144
:100A30000022C0F8D831C0F8EC11C0F8F421C0F899
:100A4000FC21C0F80032704741F2E443984206D1DD
:100A500044F2F4300B1A584240EB03007047002078
:100A60007047D0F81C1238B5044659B1806804F0BC
:100A7000D0FB0546D4F81C02F4F33CF40023C4F880
:100A80001C3200E00D46284638BD7FB504460623DB
:100A900084200393F4F31CF4C4F81C02B8B10021C1
:100AA0008422EFF3FFF300251C23A068D4F81C1266
:100AB00003AA0095019504F061FB0646013008D1B8
:100AC000D4F81C02F4F316F4C4F81C5201E04FF001
:100AD000FF36304604B070BD2DE9F04104460D46A6
:100AE0001646984640F2E93702E00A20F4F3DEF0B9
:100AF00063691A6D002A04DA013FF6D13846BDE871
:100B0000F081069A46443602B2F1807F46F00046F4
:100B100003D12A7842F08072B6181E6540F2E93699
:100B200002E00A20F4F3C2F063691B6D002B03DBC3
:100B30002B700120BDE8F081013EF2D13046BDE8C6
:100B4000F08100002DE9F0438BB01D46DDF84890A0
:100B50009F4B0846C3F8009011461746FFF774FFF5
:100B6000002800F030814FF40B70F4F3B1F3044629
:100B7000002800F0298100214FF40B72EFF392F36B
:100B8000A560C4F814902046FFF71CFF914B1E6827
:100B9000C4F818621EB13678003618BF012604F179
:100BA0002808404602214122F0F382F400230093FA
:100BB00001930293384629464A46139B06F024FBCC
:100BC000E060002800F0FA80F9F338F42060E06873
:100BD000F9F344F46769804A7B68804903F00103B4
:100BE00083F00103D4F800C0002B18BF114684F82D
:100BF0007A3140F629039C456060D4F808E0E26849
:100C000007F5007303D110B107F5087701E007F588
:100C100004770097D4F8BC010190D4F8C001029089
:100C2000D4F8C80103904FF0FF300490D4F8C40109
:100C300005900820069000200790704604F04EFCB6
:100C40006062002800F0BA80D4F81812644FB9B17D
:100C50000B78ABB1D7F8B030984762492246D4F848
:100C60001802F0F32DF3D4F818025F49224604F07D
:100C7000F1FA2EB12046FFF708FF002840F09E80D1
:100C800002210A46D7F8B830606A9847204600210A
:100C9000E2682B4600F06EF92061002800F08E809B
:100CA00000210B462046514AF3F336F50023C4F8E1
:100CB000940184F87D314E48F5F304F010B3EFF35E
:100CC00047F5012383404B48C4F88431F4F3FAF725
:100CD00010B1EFF33DF508B1D4F88401C4F88801F0
:100CE00045490020F0F356F1030CA4F88C31A4F828
:100CF0008E013BB100212046404A0B46F3F30CF530
:100D0000C4F8900100203E49F0F344F1012808BFE7
:100D100084F822022046F6F391F4002835D0002012
:100D20000125C4F8A40184F82A523649F0F332F1BF
:100D300020B184F805523448EFF3DAF20020334949
:100D4000F0F328F1C0B28DF8260068B100F00F0072
:100D50004FF080730AA901F8020D4FF4407200931E
:100D600020460F23FFF7B8FE0AA9082301F8013D2A
:100D7000636900221D6F1A674FF08073009320464D
:100D8000F023FFF7A9FE63691D6721492246214828
:100D9000F4F30CF12048F3F3ABF7204B04F5847225
:100DA000511C1A600332DA60D4F8F020596004F55F
:100DB00085719960C3F810805A6105E02046F4F30C
:100DC00099F2002400E0044620460BB0BDE8F08311
:100DD0008804000044040000B9850200CB850200AD
:100DE00010A7880051E78000CDE7800091F08000D7
:100DF000E08502000A86020002860200EDE680001D
:100E0000D5850200C1850200E9850200AD8502009A
:100E100095E68000E03C0100F9E28000BC60010042
:100E200038B50025044680F87951006900F0DEF8F5
:100E30002046F6F3F5F5E0682946F9F3F9F2D4F81F
:100E4000940128B1F3F3ECF3D4F89401F3F312F422
:100E5000D4F8900128B1F3F3E3F3D4F89001F3F35D
:100E600009F4E06805F078FFD4F81C3223B11B7850
:100E700013B12046FFF7F5FD2046BDE83840F4F3F6
:100E800039B210B58469A068FFF7CAFFE06805F0C1
:100E900061FD002010BD000010B5846900213422DE
:100EA00004F11C00EFF3FEF1034BA06863622462BF
:100EB000F6F32AF3002010BD91F680002DE9F347E8
:100EC000274D99462B680646072B0F46924640DC75
:100ED00005F032FD80465020F4F3FAF10446002874
:100EE0003AD000215022EFF3DDF12B68A4F81490E2
:100EF00084E848002761C4F80C80204641F2E441B0
:100F00004A4643468DE88004FFF71CFEA06010B3FC
:100F100000200A990B9A134B8DE84004FEF79AFEC5
:100F2000074618B1A068FFF77BFF12E0A068F6F350
:100F300067F12B68A0610F210B4A3046EFF318F2DE
:100F4000F7730A483146EFF3D3F12B6801332B6076
:100F500002E0002400E004462046BDE8FC8700BF14
:100F6000D4600100C1F680003386020013860200BF
:100F7000F4F3C0B12DE9F0411B4F98463B7805468C
:100F8000072B144626D85420F4F3A2F1064610B3DA
:100F900000215422EFF386F13B78002286F844309A
:100FA00001333B700123B46086E82001A6F84C2091
:100FB000A6F85020A6F84E20A6F85220B3640420CC
:100FC000F4F386F10446306440B100210422EFF3CB
:100FD00069F100E000263046BDE8F0813046F4F3C8
:100FE00089F12646F7E700BFD8600100C26B1AB14D
:100FF00000235362826B5362C068FFF7B9BF0000E1
:10100000054A064BD17E1970117F5970517F997036
:10101000927FDA70704700BF8C6A03009060010015
:101020002DE9F04F8FB0E9F7A9FD474E474D3368E2
:10103000049005932B68B3F5805F00F28180444FE4
:1010400044493868EFF3A6F701287AD02B68DFF817
:101050001C910393D9F8003000240693DFF8108127
:101060002368DFF810A10793D8F80030DFF808B143
:101070000893DAF80030384A0993DBF80030D7F8E3
:1010800000C00A93354B126819680C920B913449D1
:10109000301D0968039A0D916146CDF808C001938F
:1010A000EFF37CF021462A683868EFF3FBF02D4A15
:1010B000019BCAF800202849294A04981C60146042
:1010C0000C604FF0FF32311A3C60C9F800402C60D0
:1010D000C8F80040CBF80040EFF38CF70599019B6E
:1010E000CA439042DDF808C029D1039A06992A60C4
:1010F000C9F8001021681C4AC7F800C01160079A9F
:1011000008992260099AC8F80010CAF800200A99C4
:101110000B9ACBF800101A600F490C9B039A0B60D6
:101120000D9B0F4960460B60311DEFF337F02A68C5
:10113000301D21460FB0BDE8F04FEFF3B3B0FEE72E
:10114000FEE70FB0BDE8F08F8C6A03009C5C0100E5
:10115000985C0100828602004C14000048140000D4
:1011600050140000DDBAADBB38140000945C0100DF
:1011700044140000341400004014000070470000C4
:10118000774B2DE9F04F1B6891B0043B012B03D83E
:10119000744B1868FFF7F2FFFEF7D2FD00210446FA
:1011A000F9F334F720460021F9F300F7054658B16A
:1011B0002046F9F3B3F52B6A002B05DA2046F9F344
:1011C000ADF54FF000432B62E9F7CBFF2046F9F372
:1011D000CBF00EA90822EFF3F1F202462046D4F834
:1011E00040B00B92F9F38CF082462046F9F388F078
:1011F00081462046F9F384F080462046F9F3EEF06C
:1012000007462046F9F3EAF006462046F9F3E6F0F1
:1012100005462046F1F334F7014620460C91F1F3E0
:101220002FF784462046CDF834C0F1F329F70B9A06
:101230000C99DDF834C0029208F542484A4A05F597
:10124000424500F542400AF5424A09F5424908F58F
:10125000A87807F5424706F5424605F5A87501F559
:1012600042410CF5424C00F5A870B8FBF2F8B5FB12
:10127000F2F50CF5A87CB0FBF2F00AF5A87A09F5B6
:10128000A87907F5A87706F5A87601F5A871B1FB4E
:10129000F2F1DFF8F8E0BAFBF2FA02FB1899B7FBBB
:1012A000F2F702FB156602FB10C2CDF804E0DFF88E
:1012B000E0E02E4BB2FBFEF2B9FBFEF9B6FBFEF608
:1012C000089109922A492B4A2B480093CDF80CB07B
:1012D000CDF810A0CDF8149006970796EFF308F01C
:1012E000264840F60D0144F2F432FEF785FC38B191
:1012F000224840F6290144F2F432FEF77DFC20B981
:101300001F4A204B1D4D1A6000E00025204605F0C5
:101310001BFE44F218334FF6FF72904214BF024690
:101320001A4640F612011848FEF766FC16490028D6
:1013300018BF00214DB141B1124B28461B685B68B4
:1013400098472B6928465B6898472046F9F3E6F4EE
:101350002946FEF71DFE204611B0BDE8F08F00BF04
:10136000501400004C14000040420F007D86020023
:101370003F8602007E86020044860200A85C0100CF
:10138000D45C01008C040000945D01004039010030
:10139000A0860100084670472DE9F04FD1F8FC30D7
:1013A00091B00B9303F560630446099371E10E223B
:1013B000002320460BA9E8F3DBF50F28074620465B
:1013C00002D1E8F373F56CE100220BA91346E8F3B0
:1013D000CFF510F00E0F40F061818B4E3A0D3E407C
:1013E00040F23B43360A00F4F8789A4208924FEAFA
:1013F000181804D140F6FF739E4200F04A8100F4B1
:1014000078534FEA532B002B00F0438100F4F82A65
:1014100000F47803DB0C4FEA9A3A13EB0A020793C5
:1014200025D140F267339E4214D10CAB01930DAB32
:1014300002930EAB03930FAB049320460BA9134604
:101440000092E8F335F5002800F023810C9BC4F8E6
:1014500058331EE140F2DC539E4208D040F20B5359
:101460009E4204D040F627039E4240F01281D4F8F9
:10147000D050314605F1B60344F8237005F1C60398
:1014800044F823002046FFF785FF04EB8503C3F8EB
:10149000D40000270BE0012220460BA91346E8F3F5
:1014A00067F500F00E00022840F0F880013747454C
:1014B000F1D10CAB01930DAB02930EAB002703935C
:1014C0000FAB049320460BA93A463B460097E8F33E
:1014D000EFF420B1B94627E04FF0010900E0814662
:1014E000402300930CAB01930DAB02930EAB03931F
:1014F00000220FAB049320460BA91346E8F3D8F45F
:101500000028E9D1B9F1010F0ED00D9B002B40F05E
:10151000C5800F9B002B40F0C1800E9AB2F5805F12
:1015200040F0BC809946DBE70C9A04EB8503C3F8D6
:1015300014210E9A0127C3F8D4210CAB01930DABF3
:1015400002930EAB03930FAB0022049320460BA92A
:101550003B460092E8F3ACF460B1012F0AD10E9B38
:10156000B3F5805F06D10C9904EB8502C2F89411A3
:10157000C2F8143201370028DFD137464FF0010896
:101580002E4617E00025002300930CAB01930DAB12
:1015900002930EAB03930FAB049320460BA9424674
:1015A0002B46E8F385F408B10135ECE7002D75D042
:1015B00008F10108D845E5D135463E4600271FE031
:1015C000C02300930CAB01930DAB02930EAB0393BE
:1015D0000FAB049320460BA93A460023E8F368F4C6
:1015E00000285BD00F9B002B58D10E9BB3F5805F7A
:1015F00054D127B90C9A05F1A60344F823200137EA
:101600005745DDD1002739E000FF0F00802300930C
:101610000CAB01930DAB02930EAB03930FABBBF17D
:10162000010F0CBF3A467A1C0493204600230BA9F5
:10163000E8F33EF4089A40F23B439A420DD140F25F
:1016400035139E4209D1D4F870330C9904EB830210
:101650000133C2F87413C4F87033F8B10F9BEBB9BF
:101660000E9BB3F5805F19D1BAF1000F05D127B9F0
:101670000C9A05F1A60344F823200137079B9F42EB
:10168000C4D1B9F1000F04D1D4F8D0300133C4F87B
:10169000D0300B9B099A9342FFF489AE0023C4F823
:1016A000D03011B0BDE8F08F10B5D0F87023002312
:1016B00006E0D0F870134FF44C74C1F800490133C0
:1016C00004309342F5D110BD2DE9F84300270446BC
:1016D000154699460E46B84609E0304600210422D8
:1016E000EEF3E0F50137C6F80080B04676194F45B5
:1016F000F3DBC4F80080BDE8F88370B50D460446FE
:10170000D8B1D1B10E68C6B1B389CBB9738A03F031
:101710000303012B03D1F06908B1F3F3EBF5738AEE
:10172000201D23F0040373823146EDF361F7238912
:101730000020013B2381286070BD6FF0010070BD67
:101740006FF00F0070BD2DE9F74F0C9F0191164609
:101750009A46DDF834B0BDF838900546002857D0D9
:101760000F9B002B54D0002952D0002A50D0BBF13F
:10177000000F4DD09BF80030002B49D000F1040839
:101780004046EDF341F70446002844D0B9F1010F7B
:101790000BD157B906FB0AF0F3F39AF5074638B9AF
:1017A00040462146EDF324F735E04FF0000800E015
:1017B0008046002124222046EEF374F5019B082286
:1017C000A360638A204623F0030349EA030343F03E
:1017D000040363825946EEF33DF60023B9F1010F8D
:1017E000E3710CD1A4F814A0C4F81C80A66104F124
:1017F0002000394632465346FFF766FF01E0EB68AA
:1018000063612B89002001332B810F9B1C6004E056
:101810006FF0010001E06FF01A00BDE8FE8F2DE9C6
:10182000F84307460E461546002A2DD000282BD037
:10183000002929DD1020F3F34BF5044640B30021C5
:101840001022EEF32FF5E760242707FB06F96681E7
:101850004846F3F33DF5804630B92046F3F34AF5A8
:101860006FF01A00BDE8F88300214A46EEF31AF53E
:10187000204640F8048B41463A463346FFF724FFA2
:101880002C600020BDE8F8836FF00100BDE8F8830C
:101890006FF01A00BDE8F88370B5064660B10468C1
:1018A00054B125895DB92068F3F324F52046F3F39C
:1018B00021F53560284670BD6FF0010070BD6FF0F6
:1018C0000F0070BDFFF719BF1FB5002401920393ED
:1018D0000A46234600940294FFF735FF04B010BD7A
:1018E000FFF70BBF51B1032902D80423136003E0B3
:1018F000033121F003011160002070476FF00100F7
:1019000070472DE9F04186B005460C461E46DDF8CD
:101910003080174612B31BB1B8F1000F03D11DE0A0
:10192000B8F1000F1AD12846214605AAFFF7DAFFC1
:10193000B0B92EB1059B7B4398450FD3B3070DD1AA
:101940000D9B28460193012302930E9B214603938E
:10195000059A3B460096FFF7F6FE01E06FF00100A6
:1019600006B0BDE8F08110B5044690B1C36823B15C
:10197000406804F10C01FFF7A5FFA36823B160687C
:1019800004F10801FFF79EFF2046BDE81040F3F385
:10199000B1B410BD2DE9FF41074610200D46164693
:1019A0009846F3F395F40446F8B100211022EEF3C3
:1019B00079F4124A27606560019204F1080200235D
:1019C000029228460C2132460093FFF79AFF034605
:1019D00058B90B4A0090019204F10C020292284679
:1019E0000C214246FFF78DFF18B12046FFF7BBFFE1
:1019F0000024204604B0BDE8F08100BF90860200BC
:101A000088860200FFF7AFBF80697047008A4000F8
:101A100070470000808ACB69B2FBF0F300FB132211
:101A2000D2B242F000421B0642EA13438B6100230C
:101A300000E001338869094A002802DA9342F8D1AC
:101A400006E0934204D0C30005D4C0F34070704751
:101A50004FF6FF7070474FF6FF7070478096980002
:101A600010B58468002364694B61302CC4BFD1F881
:101A7000F43003F47E03C1F8F430BDE81040FFF702
:101A8000C9BF2DE9F041002480460F4616012546C6
:101A900040463946AA19FFF7E3FF4FF6FF73984215
:101AA00006D0A84001350443102DA4B2F0D100E0C7
:101AB00004462046BDE8F081BF230B80FF2313803E
:101AC0007047013906291DD8DFE801F0040A1C1C03
:101AD000101C17002023438240238382802310E0C0
:101AE0004023438283824FF480730AE06023438261
:101AF000402383824FF4C07303E0102343824023CA
:101B0000838203820020704701390A2919D8DFE84F
:101B100001F006080A0C0E181018181813004023BC
:101B20000CE060230AE0802308E0A02306E0C02345
:101B300004E04FF4807301E04FF4C073438220232C
:101B40008382838A428A53431B1103820020704799
:101B50006FF01600704770B50446058A8068F8F388
:101B600075F400210646A068F9F320F2A2685369D3
:101B7000222B05DDC36C9B059B0D0733DB08A3857A
:101B800010463146F9F312F2A38D6D00E81A0238BF
:101B900070BD70B5044680680D461646F9F394F0A2
:101BA00030B1204629463246BDE87040FFF769BF94
:101BB00006F5806635F8160080B270BDF8B50446AB
:101BC000806816460F46F8F341F400210546A068E8
:101BD000F9F3ECF13A4601462046FFF7DAFF2946D1
:101BE0003080A068F9F3E2F10020F8BD01392DE959
:101BF000F84F044691461E460E2971D8DFE801F0E1
:101C000008187028707070347070707070703B00BD
:101C100090F82E20838B0AB1C58C00E0C58BED1A9D
:101C2000A369D9052ED53368AB4233D3A78B36E0F1
:101C300090F82E20038C0AB1C58C00E0458CED1A7B
:101C4000A3699A051ED53368AB4223D3278C26E0BF
:101C500083694FF0020513F4806F13D03368012BB2
:101C600018D9876A02371AE0878CC58C8369ED1B07
:101C700013F4006F05E0878BC58C8369ED1B13F4AB
:101C8000407F04D135606FF01D00BDE8F88F3368E8
:101C9000AB4204D235606FF00D00BDE8F88FA0684C
:101CA000F8F3D4F300218346A068F9F37FF14FF0F5
:101CB0000008824609E008EB070220465146FFF77C
:101CC00068FF08F1010829F8020BA845F3D1A068C4
:101CD0005946F9F36BF1C6F800800020BDE8F88F93
:101CE0006FF00100BDE8F88F73B50023ADF8043044
:101CF000ADF80630836804465B690D46272B05DD89
:101D0000CB691B051B0D1B11043B06E01B2B06D8E2
:101D10004FF492629A4002D50C2383620EE0242B8A
:101D200001D0272B04D1238A7F2B05D80C2304E074
:101D3000172B01D0182B01DD1423A362EB6903F4E8
:101D4000E023B3F5803F0ED04FF00443AB61002396
:101D500000E00133AA69002A2E4A02DA9342F8D140
:101D600057E0934255D02B69A26AA3610332204603
:101D70002946FFF70EFF284BA269000903401343D1
:101D8000A36103F440730022B3F5407F84F82E2052
:101D900002D1012384F82E30A36A0DF10602043328
:101DA000A383238A2046E383E38401A9FFF784FE0B
:101DB000BDF80620BDF80430D61AB6B216B1E383DA
:101DC0006384A284A369DB050AD520462946A26A5A
:101DD000FFF7DFFE000980B200B1E083E38B00E093
:101DE000A38B2384AEB92046FFF7B5FEA36900EBB1
:101DF000D07040106084980509D5A26A2046294613
:101E00000132FFF7C6FE00096084A08401E0238C44
:101E1000A3847CBD8096980000FFFF00F8B543695D
:101E20000546152B01D0162B3CDD2846F8F340F76C
:101E30000646002836D12846F8F33CF7002833D070
:101E40002846F8F303F3314607462846F9F3AEF087
:101E50000646EAF7FDF86B690446302B04DDF169AC
:101E600001F47041090B03E0A96901F46011C90C88
:101E700091B1F36903F4E0231B0C012B03D120463D
:101E8000FFF742FE03E013B92046FFF71AFE204693
:101E90003146FFF729FF00E00C4628463946F9F3A2
:101EA00085F002E0002400E004462046F8BD08B5B5
:101EB0004368DB68984708BD08B543681B689847C6
:101EC00008BD73B5002604460196EAF7C1F84C2216
:101ED00031460546EEF3E6F16369152B2B6001D020
:101EE000162B02D9EAF7B8F868606B68D3B1AC601A
:101EF0002046F8F313F7E8602046F8F3DBF60646D1
:101F000020B92046012101AAF8F30AF76B682046A0
:101F10001B699847054636B92046314601AAF8F3B1
:101F2000FFF600E01D4628467CBD2DE9F7439946A3
:101F3000002304460F4690460193F8F3BBF605468E
:101F400020B92046012101AAF8F3EAF62046F8F369
:101F5000B1F678B12046F8F3ABF658B92046FFF752
:101F6000B0FF50B1436839465E6942464B46B047C0
:101F7000064604E06FF0180601E04FF0FF3625B981
:101F80002046294601AAF8F3CBF63046BDE8FE8389
:101F900082604160016070472DE9F041541A012CC4
:101FA0000F461E46069D0EDD2046F3F391F1804656
:101FB00070B139462246EEF3F1F0C6F800800020F9
:101FC0002C60BDE8F081002018602860BDE8F08139
:101FD0006FF01A00BDE8F0810EB4F3B581680446D5
:101FE000012945D908AB4068079A0193EEF3A8F29E
:101FF000431C064603D0A368023B984202DD002042
:10200000A06036E060683D21EEF3CAF140B3676836
:102010002568C71B21E028463A46EEF3ABF0B0B97D
:10202000EB5D3D2B13D12846EEF3E8F16268471CC7
:10203000731CDB1B521BE919D2182846EEF30EF174
:102040006368DB1B6360A368DF19A76008E02B46A9
:1020500013F8012B1D46002AFAD161688D42DAD3AC
:10206000A368701C1B1AA36063681B18636000E000
:102070000020BDE8FC4003B0704700002DE9F04FA0
:10208000BBB01A9019911B921893002B02F01C8779
:102090004FF48050F3F31CF11290002802F01487E3
:1020A00037A812994FF48052FFF772FF00214FF4C6
:1020B00080521298EEF3F6F0189A1168D9B10B78A5
:1020C000CBB1449A1368022B03D814E0013A0260A2
:1020D00000E0449802688B1813F8014C1CB913F8FF
:1020E000023C002BF2D01298EEF358F04499389A43
:1020F0000B68D318389300238DF89C304FF0FF32D3
:102100001593139301231192169302F0A8BE199907
:10211000012251F8046B0023199117921493179917
:1021200049B1F25C5F1C1092013AD2B2FD2A0FD87D
:10213000F55D9F1C0DE0F15C4A1ED2B2FD2A1091A4
:1021400003D880220D46109200E0179D5F1C00E02E
:1021500000257B19B3F5607F82F27E86109B202BD1
:1021600028D005D8152B0BD01B2B42F0708664E0CD
:102170001099222935D030D3802942F0688667E053
:10218000F3195A78F35D1202D318072B12DDBC1C29
:1021900034192246E14937A8FFF71EFF2046EEF327
:1021A0002DF1FA1C1218DE4937A8B218FFF714FFF8
:1021B00002F04DBEF4196278F35D1202D21837A80E
:1021C000D849FFF709FFE378A2781B0237A8D64960
:1021D0009A18FFF701FF02F03ABEF25D149202F086
:1021E00036BE149B0C2B02F02D869DF89C30002BE4
:1021F00042F02D86F35D042B42F0298607F1020898
:1022000006EB08042046EEF3B9F6002842F01F86DC
:1022100016F80830DB0702F11A8627A92046EEF3EC
:1022200025F31199013142F01286F3199A79DB797D
:102230001202D318119302F00ABEF319DA799B79CE
:1022400037A8BA4943EA0222FFF7C6FE02F0FFBDF3
:10225000F35DF4198F2B02F2FA8501A252F823F0F4
:10226000399301006B930100559401001599010009
:10227000F19A0100D598010053980100719801006E
:102280007B940100199B01008D9B0100B59B01000F
:10229000C99B010057BC01003B9A0100BB9801009B
:1022A000F7970100619C0100A19C01004B93010084
:1022B000E19C0100EF9C0100119D01001F9D0100A8
:1022C00017930100D992010057BC0100FD94010051
:1022D0002D9D01001195010057BC010057BC010064
:1022E00057BC0100439D0100879D01009B9D01009B
:1022F000BD9E010081A0010057BC010057BC010038
:1023000025A20100C9920100B9920100A992010021
:102310009FA30100B3A30100C7A30100DBA3010039
:1023200057BC0100E99B0100EF94010057BC01007C
:1023300057BC0100ED930100A7A60100EFA3010027
:102340006B9D0100799D0100B5A601001DB401003F
:1023500057BC010057BC010057BC010057BC01002D
:102360001D95010047A4010071A40100B3A4010060
:10237000F1A401002FA501006DA50100ABA501008E
:10238000E9A50100FDA5010057BC0100C5950100AC
:1023900057BC010057BC010057BC0100D797010092
:1023A0003195010057BC010057BC010057BC01002A
:1023B00057BC010071B4010057BC01000B9801002B
:1023C0002BA70100FBA7010051A901003BAA0100B6
:1023D00025AB01005FAB0100E7AB010035AC0100AC
:1023E00043AD0100CDAE010079AF010025B0010081
:1023F0008FB401007B9601003B97010071B0010092
:10240000ADB10100B9B20100C5B30100D5B40100FE
:10241000AFB60100E7B4010005B5010023B5010026
:1024200041B5010053B5010065B5010077B5010064
:1024300089B50100F3B50100FFB501000BB601003D
:102440002FBC010057BC010057BC010057BC010064
:1024500057BC010057BC010057BC010057BC01002C
:1024600057BC010057BC010011A6010085A6010060
:1024700057BC010057BC010001B7010069B701005A
:10248000EFB7010075B80100A1B90100B3B90100AF
:10249000BFB90100E9B90100E1BA0100D9BB0100EF
:1024A0004FEA950A5FFA8AFA4FF0000801F03CB84B
:1024B0004FEA55095FFA89F94FF0000801F005B8B5
:1024C0004FEA55095FFA89F94FF0000800F0EBBFB9
:1024D00007F1010806EB08042046EEF34FF500284B
:1024E00042F0B58416F80830D80702F1B0842046CF
:1024F00027A9EEF3BBF1119B013342F0A884F31935
:102500005A799B791202D318119302F0A0BCA378D8
:1025100062781B029A18119202F099BCDE930200B5
:1025200005890200378F0200748A0200439202007C
:10253000647837A8A54922461694FFF74DFD02F0AE
:1025400086BCE37822791B0443EA0263627837A8E9
:102550001343A2789E4943EA0222FFF73DFD02F0B1
:1025600076BCA27863781202D2189A4937A8FFF78E
:1025700033FD2279E378120237A89749D218FFF782
:102580002BFD062D42F26384A2796379120237A8EB
:102590009249D218FFF720FD082D42F25884237A81
:1025A000E2791B0237A88E499A18FFF715FD0A2D0C
:1025B00042F24D8407F10A0807F1090416F80820D1
:1025C000335D1202D21837A88649FFF705FD16F8C9
:1025D0000830325D1B0237A883499A18FFF7FCFCCC
:1025E00002F035BC814B0622B5FBF2F21A704FF0B7
:1025F0000008994624E0434610217D4A1DA8EDF3CA
:10260000B7F6434610217B4A2FA8EDF3B1F6637865
:10261000A2781DA943EA022237A8FFF7DDFC6379FF
:10262000A2791B0443EA0263E27837A813432279B4
:102630002FA943EA0222FFF7CFFC08F10108063474
:1026400099F800309845D6DB02F001BC022D06D186
:1026500037A869496278FFF7BFFC02F0F8BBA3789E
:1026600062781B0237A864499A18FFF7B5FC02F09C
:10267000EEBBA27863781202042D1A4405D923799F
:10268000E1781B0609045B181A4337A85B49FFF77A
:10269000A3FC062D42F2DB83F3199A7959791202D1
:1026A000082D0A4405D9197ADB7909061B04C918D3
:1026B0000A4337A85249FFF78FFC0A2D42F2C7831D
:1026C000F3199A7A597A12020C2D0A4405D9197B0A
:1026D000DB7A09061B04C9180A4337A84949FFF7E2
:1026E0007BFC02F0B4BB37A847496278FFF774FC63
:1026F00002F0ADBBA37862781B0237A83A499A185A
:10270000FFF76AFC02F0A3BB01350021EDB217917F
:1027100002F09DBBA378627837A83C4942EA0322C5
:10272000FFF75AFC02F093BB94F803A023794FEA19
:102730000A4A4AEA036A6378B5F1050B4AEA030AD2
:1027400048BFA5F1020BA3784FEAAB0B4AEA032A74
:102750005FFA8BFB4FF0000824E043441021244A29
:102760002FA8EDF305F699F8003010214344214AD3
:102770001DA8EDF3FDF552462FA937A8FFF72CFC55
:10278000E37822791B0443EA0263627837A8134393
:10279000A2781DA943EA0222FFF71EFC0AF1040AEF
:1027A00008F10108DFF844900434D84599F8003066
:1027B000D3DB9B4489F800B002F049BB0B4BEA081D
:1027C0001A704FF0000899464DE000BF2C940200AB
:1027D00034900200628D02005A9402008E8A020038
:1027E0008D87020088900200FF8F0200286101009F
:1027F000003E01000B3E01001F930200D98D020034
:10280000238A0200348A0200298B0200AF8D020065
:1028100043461021B14A1DA8EDF3AAF54346102105
:10282000AF4A2FA8EDF3A4F5E37822791B0443EA1D
:10283000026362781DA91343A27837A843EA0222F3
:10284000FFF7CAFBE379227A1B0443EA0263627949
:1028500037A81343A2792FA943EA0222FFF7BCFB52
:1028600008F10108083499F800309845D0DB02F0EF
:10287000EEBA94F803A023794FEA0A4A4AEA036AB7
:102880006378B5F1050B4AEA030A48BF05F1020B6C
:10289000A3784FEAEB0B4AEA032A5FFA8BFB4FF06F
:1028A00000083BE0434410218C4A2FA8EDF360F56B
:1028B00099F80030102143448A4A1DA8EDF358F5D9
:1028C00099F8003010214344874A33A8EDF350F5BE
:1028D00052462FA937A8FFF77FFBE379227A1B0422
:1028E00043EA0263627933A91343A27937A843EA22
:1028F0000222FFF771FBE37A227B1B0443EA0263A7
:10290000627A37A81343A27A1DA943EA0222FFF78D
:1029100063FB0AF1080A08F101080834DFF8CC91DA
:10292000D84599F80030BDDB9B4489F800B002F02F
:102930008EBA6E4B0C22B5FBF2F21A704FF0000803
:1029400099463EE043461021644A33A8EDF310F562
:1029500043461021634A1DA8EDF30AF543461021B2
:10296000614A2FA8EDF304F5E37822791B0443EACA
:102970000263627833A91343A27837A843EA02229C
:10298000FFF72AFBE379227A1B0443EA02636279A8
:102990002FA91343A27937A843EA0222FFF71CFBB1
:1029A000E37A227B1B0443EA0263627A37A813436B
:1029B000A27A1DA943EA0222FFF70EFB08F10108E3
:1029C0000C3499F800309845BCDB02F040BAE3784B
:1029D00022791B0443EA0263627837A81343A27882
:1029E000434943EA0222FFF7F7FA02F030BAA3782C
:1029F000627837A83F4942EA0322FFF7EDFA02F076
:102A000026BA4FF00509B5FBF9F95FFA89F94FF0DD
:102A1000000816E063781021374A2FA8EDF3A8F4D8
:102A2000237962791B0443EA0263A27837A813432F
:102A3000E2782FA943EA0222FFF7CEFA08F1010853
:102A40000534C845E6DB02F002BA37A82B496278A4
:102A5000FFF7C2FA022D42F2FA8137A82849A2787C
:102A6000FFF7BAFA02F0F3B9002237A825496378D4
:102A7000FFF7B2FA022D42F22D82012237A8214936
:102A8000A378FFF7A9FA032D02F02482022237A8C7
:102A90001C49E378FFF7A0FA042D02F0D681032247
:102AA00037A818492379FFF797FA0122139202F009
:102AB000CEB9627837A81249FFF78EFA37A81149C4
:102AC0000122A378FFF788FA02F0C1B937A80E49AE
:102AD0006278FFF781FA02F0BAB900BF003E010048
:102AE0000B3E0100163E0100223E0100286101005C
:102AF00045870200299002002E3E01006A8A0200EA
:102B0000319102009C8702005A8B0200AB1E0E2BF3
:102B100002F29D8101A151F823F000BF61990100EB
:102B200057BC010057BC010057BC010057BC010055
:102B3000D9990100A7990100879901006F990100B7
:102B400057BC010057BC0100D9990100A7990100A9
:102B5000879901006F99010037A8A9496278FFF7AA
:102B60003BFA02F074B937A8A649627AFFF734FA43
:102B70000C2D8CBF4FF009084FF0000801E04FF01A
:102B80000008F31937A89E491A7AFFF725FA0C2D89
:102B900007D9B8F1000F08BF4FF0080801E04FF067
:102BA000000807F10709984916F8092037A8FFF728
:102BB00013FA002237A8954916F80930FFF70CFAE6
:102BC0000C2D07D9B8F1000F08BF4FF0070801E03E
:102BD0004FF000084FF00009A27863788C49120288
:102BE000494437A8D21809F10909FFF7F5F9023469
:102BF000B9F11B0FF0D10C2D42F22981B8F1000F71
:102C000008BF4FF00608834CB844B04404F12409CF
:102C100098F8022098F801301202214637A8D218FD
:102C20000C34FFF7D9F94C4508F10208F0D102F055
:102C30000EB9142D19D0172D03D0132D42F0078192
:102C400019E006EB0708744998F8162037A8FFF733
:102C5000C3F9724998F8152037A8FFF7BDF937A8CE
:102C60006F4998F81420FFF7B7F9F31937A86D49A1
:102C7000DA7CFFF7B1F9A946A2464FF000082546D5
:102C8000AA786B7868491202414437A8D21808F133
:102C90000908FFF7A1F90235B8F11B0FF0D14D4635
:102CA0004FF00008227AE37960491202414437A8C4
:102CB000D21808F10B08FFF78FF90234B8F1210F91
:102CC000F0D100249AF80E209AF80D3058491202DB
:102CD000091937A8D2180B34FFF77EF9212C0AF115
:102CE000020AEFD102F0B3B8E1786278A3780091DC
:102CF000217937A8019161790291A1790391E17954
:102D00000491217A05914B49FFF766F902F09FB8CB
:102D1000A9464FF00008254615F8013FFF2B04D0C7
:102D200037A845494246FFF757F908F10108B8F1BD
:102D3000040FF1D1B9F10C0F4D4642F2888004EB3B
:102D400008035B78FF2B04D037A83B494246FFF7C6
:102D500043F908F10108B8F10C0FF0D1102D42F23F
:102D6000768004EB08035B78FF2B04D037A8324948
:102D70004246FFF731F908F10108B8F1100FF0D120
:102D800002F065B8627837A80AB1A3781BB92B495D
:102D9000FFF722F902E02A49FFF71EF9F31937A8D5
:102DA0002849DA78FFF718F902F051B8A378627869
:102DB00037A8254942EA0322FFF70EF902F047B887
:102DC000E37822791B0443EA0263627837A813434D
:102DD000A2781E4943EA0222FFF7FEF802F037B854
:102DE00037A81B496278FFF7F7F8022D42F22F80CF
:102DF00037A81849A278FFF7EFF802F028B800BF0B
:102E0000368E0200D38E02009B9302004A89020094
:102E1000D38B0200B38F0200BD8D0200E69002004A
:102E2000E7860200C68B0200E98D02009690020040
:102E3000B7860200A6870200458A02003992020086
:102E400084950200A78C02003C8D0200CB87020013
:102E5000A7940200E89402007C1C325D37A87649F2
:102E600002F00F02FFF7B8F8325D37A81209BC1C58
:102E70007249FFF7B1F8325D37A8714902F00702D5
:102E8000FFF7AAF8325D37A8D2086E4902F00302B4
:102E9000FFF7A2F801F0DBBF7C1C325D37A86A495E
:102EA00002F00F02FFF798F8325D37A81209BC1C38
:102EB0006649FFF791F8325D37A8654902F00702CD
:102EC000FFF78AF8325D37A8D208624902F00302A0
:102ED000FFF782F801F0BBBF37A85F496278FFF7C0
:102EE0007BF801F0B4BF627837A85C49FFF774F84B
:102EF000A27837A85A49FFF76FF837A85949E278FE
:102F0000FFF76AF801F0A3BF37A857496278FFF7C7
:102F100063F801F09CBF37A854496278FFF75CF86A
:102F200001F095BFA2786378120637A8504942EAAB
:102F30000322FFF751F801F08ABF627837A84D49A4
:102F4000FFF74AF8A27837A84B49FFF745F82379ED
:102F5000E2781B0237A849499A18FFF73DF801F0BB
:102F600076BF37A846496278FFF736F801F06FBFA1
:102F700037A844496278FFF72FF801F068BFA378BB
:102F800062781B0237A840499A18FFF725F801F02C
:102F90005EBF94F8028063784FEA082898441FFACD
:102FA00088F83A494FEAD82237A8FFF715F808F40D
:102FB000E062120A364937A8FFF70EF808F0F80267
:102FC000D208344937A8FFF707F808F0060252087C
:102FD000314937A8FFF700F837A8304908F0010257
:102FE000FEF7FAFF042D41F232872379E4781B02C1
:102FF0001C19A4B2E20A37A82949FEF7EDFF04F430
:10300000E062120A37A82749FEF7E6FF04F0F8024B
:10301000D20837A82449FEF7DFFF04F00602520861
:1030200037A82249FEF7D8FF37A8214904F001024A
:10303000FEF7D2FF01F00BBFF487020042880200C6
:10304000C68E020039880200BF9402003887020051
:10305000558C0200438E020093920200E693020018
:10306000478D0200D4930200B7930200E78E02005E
:10307000AC8E0200048E0200CC8D02000E90020085
:10308000438F0200F29402009B8C0200F58802003C
:10309000CC9402006D870200E4880200D9940200FB
:1030A00076920200888B0200E3890200F18E020012
:1030B000A893020000226378674937A8FEF78CFFC7
:1030C0004FF000086549A27837A8FEF785FFCDF8D4
:1030D00000802279E3781202D3180193022260491A
:1030E000434637A8FEF778FFCDF80080A2796379D0
:1030F0001202D318019302220123594937A8FEF77F
:103100006BFFCDF80080227AE3791202D3180222F5
:10311000019337A852491346FEF75EFF1E2D41F278
:103120009686627A37A84F49FEF756FFA27A37A8EB
:103130004D49FEF751FFE27A37A84C49FEF74CFFA4
:10314000227B37A84A49FEF747FFCDF80080A27BD3
:10315000637B1202D31801930522434637A84049E6
:10316000FEF73AFFCDF80080227CE37B1202D318F1
:1031700001930522012337A83949FEF72DFFCDF829
:103180000080A27C637C1202D318019305220223E3
:1031900037A83349FEF720FFCDF80080CDF8048032
:1031A000227DE37C1202D318029305226C234FF098
:1031B000010937A82F49FEF70FFFCDF80090CDF891
:1031C0000480A27D637D1202D318029305226C2332
:1031D0004FF0020A37A82749FEF7FEFECDF800A0FF
:1031E000CDF80480227EE37D1202D31802930522DB
:1031F0006C2337A81F49FEF7EFFECDF80080CDF80D
:103200000480A27E637E1202D318029305226823F3
:1032100037A81849FEF7E0FECDF80090CDF80480FD
:10322000227FE37E1202D3180293052237A8682377
:103230001049FEF7D1FECDF800A0CDF80480A37FA1
:10324000627F1B029B18029337A80A490522682354
:10325000FEF7C2FE01F0FBBD4A8902002C88020085
:10326000A6860200E4910200C29202004090020091
:103270007B94020026920200012263789C4937A8C1
:10328000FEF7AAFE4FF001089A49A27837A8FEF788
:10329000A3FECDF800802279E3781202D3180193BF
:1032A00002220023944937A8FEF796FECDF800804D
:1032B000A27963791202D318019302228E49434600
:1032C00037A8FEF789FECDF80080227AE379120252
:1032D000D3180222019337A887491346FEF77CFED4
:1032E0001E2D41F2B485627A37A88449FEF774FE38
:1032F000A27A37A88249FEF76FFEE27A37A88149A1
:10330000FEF76AFE227B37A87F49FEF765FECDF8FF
:103310000080A27B637B1202D31801930522002355
:1033200037A87549FEF758FECDF80080227CE37B74
:103330001202D31801930522434637A86E49FEF7BF
:103340004BFECDF80080A27C637C1202D31801935F
:10335000052202234FF0000937A86749FEF73CFE1B
:10336000CDF80090CDF80480227DE37C1202D318C2
:10337000029305226C2337A86449FEF72DFECDF891
:103380000080CDF80480A27D637D1202D3180293E1
:1033900005226C234FF0020A37A85C49FEF71CFE99
:1033A000CDF800A0CDF80480227EE37D1202D31870
:1033B000029305226C2337A85449FEF70DFECDF881
:1033C0000090CDF80480A27E637E1202D31802938F
:1033D0000522682337A84D49FEF7FEFDCDF8008091
:1033E000CDF80480227FE37E1202D31802930522D7
:1033F00037A868234549FEF7EFFDCDF800A0CDF8CA
:103400000480A37F627F1B029B18029337A83F4969
:1034100005226823FEF7E0FD01F019BDA27863786C
:103420001202D2183A4937A8FEF7D6FDA27963797D
:1034300012061B04D218237937A81B02D218E3788E
:103440003449D218FEF7C8FD122D41F20085A27A48
:10345000637A12061B04D218237A37A81B02D218EB
:10346000E3792D49D218FEF7B7FDA27B637B1206E4
:103470001B04D218237B37A81B02D218E37A2749F2
:10348000D218FEF7A9FDA27C637C12061B04D31898
:10349000227C37A812029B18E27B21499A18FEF77A
:1034A0009BFD01F0D4BCA27863781202D31800937C
:1034B0000222434637A81B4908F10108FEF78CFD9C
:1034C0000234C845EFDD01F0C2BCA2786378120275
:1034D000D31800930522434637A8124908F1010882
:1034E000FEF77AFD0234C845EFDD01F0B0BC00BF45
:1034F0004A890200DA8E0200A6860200F2910200DA
:10350000CF9202004B9402008A940200269202009D
:103510008692020098860200169102008C930200A7
:10352000028F0200138A0200CDF80080A27863782F
:103530001202D318019305226C2337A8BB4908F166
:103540000108FEF749FD0234D045EDDD4FEA55098B
:103550005FFA89F909F1010B09F10209B944BB4489
:1035600006EB09044FF00008CDF800802278C9EB83
:10357000040313F80B301202D318019305226823B9
:1035800037A8AA4908F10108FEF726FD0234D04504
:10359000EADD01F05CBCA37862781B0237A8A4497D
:1035A0009A18FEF719FD01F052BCA37862781B024D
:1035B00037A8A0499A18FEF70FFD01F048BCA37880
:1035C00062781B0237A89C499A18FEF705FD01F0A6
:1035D0003EBCA37862781B0237A898499A18FEF778
:1035E000FBFC01F034BC2279E37812061B04D218EC
:1035F000A37837A81B02D21863789149D218FEF736
:10360000EBFC227AE37912061B04D218A37937A8BF
:103610001B02D21863798B49D218FEF7DDFC227B9E
:10362000E37A12061B04D318A27A37A812029B1859
:10363000627A85499A18FEF7CFFC01F008BCA2789F
:103640006378120237A88149D218FEF7C5FC042D11
:1036500041F2FD832379E2781B0237A87C499A184E
:10366000FEF7BAFC01F0F3BB2279E37812061B04E3
:10367000D218A37837A81B02D21863787549D218DC
:10368000FEF7AAFC062D41F2E283227AE3791206C4
:103690001B04D318A27937A812029B1862796E49CD
:1036A0009A18FEF799FC01F0D2BBDFF8BC914FF0FD
:1036B0000108A84581F2CB832279E37812061B0426
:1036C000D218A37849461B02D218637837A8D218BB
:1036D00008F10408FEF780FC0434B8F1190F09F171
:1036E0001809E6D101F0B3BBDFF880914FF0010873
:1036F000A84581F2AC832279E37812061B04D21824
:10370000A37849461B02D218637837A8D21808F16B
:103710000408FEF761FC0434B8F10D0F09F1130938
:10372000E6D101F094BBDFF848914FF00108A845BD
:1037300081F28D832279E37812061B04D218A378D4
:1037400049461B02D218637837A8D21808F104083A
:10375000FEF742FC0434B8F10D0F09F11409E6D16B
:1037600001F075BBDFF80C914FF00108A84581F21C
:103770006E832279E37812061B04D218A378494697
:103780001B02D218637837A8D21808F10408FEF794
:1037900023FC0434B8F10D0F09F11409E6D101F04E
:1037A00056BBDFF8D4904FF00108A84581F24F8353
:1037B0002279E37812061B04D218A37849461B022B
:1037C000D218637837A8D21808F10408FEF704FC71
:1037D0000434B8F10D0F09F11409E6D101F037BB3B
:1037E000A37862781B0237A81C499A18FEF7F4FBED
:1037F00001F02DBBA37862781B0237A818499A18EC
:10380000FEF7EAFB01F023BB2279E37812061B04E2
:10381000D318A278647812029B1837A811490122A4
:103820001B19FEF7D9FB01F012BB00BF009202008A
:10383000F48F0200B79002008089020059890200CB
:10384000169102008C930200028F02009C920200EB
:10385000AF920200A9910200C0910200B98E02004D
:10386000379402003B910200998A0200628C0200A8
:103870009788020048950200F09302002279E378CD
:1038800012061B04D318A278647812029B1837A87A
:10389000974902221B19FEF79FFB01F0D8BA37A8FF
:1038A00094496278FEF798FB01F0D1BA92496278A8
:1038B00007F1020837A8FEF78FFB16F808208F499A
:1038C000120937A8FEF788FB16F8082037A88C499C
:1038D00002F00F02FEF780FB032D41F2B882E2787E
:1038E00037A88849FEF778FB07F10508227937A841
:1038F0008549FEF771FB16F8082037A8920883491E
:10390000FEF76AFB16F8082037A8814902F0030287
:10391000FEF762FB37A87F49A279FEF75DFB01F055
:1039200096BA94F8028063784FEA082898441FFA00
:1039300088F84FEAD82237A87749FEF74DFB08F4FC
:10394000806302229B0A37A87449FEF745FB08F4FE
:10395000007302225B0A37A87149FEF73DFB08F4A9
:10396000F87302221B0937A86E49FEF735FB08F0F1
:103970000E0302225B0837A86B49FEF72DFB0222DB
:1039800008F0010337A86949FEF726FB2379E4789C
:103990001B021C19A4B2E20A37A86549FEF71CFBFA
:1039A00004F4806305229B0A37A85C49FEF714FBE8
:1039B00004F4007305225B0A37A85949FEF70CFB93
:1039C00004F4F87305221B0937A85649FEF704FBD7
:1039D00004F00E0305225B0837A85349FEF7FCFAF2
:1039E00037A85249052204F00103FEF7F5FA01F069
:1039F0002EBAA27863781202D21837A84D49FEF782
:103A0000EBFA94F804E0E3784FEA0E2E00227344B8
:103A100037A84949FEF7E0FA217AE27909028A18C3
:103A200094F806E063790092A17A627A09024FEA7B
:103A30000E2E8A187344019237A800223F49FEF7E0
:103A4000CBFA227BE37A0092627B37A80192A27BB9
:103A50003B4902920022FEF7BFFAA17C627C090278
:103A60008A1894F810E0E37B0092217DE27C090241
:103A70008A180192A17D627D09028A180292217E34
:103A8000E27D09028A180392A17E627E09028A18E9
:103A90000492217FE27E09028A180592A17F627F4B
:103AA00009028A18069294F82010E27F09028A1807
:103AB000079294F8221094F8212009028A1808929B
:103AC00094F8241094F8232009028A18099294F893
:103AD000262094F82510120252184FEA0E2E0A9250
:103AE00037A8184900227344FEF776FA01F0AFB9FF
:103AF0003B910200508D0200808A0200328B02004E
:103B0000FF890200D7870200958B0200099102000D
:103B100087910200129202006E8D02009B910200BA
:103B2000118F0200D791020099940200C193020004
:103B3000D8860200458C02004A89020021870200D3
:103B4000A88B0200EE8B020094F802E063784FEA43
:103B50000E2E0122734437A8AA49FEF73DFAA17937
:103B6000627909028A1894F804E0E3780092217AD5
:103B7000E27909024FEA0E2E8A187344019237A89F
:103B80000122A149FEF728FAA27A637A0092E27A2A
:103B900037A80192227B9D4902920122FEF71CFA6E
:103BA000217CE27B09028A1894F80EE0637B009284
:103BB000A17C627C09028A180192217DE27C0902C3
:103BC0008A180292A17D627D09028A180392217EE1
:103BD000E27D09028A180492A17E627E09028A1897
:103BE0000592217FE27E09028A180692A17F627FF8
:103BF00009028A18079294F82010E27F09028A18B5
:103C0000089294F8221094F8212009028A18099247
:103C100094F8242094F82310120252184FEA0E2E22
:103C20000A9237A87A4901227344FEF7D5F901F0C8
:103C30000EB994F802E063784FEA0E2E0222734424
:103C400037A87049FEF7C8F9A179627909028A1884
:103C500094F804E0E3780092217AE27909024FEACD
:103C60000E2E8A187344019237A802226649FEF785
:103C7000B3F9A27A637A0092E27A37A80192227BA2
:103C8000624902920222FEF7A7F9217CE27B090237
:103C90008A1894F80EE0637B0092A17C627C090292
:103CA0008A180192217DE27C09028A180292A17D84
:103CB000627D09028A180392217EE27D09028A1838
:103CC0000492A17E627E09028A180592217FE27E1B
:103CD00009028A180692A17F627F09028A18079258
:103CE00094F82010E27F09028A18089294F82210B2
:103CF00094F8212009028A18099294F8242094F853
:103D00002310120252184FEA0E2E0A9237A8404989
:103D100002227344FEF760F901F099B8627837A87F
:103D20003C49FEF759F90122A37837A83A49FEF732
:103D300053F90222E37837A83749FEF74DF9637942
:103D4000227903F001031B0237A834499A18FEF7C1
:103D500043F901F07CB8A27863781202D31800937B
:103D60002822002337A82E49FEF736F92279E37876
:103D70001202D31800932822012337A82849FEF7FE
:103D80002BF9A27963791202D31800932822022317
:103D900037A82349FEF720F9227AE3791202D318D3
:103DA00000935022002337A81D49FEF715F9A27A87
:103DB000637A1202D31800935022012337A81849BE
:103DC000FEF70AF9237BE27A1B029B18009337A8BF
:103DD000134950220223FEF7FFF801F038B8A27809
:103DE00063781202D21837A80E49FEF7F5F8237946
:103DF000E2781B0237A80C499A18FEF7EDF801F09B
:103E000026B800BF4A89020021870200A88B020061
:103E1000EE8B0200E5870200F48602002D9302007B
:103E2000F5900200118802005292020094F804E01A
:103E3000E3784FEA0E6E1B049E44A3786C221B02AB
:103E40009E44637837A873449749FEF7C5F894F801
:103E500008E0E3794FEA0E6E1B049E44A3796C22BE
:103E60001B029E44637937A873449049FEF7B4F867
:103E700094F80CE0E37A4FEA0E6E1B049E44A37A9A
:103E80006D221B029E44637A37A873448649FEF76D
:103E9000A3F894F810E0E37B4FEA0E6E1B049E44F7
:103EA000A37B6D221B029E44637B37A873447F492A
:103EB000FEF792F894F814E0E37C4FEA0E6E1B04D0
:103EC0009E44A37C68221B029E44637C37A87344F3
:103ED0007549FEF781F894F818E0E37D4FEA0E6E1D
:103EE0001B049E44A37D68221B029E44637D37A869
:103EF00073446E49FEF770F894F81AE0637E4FEA57
:103F00000E2E6C22734437A86949FEF765F894F8C1
:103F10001CE0E37E4FEA0E2E6D22734437A86449FD
:103F2000FEF75AF8A37F647F1B0237A86049682216
:103F30001B19FEF751F800F08ABF94F802E063788D
:103F40004FEA0E2E7344682237A85A49FEF744F808
:103F50002279E3781202D318009368226C2337A8E1
:103F60005549FEF739F8A27963791202D318009304
:103F700068226C2337A85149FEF72EF8227AE3799C
:103F80001202D318009368226D2337A84A49FEF71E
:103F900023F8A27A637A1202D318009368226D2361
:103FA00037A84649FEF718F8227BE37A1202D318A5
:103FB0006822009337A813463F49FEF70DF8A27B0D
:103FC000637B1202D3186822009337A813463B493B
:103FD000FEF702F894F810E0E37B4FEA0E2E7344EC
:103FE0006C2237A83349FDF7F7FFA27C637C1202ED
:103FF000D3186C22009337A813462F49FDF7ECFF26
:10400000227DE37C1202D3186C22009337A813465A
:104010002A49FDF7E1FFA27D637D1202D3180093C8
:104020006C2207F118086D2337A82349FDF7D4FF48
:1040300016F80820E37D1202D31800936C226D233A
:1040400007F11A0937A81D49FDF7C6FF16F8092020
:10405000637E1202D31800936C22682337A8164996
:10406000FDF7BAFF227FE37E1202D31800936C2281
:10407000682337A81149FDF7AFFFA37F16F808E0C2
:104080001B026822734437A80D49FDF7A5FF94F879
:10409000203016F809401B0237A809496C221B1969
:1040A000FDF79AFF00F0D3BE328C02008F9502001C
:1040B000DC920200248F0200D78F0200428B0200A4
:1040C000688B02006378002237A8AA4903F01F0317
:1040D000FDF782FFA378012237A8A64903F01F034A
:1040E000FDF77AFFE378022237A8A24903F01F0305
:1040F000FDF772FF6279237902F01F020092A27924
:1041000037A802F01F020192E2799B4902F01F02D8
:10411000029203F01F030022FDF75EFF627A237A0A
:1041200002F01F020092A27A37A802F01F02019249
:10413000E27A914902F01F02029203F01F0301226A
:10414000FDF74AFF627B237B02F01F020092A27BF5
:1041500037A802F01F020192E27B874902F01F029A
:10416000029203F01F030222FDF736FF00F06FBE3C
:104170006378002237A8814903F03F03FDF72CFF45
:10418000A378012237A87D4903F01F03FDF724FF20
:10419000E378022237A8794903F01F03FDF71CFFDB
:1041A0006279237902F03F020092A27937A802F0E7
:1041B0003F020192E279724902F03F02029203F05B
:1041C0003F030022FDF708FF627A237A02F01F0204
:1041D0000092A27A37A802F01F020192E27A68499F
:1041E00002F01F02029203F01F030122FDF7F4FE0A
:1041F000627B237B02F01F020092A27B37A802F0B1
:104200001F020192E27B5E4902F01F02029203F05C
:104210001F030222FDF7E0FE00F019BE00226378C2
:1042200037A85849FDF7D8FE0122A37837A8554989
:10423000FDF7D2FE0222E37837A85249FDF7CCFE03
:104240000022237937A85049FDF7C6FE0122637981
:1042500037A84D49FDF7C0FE37A84B490222A37984
:10426000FDF7BAFE00F0F3BD94F8028063784FEAE0
:10427000082898441FFA88F84FEAD833009305229B
:10428000002337A84149FDF7A7FE08F4F043DB12ED
:1042900000930522002337A83D49FDF79DFE08F451
:1042A000E0631B1200930522002337A83949FDF76C
:1042B00093FE08F08003DB1100930222002337A84D
:1042C0003249FDF789FE08F07803DB1000930222E3
:1042D000002337A82E49FDF77FFE08F0070300935F
:1042E0000222002337A82B49FDF776FE2379E478D4
:1042F0001B021C19A4B24FF000084FEAD439052262
:10430000682337A8244904F4F04A4FEAEA2A8DE8E2
:10431000000304F4E064FDF75FFE0522682337A87C
:104320001E4924128DE80005FDF756FE682337A8C4
:104330001B490522CDF800800194FDF74DFE0522B2
:1043400037A86D2314498DE80003FDF745FE0522CB
:104350006D2337A811498DE80005FDF73DFE37A80C
:104360000F4905226D23CDF800800194FDF734FE3E
:1043700000F06DBDB18C0200668902003289020036
:10438000C39002004C8E02007D8B02000593020058
:10439000659402004F90020005870200528A0200D5
:1043A000118E020094F8028063784FEA082898443E
:1043B0001FFA88F84FEAD83300930522012337A863
:1043C000B549FDF709FE08F4F043DB12009305221E
:1043D000012337A8B149FDF7FFFD08F4E0631B1284
:1043E00000930522012337A8AD49FDF7F5FD08F03C
:1043F0008003DB1100930222012337A8A649FDF7B1
:10440000EBFD08F07803DB1000930222012337A8AC
:10441000A249FDF7E1FD08F0070300930222012302
:1044200037A89F49FDF7D8FD2379E4781B021C19B2
:10443000A4B24FF001084FEAD4390522682337A807
:10444000984904F4F04A4FEAEA2A8DE8000304F49C
:10445000E064FDF7C1FD0522682337A892492412C4
:104460008DE80005FDF7B8FD682337A88F490522C0
:10447000CDF800800194FDF7AFFD052237A86D232C
:1044800088498DE80003FDF7A7FD05226D2337A8B5
:1044900085498DE80005FDF79FFD37A88349052272
:1044A0006D23CDF800800194FDF796FD00F0CFBCA0
:1044B00094F8028063784FEA082898441FFA88F835
:1044C0004FEAD83300930522022337A87249FDF73B
:1044D00083FD08F4F043DB1200930522022337A882
:1044E0006E49FDF779FD08F4E0631B120093052285
:1044F000022337A86A49FDF76FFD08F08003022206
:10450000DB11009337A813466349FDF765FD08F0FA
:1045100078030222DB10009337A813465F49FDF7AA
:104520005BFD022208F00703009337A813465C499D
:10453000FDF752FD2379E4781B021C19A4B24FF059
:1045400002084FEAD4390522682337A8554904F4F4
:10455000F04A4FEAEA2A8DE8000304F4E064FDF72C
:104560003BFD0522682337A84F4924128DE800053A
:10457000FDF732FD0522682337A84C49CDF80080AD
:104580000194FDF729FD6D2337A8464905228DE8E2
:104590000003FDF721FD052237A86D2342498DE870
:1045A0000005FDF719FD37A8404905226D23CDF818
:1045B00000800194FDF710FD00F049BC94F802E082
:1045C00063784FEA0E2E2822734437A83849FDF746
:1045D00003FD94F804E0E3784FEA0E2E282273449A
:1045E00037A83449FDF7F8FC94F806E063794FEA00
:1045F0000E2E5022734437A82D49FDF7EDFC237A87
:10460000E4791B0237A82B4950221B19FDF7E4FC63
:1046100000F01DBCA27863780092E2782521019217
:1046200022791DA8029262790392A2790492E2791A
:104630000592227A0692627A0792A27A0892E27A28
:104640000992227B0A92627B0B92A27B0C92E27B04
:104650000D92227C0E92184AEBF38AF637A817497E
:104660001DAAFDF7B9FCF2E37C1C325D37A81449A2
:1046700002F07F02FDF7B0FC325D37A81149D20984
:10468000FDF7AAFCE3E3A378627837A80E4942EA73
:104690000322FDF7A1FCDAE3059302006594020012
:1046A0004F90020005870200528A0200118E02001C
:1046B0004C910200148902003A3E01006891020008
:1046C000B29402006692020070910200A3786278B0
:1046D00037A8944942EA0322FDF77EFCB7E3E3786A
:1046E00022791B0443EA0263627837A81343A27855
:1046F0008D4943EA0222FDF76FFCA8E3E3782279B3
:104700001B0443EA0263627837A81343A2788749FF
:1047100043EA0222FDF760FC99E3E37822791B0467
:1047200043EA0263627837A81343A278804943EAD8
:104730000222FDF751FC8AE3A378627837A87D490D
:1047400042EA0322FDF748FC81E3A378627837A8A8
:10475000794942EA0322FDF73FFC78E3A3786278C7
:1047600037A8764942EA0322FDF736FC6FE3A378C7
:10477000627837A8724942EA0322FDF72DFC66E30E
:1047800094F801905FEA990900F061834FF0000806
:10479000A179E279090294F803E041EA02416279E1
:1047A00023790A434FEA0E2E4EEA034EA378009275
:1047B000617AA27A090241EA0241227A37A80A43C1
:1047C0000192217B627B090241EA0241E27A4EEAD0
:1047D00003030A4302925B49424608F10108FDF7D0
:1047E000FBFB0C34C845D3DB31E337A8564962786C
:1047F000FDF7F2FB2BE337A854496278FDF7ECFB99
:1048000025E3227AE17923791143A27994F803E030
:10481000114362794EEA030EA3780A434EEA030E6F
:1048200063780092227BE17A4EEA03031143A27A75
:1048300037A81143627A0A430192227CE17B11433B
:10484000A27B1143627B0A43029241490022FDF799
:10485000C3FB227EE17D237D1143A27D94F813E00A
:104860001143627D4EEA030EA37C0A434EEA030E17
:10487000637C0092227FE17E37A81143A27E4EEA3C
:1048800003031143627E0A43019294F82020E17FE2
:104890001143A27F0A43617F0A4302922C490122FD
:1048A000FDF79AFBD3E2A37864781B021C19A4B22B
:1048B00004F00F0300932822002337A82549FDF7B1
:1048C0008BFB04F0F0031B1100932822012337A86F
:1048D0002049FDF781FB04F470631B12009328222A
:1048E000022337A81B49FDF777FB37A81A4928226E
:1048F000E30BFDF771FBAAE22179E27809028A183D
:1049000094F802E063780092A27961791202521859
:104910004FEA0E2E019237A8104900227344FDF78A
:104920005BFB94E2D38802003F930200579302009E
:104930006F930200588E02006D8E0200828E02007C
:10494000978E02006890020024910200D489020030
:10495000798D0200998D0200ED92020053870200CA
:104960002179E27809028A1894F802E063780092CB
:10497000A179627909028A180192217AE279090201
:104980008A180292A17A627A09028A180392217B1C
:10499000E27A09028A180492A17B627B09028A18D2
:1049A0000592217CE27B09028A180692A17C627C36
:1049B00009028A180792217DE27C09028A1808926E
:1049C000A17D627D09028A180992227EE17D120290
:1049D00052184FEA0E2E0A9237A87B4900227344E0
:1049E000FDF7FAFA33E22179E27809028A1894F89D
:1049F00002E063780092A179627909028A18019233
:104A0000217AE27909028A180292A17A627A09026D
:104A10008A180392217BE27A09028A180492A17B08
:104A2000627B09028A180592217CE27B09028A18BE
:104A30000692A17C627C09028A180792217DE27CA1
:104A400009028A180892A17D627D09028A180992DA
:104A5000227EE17D120252184FEA0E2E0A9237A8EA
:104A60005A4900227344FDF7B7FAF0E12179E27860
:104A700009028A1894F802E063780092A1796279B9
:104A800009028A180192217AE27909028A180292AF
:104A9000A17A627A09028A180392217BE27A0902DA
:104AA0008A180492A17B627B09028A180592217CF4
:104AB000E27B09028A180692A17C627C09028A18AC
:104AC0000792217DE27C09028A180892A17D627D0D
:104AD00009028A180992217EE27D09024FEA0E2E10
:104AE0008A180A927344002237A83949FDF774FAEC
:104AF000217FE27E09028A1894F81AE0637E009210
:104B0000A17F627F09028A18019294F82010E27F47
:104B100009028A18029294F8221094F821200902BE
:104B20008A18039294F8241094F8232009028A1812
:104B3000049294F8261094F8252009028A18059208
:104B400094F8281094F8272009028A18069294F8FD
:104B50002A1094F8292009028A18079294F82C1038
:104B600094F82B2009028A18089294F82E1094F8D1
:104B70002D2009028A18099294F8302094F82F10F9
:104B8000120252184FEA0E2E0A9237A8104901223B
:104B90007344FDF721FA5AE1A37862781B0237A823
:104BA0000C499A18FDF718FA51E137A80A496278BA
:104BB000FDF712FA4BE1A378627837A8074942EA79
:104BC0000322FDF709FA42E14F8802008C890200B6
:104BD000FE940200458C0200018802007E870200DC
:104BE000E2782379120442EA03626378217A1A4355
:104BF000E379207B1B0443EA0163617994F802C0E6
:104C00000B43E17A94F806E0090441EA0061607A16
:104C100042EA0C220143A07A43EA0E2341EA002132
:104C20000091E17B207C090441EA0061607B014343
:104C3000A07B41EA00210191E17C207D090441EA49
:104C40000061607C0143A07C41EA00210291E17D8A
:104C5000207E090441EA0061607D0143A07D41EAB4
:104C600000210391E17E207F090441EA0061607E1A
:104C70000143A07E41EA00210491E17F94F82000E5
:104C8000090441EA0061607F0143A07F41EA0021FD
:104C9000059194F8231094F82400090441EA006176
:104CA00094F82100014394F8220041EA0021069182
:104CB00094F8270094F82810000440EA016094F862
:104CC0002510014394F8260041EA0021079137A8F6
:104CD0008249FDF781F9BAE0E2782379120442EAC9
:104CE00003626378217A1A43E379207B1B0443EA49
:104CF0000163617994F802C00B43E17A94F806E00D
:104D0000090441EA0061607A42EA0C220143A07A78
:104D100043EA0E2341EA00210091E17B207C090453
:104D200041EA0061607B0143A07B41EA00210191DF
:104D3000E17C207D090441EA0061607C0143A07CA4
:104D400041EA00210291E17D207E090441EA0061EF
:104D5000607D0143A07D41EA00210391E17E207F37
:104D6000090441EA0061607E0143A07E41EA00211E
:104D70000491E17F94F82000090441EA0061607F1A
:104D80000143A07F41EA0021059194F8231094F893
:104D90002400090441EA006194F82100014394F8D9
:104DA000220041EA0021069194F8270094F8281087
:104DB000000440EA016094F82510014394F82600AD
:104DC00041EA0021079137A84549FDF705F93EE082
:104DD0000B2D3CD1A37862781B02D21837A8414929
:104DE000FDF7FAF82379E2781B02D21837A83E497A
:104DF000FDF7F2F8A37962791B02D21837A83B4974
:104E0000FDF7EAF8237AE2791B02D21837A838496D
:104E1000FDF7E2F8A27A637A120237A835499A18A8
:104E2000FDF7DAF813E0E37822791B0443EA026322
:104E3000627837A81343A2782F4943EA0222FDF78C
:104E4000CBF804E00022149201E00123139310999F
:104E50007B19FF297DF463A9159A01321592159BE0
:104E60001B998B427DF453A9119A511C03D037A88A
:104E70002249FDF7B1F89DF89C3023B137A82049AD
:104E800027AAFDF7A9F8169B0A2B0CD800201D496C
:104E9000ECF3A4F038B9139929B937A81A49139A31
:104EA000FF23FDF799F8389A002302F8013B449B51
:104EB0001A9800931299189B3892FDF76DF80446E2
:104EC0001298F0F317F201E06FF0010420463BB0B6
:104ED000BDE8F08F01211391B9E700BFC28C020039
:104EE000FF8C02004F8F0200638F0200778F020059
:104EF0008B8F02009F8F02002C8E02001D900200FB
:104F0000F4890200468902009C8702002DE9F04FD7
:104F10008DB0059205468A4606A8002114229846BF
:104F20000B91EBF3BFF1594B1C78002C40F0A380A0
:104F30006B69232B0CDD1C22284621462346009456
:104F4000F5F388F2002806DA01260227B14605E0CB
:104F50000427012601E00C270326A1462846F5F385
:104F60000BF20128834602D0022813D105E028461F
:104F70005146EBF3CBF040000BE02846FCF7A1FFD5
:104F8000044638B1FCF793FFC20503D52046FCF771
:104F900093FF0B900B9800284ED0F0F399F1044644
:104FA00000286ED0BBF1010F03D0BBF1020F1BD163
:104FB0000BE00B9B002101930290059A2846534673
:104FC00000910391EBF3A0F00CE00B9A0CAB5208AC
:104FD00043F8042D284601212246FCF7A6FF0B9B2F
:104FE0005B000B93002840D122884FF6FD73013AF5
:104FF00092B29A4203D92046F0F37CF11CE0B9F159
:10500000000F03D004EB4707069719E0E319628805
:105010000693A388A7F5805707EB12221B0602EB25
:105020001343E3180793E388DB19E31808932389F4
:10503000DF19E719099703E0154B002406930126B1
:10504000169A5046009206A932464346FDF716F8D6
:1050500050B9169B28461A68D8F8001001F038FDA0
:10506000D8F800200B4B1A6014B12046F0F342F13F
:10507000064A01231370169B0020C8F80000186030
:1050800001E06FF01A000DB0BDE8F08F296101005A
:10509000608B02008893020030B51946039B049C84
:1050A00043B14CB100251D6025600394BDE830403C
:1050B000FFF72CBF184630BD204630BD014B002203
:1050C0001A70704729610100F8B50C4F06463C681C
:1050D0008CB101250BE0284600212C46E6F7C6FFDF
:1050E00020B128463146E6F7BBFF04E001353B68B6
:1050F0009D42F0D900242046F8BD00BF2C6101007C
:1051000010B5847801462046E6F7B0FF28B1204666
:105110000021E6F7A5FF002010BD4FF0FF3010BDC5
:1051200070B50C4E0D46306880B90B49E6F798FF14
:10513000012404E020460021E6F792FF01343368A1
:105140009C42F7D9034B28461D6070BD4FF0FF30DD
:1051500070BD00BF2C610100ADDEADDE064B1A68EC
:10516000194632B1012300E001339342FCD90023F8
:105170000B600020704700BF2C6101002DE9F04753
:105180000C46166882461546084684220021984639
:105190009DF82470EBF386F02046FFF795FFC0B230
:1051A000002832D0012323709DF82030A0700033F6
:1051B00018BF0123E3703C233C2EB4BFB1464FF02F
:1051C0003C09A4F80E806770A381002615E05046C4
:1051D00041463A46F0F390F030B96368002B0CBFBB
:1051E0006FF01A0000200BE0A3780136C3706368EB
:1051F000436123896060013323814E45E7DB002052
:10520000238963812B60BDE8F0874FF0FF30BDE854
:10521000F087F8B506460C4600250BE07B69304662
:10522000636000237B61FB703946E278F0F386F01F
:105230000135ADB26768002FF0D1238920465B1B92
:10524000238163895D1B6581FFF75AFFA770277073
:105250003846F8BD10B5C37C032B08D09C1D00EB6D
:10526000C40401336160A260C374002010BD4FF01C
:10527000FF3010BD2DE9F84311F01F0618BF0126BD
:1052800006EB511707F107094FEA890948460D4611
:1052900001F01F08F0F31CF0044600283BD0002169
:1052A0004A46BFB2EAF3FEF76780A580E580A460B6
:1052B00021462246002303E04FF0FF309061013386
:1052C0000432BB42F8D356B14FF0FF3202FA08F86D
:1052D0007B1D04EB83035A6882EA08025A6017F0C8
:1052E0001F0318BF012307F01F0003EB5717278088
:1052F000002203E04FF0FF358D6001320431BA42E5
:10530000F8D343B14FF0FF338340013704EB8707F5
:105310007A6853407B602046BDE8F8830846EFF387
:10532000E9B7436B23B14FF47F629A60436B05E0AA
:10533000836B4BB14FF47F629A60836B9868D0F1B6
:10534000010038BF0020704701207047034600204D
:1053500001E00130C0B25B08FBD170470B6843F439
:1053600040330B6008680B6800F4403023F440338E
:105370000B60A0F54031484240EB0100704708B592
:10538000416B09B9816B21B1806AFFF7E7FF01200A
:1053900008BD084608BD2DE9F047DDF820801F88CC
:1053A000099D1046894614461E46394642462B46FC
:1053B000EFF38EF48246E8B1012313FA07F72B6866
:1053C000013BDB19B3FBF7F35F43631EDB195F405F
:1053D00017EA090F0ED02046FFF7B8FF308050467D
:1053E000EFF380F43188204642462B46BDE8F04773
:1053F000EFF36EB45046BDE8F08770B50023012985
:105400000CBFB0F84620B0F86C2086B00493B0F81A
:105410004430120101290446ADF816300D46806A69
:1054200041F6FF7329D104AED4F8C410009604F1FC
:105430005C060196994214BF4FF480314FF400513D
:1054400004F150060DF116030296FFF7A4FF0028A1
:1054500040D0BDF81630E26D15FA03F3511EC9189D
:10546000B1FBF3F14B43A3659B1A9BB2C018A4F8A0
:105470006030049BE06363662BE004ADD4F8CC108D
:10548000009504F184050195994214BF4FF48031D1
:105490004FF4005104F178050DF116030295FFF762
:1054A0007AFFB8B1BDF81630012515FA03F3D4F828
:1054B0008420511EC918B1FBF3F14B43C4F880306E
:1054C0009B1A9BB2C018A4F88830049B2064C4F8CF
:1054D0008C30284606B070BDFFF78FBF2DE9F74F1F
:1054E0008DE803000EAEE02014469A460D9F96E824
:1054F000400ADDF84C80EFF3EBF60546002800F09B
:1055000079810021E022EAF3CDF69A4B0021B8F12F
:10551000000F08BF98460A46C5F81C802046F4F3E1
:105520008BF70C9BC0F30030AB63934B03212B60D4
:10553000002285F83000C5F834A02846EDF3F8F5D0
:10554000082205F120000199EAF384F7002385F889
:105550002730009BEC62AB62BBF1FF3F14BF5B46A0
:10556000CC23B9F1CC0F88BFC3EB0909C5F898303B
:10557000BDF84430A5F84670C5F89C309DF8483019
:10558000A5F86C60C5F8A0300C9BA5F89490002B92
:1055900045D0AA6B1368D80704D523F00103136024
:1055A000AA6B1360AB6B4FF0FF329A602046F4F3A6
:1055B00045F740F63C03984212D1E86AF4F34EF7FF
:1055C000052809D0E86AF4F349F7082804D0E86A06
:1055D000F4F344F70C2803D1AB6B4FF0FF329A6021
:1055E000AB6B9A681205120D1AB15A6842F00F029D
:1055F00001E041F6FF72C5F8CC201A6802F4E0120F
:10560000920C85F8B5201A6802F46002520D85F8F4
:10561000BA201B6803F040731B0E85F8BB30BAF14B
:10562000000F4DD06A6B1368D90704D523F001032E
:1056300013606A6B13606B6B4FF0FF329A60E86A1D
:10564000F4F3FCF640F63C03984212D1E86AF4F316
:1056500005F7052809D0E86AF4F300F7082804D014
:10566000E86AF4F3FBF60C2803D16B6B4FF0FF32C2
:105670009A606B6B9A681205120D1AB15A6842F063
:105680000F0201E041F6FF72C5F8C420C5F8C8203A
:105690001A6802F4E012920C85F8B6201A6802F437
:1056A000E072920985F8B7201A6802F46002520D80
:1056B00085F8B8201B6803F040731B0E85F8B930DD
:1056C00062680023012AC5F8A430C5F8AC3018D1AF
:1056D000A268B2F5026F03D040F63C018A4202D1C3
:1056E0004FF0004303E04FF08042C5F8A420C5F816
:1056F000A830D5F8A430C5F8AC30D5F8A830C5F836
:10570000B0302046F4F39AF640F62903984208D1C7
:105710002046F4F3A3F620B12046F4F39FF60228C6
:105720000FD92046F4F38AF640F6340398420CD1A0
:105730002046F4F393F620B12046F4F38FF60128C7
:1057400003D1002385F8313004E02846FFF717FE27
:1057500085F831002846FFF7E4FD85F8B40068B10C
:105760000D23FF2FA5F844300CD8FF2E09D80C23A9
:1057700005E000BF906101008C5001000423A5F8F2
:1057800044304FB1BC002046EFF3A2F5E86468B3A3
:1057900000212246EAF386F54EB1B4002046EFF32D
:1057A00097F5686710B300212246EAF37BF527B12D
:1057B00028460121FFF790FEC0B126B128460221FC
:1057C000FFF78AFE90B1D5F8A4305BB195F831307F
:1057D00043B9AB6DB3F1804F08D8D5F88030B3F141
:1057E000804F03D8012385F8DD3003E02846EDF330
:1057F000F9F400252846BDE8FE8F00BF10B5044629
:10580000F5F38CF2002120460A46F4F315F6C304A2
:1058100007D5204601F0DBFA00280CBF20204020ED
:1058200010BD202010BD2DE9F0470446266A09A9C5
:10583000042E666A9DF82000CCBF06F4781606F4A4
:10584000F01691E82202760C4FF000084BE031F898
:1058500028A01FFA83FCE24501EB880703D197F8E3
:1058600002C0844504D008F101085FFA88F83AE0E4
:10587000002A35D006FB08F800252EE06369204693
:10588000222B0ADDE3695A0607D540F627010022DC
:10589000F4F342F70146204600E000214FF4CC62C9
:1058A000F4F3DAF5056063692046222B0ADDE3692B
:1058B0005B0607D540F627010022F4F32DF70146D9
:1058C000204600E0002140F26462F4F3C5F509EBE4
:1058D000880353F8253001350360EBB2B342CDD3D2
:1058E000F878BDE8F087A845B1D30020BDE8F0877F
:1058F0002DE9F84304461E46002B00F0B480436AAD
:1059000002EB061503F4F8594FEA192955F8043C3F
:10591000013E0BB900279FE020469847002800F081
:105920009E80F7E70122BA4055F8103C1A4200F079
:10593000928063692046222B0ADDE3695A0607D567
:1059400040F627010022F4F3E7F60146204600E086
:1059500000214FF4C462F4F37FF5076015F90C2CB5
:1059600022B1012A19D0013275D144E06369204681
:10597000222B09DDE3695B0606D540F62701F4F327
:10598000CBF60146204600E0002140F22462F4F309
:1059900063F555F8083C03605DE063692046222BFF
:1059A0000ADDE369590607D540F627010022F4F322
:1059B000B3F60146204600E0002140F22462F4F3F1
:1059C0004BF563698046222B20460ADDE3695A06BF
:1059D00007D540F627010022F4F39EF60146204643
:1059E00000E0002140F22462F4F336F555F8083C5B
:1059F000026813432DE063692046222B0ADDE36928
:105A00005B0607D540F627010022F4F385F6014630
:105A1000204600E0002140F22462F4F31DF56369A2
:105A20008046222B20460ADDE369590607D540F659
:105A300027010022F4F370F60146204600E0002121
:105A400040F22462F4F308F555F8082C036823EAC1
:105A50000203C8F8003001374F457FF463AF103DB3
:105A6000002E7FF453AFBDE8F883000070B59D4968
:105A700004460020EBF38EF2002800F03181002074
:105A80009849EBF387F2974905460020EBF382F241
:105A9000944906460020EBF37DF215F0006500F016
:105AA000AC804FF40012002113462046E6F741FD7A
:105AB0000222062113462046F4F344F66369204689
:105AC000222B0ADDE3695A0607D540F6270100229A
:105AD000F4F322F60146204600E000214FF4C162B3
:105AE000F4F3BAF40668002506F480761BE04FF460
:105AF0007A70EFF3DBF063692046222B0ADDE3695D
:105B00005B0607D540F627013246F4F305F6014659
:105B1000204600E000214FF4C162F4F39DF40668D2
:105B2000013506F480761EB9B5F57A7FDFD170BDF8
:105B3000B5F57A7F00F0D4804FF47A70EFF3B6F0C9
:105B40000822062113462046F4F3FCF50023062123
:105B500004222046F4F3F6F54FF47A70EFF3A6F042
:105B600063692046222B0ADDE369590607D540F612
:105B700027010022F4F3D0F50146204600E0002181
:105B80004FF4C062F4F368F40568002605F00105DF
:105B90001BE04FF47A70EFF389F063692046222B03
:105BA0000ADDE3695A0607D540F627010022F4F31F
:105BB000B3F50146204600E000214FF4C062F4F343
:105BC0004BF40568013605F001051DB1B6F57A7F85
:105BD000DFD102E0B6F57A7F03D120460621082204
:105BE00079E029464FF480122B462046E6F7A1FCC7
:105BF0002046062101222B466EE0730170D54FF43A
:105C00008012134629462046E6F793FC012206211E
:105C100013462046F4F396F54FF47A70EFF346F00E
:105C20000422062113462046F4F38CF506210822AF
:105C30002B462046F4F386F54FF47A70EFF336F0F6
:105C400063692046222B0ADDE3695E0607D540F62C
:105C500027012A46F4F360F50146204600E00021C2
:105C60004FF4C062F4F3F8F30668002506F001066D
:105C70001BE04FF47A70EFF319F063692046222B92
:105C80000ADDE369590607D540F627013246F4F3E9
:105C900043F50146204600E000214FF4C062F4F3D2
:105CA000DBF30668013506F001061EB9B5F57A7F0B
:105CB000DFD102E0B5F57A7F03D120460621042228
:105CC00009E000214FF400120B462046E6F731FCB4
:105CD0002046062102220023BDE87040F4F332B5CD
:105CE00070BD00BF6853010046F29053994210B551
:105CF000044609D049F21823994207D0B1F5964FCE
:105D00000CBF1F23002302E02A2300E03C230521CF
:105D1000FF222046E6F779FC4FF4000206211346E5
:105D20002046E6F73CFC1E20EEF3C0F72046062195
:105D30004FF400020023BDE81040E6F730BC00003D
:105D4000F0B5036A466A042BCCBF06F4781606F455
:105D5000F01685B00446760C00253BE0102168461D
:105D60001F4A2B46EAF304F300206946EBF336F1B1
:105D700000282ED000210A46EAF3CCF663690746D4
:105D8000222B20460ADDE369590607D540F6270194
:105D90000022F4F3C1F40146204600E000214FF454
:105DA000CC62F4F359F3056063692046222B0ADDC7
:105DB000E3695A0607D540F627010022F4F3ACF454
:105DC0000146204600E0002140F26462F4F344F30F
:105DD00007600135EBB2B342C0D305B0F0BD00BFE0
:105DE000D5950200F0B5036A85B0042B0446466AD7
:105DF00003DD06F0F866B60D02E006F0F076760DEB
:105E000000253BE0102168461F4A2B46EAF3B0F21A
:105E100000206946EBF3E2F000282ED000210A466C
:105E2000EAF378F663690746222B20460ADDE36928
:105E30005A0607D540F627010022F4F36DF4014617
:105E4000204600E000214FF4CB62F4F305F3056037
:105E500063692046222B0ADDE3695B0607D540F61D
:105E600027010022F4F358F40146204600E0002107
:105E700040F25C62F4F3F0F207600135EBB2B3423A
:105E8000C0D305B0F0BD00BF0C990200F0B5036AA5
:105E900085B0042B0446466A01DDF60E02E006F0EA
:105EA000F056760E00253BE0102168461E4A2B4630
:105EB000EAF35EF200206946EBF390F000282ED062
:105EC00000210A46EAF326F663690746222B20469C
:105ED0000ADDE3695B0607D540F627010022F4F3EB
:105EE0001BF40146204600E000214FF4CA62F4F39F
:105EF000B3F2056063692046222B0ADDE369590687
:105F000007D540F627010022F4F306F401462046A7
:105F100000E0002140F25462F4F39EF20760013584
:105F2000B542C1D105B0F0BD1B99020000487047D1
:105F3000C0AD3A022DE9F04304460F4685B000207B
:105F4000904915461E46EBF325F060B920463946C8
:105F500015B1FFF7EBFF07E0FFF7E8FF4FF47A75A5
:105F6000B0FBF5F500E0054600208749EBF312F0A1
:105F700000F00F00012808D0022809D0834B844A82
:105F8000032814BF9146994604E0DFF8149201E01B
:105F9000DFF8109229462046FFF7A6FE2046F4F3CC
:105FA00055F2002180462046F5F300F0794B024679
:105FB000002E4BD1019303230293394620463246EB
:105FC0002B460096CDF80C90FFF72DFC07460028D5
:105FD00037D063692046222B0ADDE3695B0607D5CB
:105FE00040F627013246F4F397F30146204600E0DD
:105FF00000214FF4C062F4F32FF20268BF004FF6A5
:106000008373134007F07C0205F17F07FF09013F0E
:1060100042EA07471F4363692046222B0ADDE369F2
:10602000590607D540F627010022F4F375F301461F
:10603000204600E000214FF4C062F4F30DF2076047
:1060400096E029465448EAF353F192E000218DE8A6
:106050000A0003230293204639462B46CDF80C90C4
:10606000FFF7E1FB002D00F083802046E6F774F88F
:10607000064606E0AB4203D16369222B07DC12E03F
:106080000C36002E74D03388002BF3D170E0E36916
:106090005A0608D540F6270120460022F4F33CF3C7
:1060A0000146204601E0204600214FF4C062F4F38F
:1060B000D3F10268B37802F07C02B3EB920F57D0B1
:1060C0003579F3782D061B0505F0706503F4700330
:1060D00000214FF07F622B432046E6F796FA737952
:1060E00002211B052D4A43F400332046E6F78DFAC2
:1060F000B3686FF07F42032113402046E6F785FA2C
:1061000063692046222B0ADDE3695B0607D540F66A
:1061100027010022F4F300F30146204600E00021AD
:106120004FF4C062F4F398F102684FF68373358838
:106130001340B2787F35ED119200013D02F07C02F0
:1061400042EA05451D4363692046222B0ADDE369C7
:106150005E0607D540F627010022F4F3DDF2014682
:10616000204600E000214FF4C062F4F375F10560B1
:10617000012620464146F4F319F7304605B0BDE844
:10618000F08300BFEC950200745301008C510100B4
:106190000C52010006970200A39502000000FE1FAA
:1061A00080530100F85301002DE9F04399468BB06C
:1061B0000023079308930993036A476A042BCCBF13
:1061C00007F4781707F4F01704460D4690467F0C45
:1061D00000260CE0102103A8334A3346EAF3C8F046
:1061E000002003A9EAF3FAF620B90136F6B2BE425E
:1061F000F0D34EE008AB009309AB0193204629464B
:10620000424607ABE6F7C0FB012329464A46204633
:10621000FFF790FE20462946FFF792FD236A012BE7
:106220002CDD63692046222B0ADDE3695E0607D573
:1062300040F627010022F4F36FF20146204600E009
:1062400000214FF4C062F4F307F163690646222B84
:1062500020460ADDE369590607D540F627010022EA
:10626000F4F35AF20146204600E000214FF4C062E8
:10627000F4F3F2F0036843F480633360089B204634
:106280000093099B294601934246079BE6F7D4F801
:1062900007E0204629464A460023FFF74BFE002828
:1062A000A8D10BB0BDE8F083D59502002DE9F04FE1
:1062B000002587B004460E4604950595F4F3C6F014
:1062C000294683462046F4F371F6A14982462846C2
:1062D000EAF384F648B1012384F8603329462A465C
:1062E000EAF318F4C4F85C0301E084F860030020CA
:1062F0009849EAF373F648B10123002184F8683322
:106300000A46EAF307F4C4F8640301E084F868037A
:106310002046F3F3F5F7904B676A98428F4B94BF92
:1063200020252125A3F1080898BF984607F4F857BF
:106330003F0A08EBC50863692046222B0ADDE369A2
:106340005A0607D540F627010022F4F3E5F101468D
:10635000204600E000214FF4C462F4F37DF018F809
:10636000083C013D036063692046222B0ADDE36996
:106370005B0607D540F627010022F4F3CDF1014674
:10638000204600E000214FF4C562F4F365F058F8B0
:10639000043CA8F108080360002DCCD147E0082197
:1063A00002A86F4A2B46E9F3E3F7002002A9EAF3BB
:1063B00015F600283AD000210A46EAF3ABF3236A27
:1063C00080460C2B07DDB0F5803F04D2C3B24FEA04
:1063D000102843EA084863692046222B0ADDE36956
:1063E000590607D540F627010022F4F395F101463E
:1063F000204600E000214FF4C462F4F32DF0056064
:1064000063692046222B0ADDE3695A0607D540F668
:1064100027010022F4F380F10146204600E000212C
:106420004FF4C562F4F318F0C0F800800135BD42A6
:10643000B5D1204631464B4A1F23FFF759FA0025B4
:106440003EE00821484A2B4602A8E9F391F70020D4
:1064500002A9EAF3C3F58146002830D063692046DB
:10646000222B0ADDE3695B0607D540F627010022EF
:10647000F4F352F10146204600E000214FF4C462DB
:10648000F3F3EAF7056063692046222B0ADDE3692E
:10649000590607D540F627010022F4F33DF10146E5
:1064A000204600E0002140F22462F3F3D5F70021FA
:1064B00080460A464846EAF32DF3C8F80000013545
:1064C000BD42BED1204604A905AAE5F70FFF049FEF
:1064D00052463B463146002520460095E5F752FEE0
:1064E000384304902046F4F347F4059A049B002AAD
:1064F0003CD01A4363690592222B20460ADDE369EA
:106500005A0607D540F627012A46F4F305F101465D
:10651000204600E0002140F21C62F3F39DF763691E
:106520000546222B20460ADDE3695B0607D540F6C7
:1065300027010022F4F3F0F00146204600E000219C
:1065400040F21C62F3F388F7059B02683AE000BF53
:10655000C595020000970200BFAD3A020096020006
:10656000E79502001C970200E2950200002B2BD059
:1065700063692046222B09DDE369590606D540F6FA
:106580002701F4F3C9F00146204600E0002140F263
:106590001C62F3F361F763690546222B20460ADD8E
:1065A000E3695A0607D540F627010022F4F3B4F058
:1065B0000146204600E0002140F21C62F3F34CF754
:1065C000049B026813432B60049BABB163692046B4
:1065D000222B0ADDE3695B0607D540F6270100227E
:1065E000F4F39AF00146204600E000214FF4C36224
:1065F000F3F332F7049B0360059BABB1636920465C
:10660000222B0ADDE369590607D540F6270100224F
:10661000F4F382F00146204600E0002140F21C62C3
:10662000F3F31AF7059B0360314652462046E6F71E
:106630007EF94FF4FA60EEF339F320465946F4F34D
:10664000B5F407B0BDE8F08FF8B5044615460E4620
:10665000F3F3FCF6002107462046F4F3A7F4314695
:1066600002462B462046FFF79FFD204631462A462C
:10667000E5F7D8FD20463946BDE8F840F4F396B476
:1066800038B5036A0446012B2DD14369222B0ADD5C
:10669000C3695A0607D540F627010022F4F33CF0FF
:1066A0000146204601E0204600214FF4C062F3F38A
:1066B000D3F663690546222B20460ADDE3695B06B3
:1066C00007D540F627010022F4F326F001462046C4
:1066D00000E000214FF4C062F3F3BEF6036823F438
:1066E00000732B6038BD2CDD4369222B0ADDC369A2
:1066F000590607D540F627010022F4F30DF00146B4
:10670000204601E0204600214FF4C062F3F3A4F6D6
:1067100063690546222B20460ADDE3695A0607D540
:1067200040F627010022F3F3F7F70146204600E088
:1067300000214FF4C062F3F38FF6036843F4007353
:106740002B6038BD70470120704738B505460C46B0
:10675000FFF79CFB284621460022FFF7F3FF28465F
:106760002146BDE83840FFF781B9000038B504463E
:106770000D4600203149EAF331F440B100210A46C8
:10678000EAF3C8F12946C3B20122204603E02046BD
:10679000294601220523E5F78BFF00202849EAF36B
:1067A0001DF448B100210A46EAF3B4F12946C3B208
:1067B00009222046E5F77CFF00202249EAF30EF487
:1067C00048B100210A46EAF3A5F12946C3B20522E1
:1067D0002046E5F76DFF00201B49EAF3FFF348B1BF
:1067E00000210A46EAF396F12946C3B20622204662
:1067F000E5F75EFF002120464FF478624FF43863DE
:10680000E5F7CDFE002120464FF460424FF42043CF
:10681000E5F7C5FE4FF4C022002113462046E5F7F8
:10682000BEFE0122002120461346E5F7B8FE2046B1
:106830002946BDE83840FFF7D5BA00BF12970200DD
:10684000DB95020012990200CA95020038B5036A6E
:106850000446092B69DD4369222B0ADDC3695B0607
:1068600007D540F627010022F3F356F701462046EC
:1068700001E0204600214FF4C062F3F3EDF5026819
:1068800012F0010253D163692046222B09DDE3692E
:106890005D0606D540F62701F3F33EF70146204694
:1068A00000E0002140F26C62F3F3D6F54FF00043B4
:1068B00003604FF47A70EEF3F9F163692046222BFE
:1068C0000ADDE369590607D540F627010022F3F3F4
:1068D00023F70146204600E0002140F26C62F3F30A
:1068E000BBF505686369ED04ED0C222B20460ADD3B
:1068F000E3695A0607D540F627010022F3F30CF7A7
:106900000146204600E0002140F26C62F3F3A4F55A
:106910006D030023036005F54245064805F5A8759B
:10692000B5FBF0F56420684338BD002038BD002079
:1069300038BD00BFA086010038B5002105461020F3
:10694000E3F7A0FF002104461022E9F3ABF46560F1
:10695000204638BD08B1E4F71DB8704710B50446AD
:10696000E4F706F96060E0602068E7F716FA63680C
:10697000A0F50060206118180123A060237610BDE7
:1069800038B50546F4F3CAF11C20EEF3A1F4084C27
:1069900000211C222060E9F385F420680560FFF7E0
:1069A000DDFF044922682846BDE83840E6F726BCEA
:1069B00090040000D93F00002DE9F84F0C46F4F395
:1069C000ADF141F20100E568EEF382F400287CD0DD
:1069D00000F1010C064620E001321970D2B24346A4
:1069E00039783D460137C1B13D2903F10108F3D1A2
:1069F000327029464646002203E001323770D2B297
:106A0000664611F8017FC3EB0508B04406F1010C9E
:106A1000002FF2D11A7008F10105E768A368FB188E
:106A20009D4205D22B781BB12F4663460022D7E743
:106A300025460123E2688346BA1A2A823BE059467A
:106A400011F8012B9A4202D14FF0000C0AE0102BF2
:106A50002AD10F2AF8DC27E01BF8018F07F80C80F9
:106A60000CF1010C6245F7D101EB0208895C07EBE0
:106A7000020C4FF03D0907F8029008F1010B0CF1F0
:106A8000010701F10109002203E018F802A00CF847
:106A900002A001324A45F8D17A184FF0000C07F8ED
:106AA00001C08B44571C06E011F802B001EB020C48
:106AB0000BF1010BE344B345C1D301330235112B74
:106AC000B8D1BDE8F84FEEF315B4BDE8F88F00007B
:106AD000F8B50E4617460446F4F320F13020EEF3E5
:106AE000F7F3054668B1C660074E3023436033684C
:106AF0008760036029462046FFF75EFF356000206F
:106B0000F8BD6FF01A00F8BD9404000008B5064BFC
:106B10001B683BB9054B196821B1054B1A680AB1CE
:106B2000FFF7D6FF002008BD94040000985C010028
:106B30009C5C0100F8B5104B07461C681E46BCB1B2
:106B4000E3689BB10D4D2A689A420FD1F4F3E6F049
:106B5000E068EEF3CFF300232B6007E038462568AA
:106B6000F4F3DCF02046EEF3C5F32C46002CF5D10F
:106B700000233360F8BD00BF940400008893020036
:106B800073B5856E04466DB1D0F8CC3000EB83034D
:106B9000D3F8D420036E9A4203D1406EA84705462D
:106BA00000E000252046F3F351F4002302A941F848
:106BB000083D06466946204601AA0DF0C1FE9DE843
:106BC00006004FF4FF20E9F3E9F220463146F4F3E2
:106BD000EDF1E36E5BB1D4F8CC2004EB8202D2F885
:106BE000D410226E914202D1606E294698477CBD36
:106BF000F8B50446F0F3BAF000284FD0A56E6DB199
:106C0000D4F8CC3004EB8303D3F8D420236E9A421B
:106C100003D1606EA847054600E000252046F3F347
:106C200015F4002107462046F4F3C0F10121064681
:106C300000222046F0F3BAF04FF480110A462046B5
:106C4000F0F396F040210A462046F0F3A5F04FF00D
:106C500080710A462046F0F38BF02046FFF790FF44
:106C60000F4B0121C6F804354FF4FC73C6F8083504
:106C70000A462046F0F39AF020463946F4F396F19E
:106C8000E36E5BB1D4F8CC2004EB8202D2F8D410CE
:106C9000226E914202D1606E29469847F8BD00BF2E
:106CA000F200394001207047C36B44F258329342DE
:106CB0000DD004D844F25632934218D112E04AF66D
:106CC0002E22934208D04AF62F2293420FD1C0F8C9
:106CD00084334AF6322303E0C0F884334AF6312382
:106CE000C3637047C0F8843344F25433C3637047BE
:106CF00038B541F2E443044603630D4629B1084622
:106D00000F49EAF347F1A06240B928460D49EAF37A
:106D100041F1A06210B94FF6FF73A3620A492846F9
:106D2000EAF338F10949E0622846EAF333F1084909
:106D300060632846EAF32EF184F8550038BD00BFA1
:106D40002D990200239902006499020043990200E0
:106D50004E9902007047000030B585B001900024C4
:106D600004A840F8044D01A90422E9F317F2019D9B
:106D7000B5B12B46D3F88C2012B10022C3F88C2079
:106D800001340433102CF5D10398FEF797F90398DA
:106D9000FFF7D0FE034B9D4202D02846EEF3AAF245
:106DA00005B030BDE46101000367D0F8CC3010B508
:106DB00000EB8303029CD3F8D43044668166C2663C
:106DC000036610BD00238366C3660367704780694E
:106DD000C0F3C06070472DE9F84304461E46089D85
:106DE000099FFAF761FC00212046F4F3DFF08046AA
:106DF0002046F3F333F30A28C8BFD8F82C3060617B
:106E0000C8BFA3642228D8F80430C8BFD8F8AC2083
:106E1000A361C8BFE261DA001CD5222814DDE36952
:106E20005B0611D50022204640F62701F3F374F4E7
:106E300001462046F4F3BAF0D0F80436002163622C
:106E40002046F4F3B3F002E0D8F80436636294F815
:106E5000243023624FF4E063A3604FF0FF33E3601C
:106E600011232361A1464FF0000817E04146F4F3D7
:106E70009DF02046F3F3E2F22046F3F3EFF21EB169
:106E8000D9F814319E4203D0D9F88C309F4201D1F9
:106E9000C5F8008008F1010809F10409D4F8D030E0
:106EA00020469845E2D32968F4F380F00120BDE83C
:106EB000F883F7B5002213460D4601210446E5F795
:106EC00038FB0021282207460B4620460091F3F3A9
:106ED000C1F20646280709D0204601210622F3F315
:106EE00067F6204602210622F3F362F615F0F00F52
:106EF00004D0204600210222F3F35AF615F4706FF5
:106F00000ED0204600210122F3F352F601210A4659
:106F10002046F3F34DF6204602210122F3F348F612
:106F200001213B4620464FF0FF32E5F702FB2046A9
:106F3000002128224FF0FF330096F3F38BF2FEBDC1
:106F40000020EAF327B0000010B50C490446FFF713
:106F5000F7FF80B288B9D4F880000849EAF31AF044
:106F600080B250B9D4F880000549EAF313F04FF627
:106F7000FF7380B2002808BF184610BD6D9902004B
:106F80007B990200436907B50A2B09DD003118BF60
:106F900001210091242200210123F3F35BF201E09F
:106FA0004FF0FF300EBD07B50021F8220B460091CF
:106FB000F3F350F200F00F000EBD00002DE9FF4783
:106FC000DDF830809246DDF834900F464FF463725E
:106FD000002104461E460E9DB8F1010F08BF4FF078
:106FE0000008E9F35FF111232361C4F88860C4F855
:106FF0005C90C4F858A0C4F80480B8F1000F40F0C9
:10700000C580204641463A464B46FFF74BFE0028D6
:1070100000F0C0804FF0C0531A68130F02F47021C3
:10702000236093B202F47002120D626444F258328B
:10703000090C9342E36321640AD004D844F2563227
:10704000934208D104E0A3F52A432E3B012B02D83A
:107050002046FFF729FE636C20460E3B012B8CBFB8
:107060000023012384F84C304FF0C0513A46FAF720
:1070700093F9D4F8D030002B00F08A80002704ABBD
:1070800043F8047D8DE8480020464FF0C0513A4651
:107090003B46FFF7A0FE00287CD02046FFF736FDD8
:1070A0000F9B00950193204639463246A36DFDF7AC
:1070B000F3FF002870D105B12D683A4E20462946CD
:1070C000FFF716FE3278002A42D16369132B19DDCF
:1070D0004FF400612046F3F35BF733490746284637
:1070E000E9F37CF738B128462F49E9F353F7B0F1BB
:1070F000FF3F08BF00200023BB650399F8652046C9
:10710000F3F354F72046A16DFFF7BAFA2046A16DBC
:10711000FFF71BFB28462549E9F33CF7024620B957
:107120002046A16DFFF792FB0246C4F88823A16DAB
:107130002046FFF789FA2046FFF75AFD2046A16D49
:10714000FFF7B4F82046A16DFFF710FB0123337061
:107150002046F3F3E1F528461549E9F33FF738B146
:1071600013492846E9F316F701462046FFF7A1FE2A
:1071700028461049E9F332F778B128460D49E9F37A
:1071800009F701462046FFF7E5FD06E0002404E08C
:107190001C4602E0044600E03C46204604B0BDE840
:1071A000F08700BFE06101003E9902005B99020098
:1071B00073990200349902001FB50F4C02462378E0
:1071C000BBB910B90346014601E00C4B191D002064
:1071D0000090019002930391094844F210714FF01E
:1071E000C053FFF7EBFE28B1064B20221A600123A3
:1071F0002370034804B010BD706501006462010093
:10720000E4610100A00400002DE9FF4707464FF4A8
:107210006370884691469A460D9E0E9DEEF358F097
:107220000446C8B10C9B3946019342464B46CDF803
:1072300000A002960395FFF7C1FE074620B920463D
:10724000EEF358F03C4607E006B13668C4F88060BB
:1072500005B12D68C4F88450204604B0BDE8F0871D
:1072600070B5064686B04FF4BC70EEF331F00446BC
:10727000E8B100214FF4BC72E9F314F00D4B266025
:1072800000930D4B0025019330680C490C4A2346AE
:10729000029503950495059500F0D8FE30B94FF49A
:1072A0009663C4F8603184F8640100E02C462046FF
:1072B00006B070BDA53881005D3D8100D8D2880040
:1072C0003CC5890010B5044650B1036805491868EB
:1072D000224600F060FE2046BDE81040EEF30AB002
:1072E00010BD00BF3CC589002DE9F041054686B0C0
:1072F0008020EDF3EDF70446002844D000218022E1
:10730000E8F3D0F704236360B4232560A381A0468B
:10731000C5F85847274600260EE01C2202FB06420D
:107320003C61A8681B4910320023FAF36DF3386200
:107330001C3700282BD0013663689E42EDDB164BCC
:10734000164900930023019302930393049305933A
:107350002868134A234600F079FEC0B913E0D8F834
:10736000201031B123689868FAF336F30023C8F887
:107370002030013508F11C0863689D42EFDB204690
:10738000EDF3B8F70024204606B0BDE8F0810025F3
:10739000F2E700BF49488100A94681007CD38800FC
:1073A0007F3F890070B5044600281ED003680F494E
:1073B0001868224600F0EFFD254600260DE0296AF8
:1073C00029B123689868FAF307F300232B62E86970
:1073D00008B1EDF38FF701361C3563689E42EEDB92
:1073E0002046BDE87040EDF385B770BD7F3F890052
:1073F00010B50446C06F08B1FFF764FFD4F88400ED
:1074000008B107F0C1FED4F8800008B1FFF7CAFF49
:10741000D4F8B00008B100F013F9A06808B101F089
:10742000E3F92046BDE81040EDF364B72DE9F04FD5
:1074300007468DB0B8208A4690461D46179EEDF34C
:1074400047F70446002800F0A0804FF0000B002111
:10745000B822E8F327F7266084F88CB03846FFF7A7
:107460006BFA0BABC4F8A8B02A460190069381468C
:1074700041F2E44120463346CDF800B0CDF808A0F3
:10748000CDF80C800494CDF814B001F05DFA0546F7
:10749000002875D0A06010F06FDA2B691021E3602E
:1074A0003C4B6060A3643C4A3346276164643846C1
:1074B000E8F35EF72B69D86FF2F356F749F69813A5
:1074C00098422B69D86F06D8F2F34EF7082103468D
:1074D000324A09A805E0F2F347F7314A034608218A
:1074E00009A8E8F345F7314609AA2E4B2E48E8F3E0
:1074F000FFF63246002016992C4B8DE88001F8F7F4
:10750000A9FB064600283BD16368012783F8787001
:1075100008210A46286930F0D5DA36213A46D5F8EE
:107520009802EFF730FD2846FFF7DEFEC4F8800032
:1075300030B3284607F0F6FDC4F8840000B32846AF
:10754000FFF78EFEE067D8B16368194983F8E070F1
:10755000184B02968DE84800039604960596286815
:10756000154A234600F072FD50B9284600F032F863
:10757000C4F8B00020B111482146EDF3A9F120B1C3
:1075800020464946FFF734FF002420460DB0BDE8F1
:10759000F08F00BFBD888100DB550100E055010080
:1075A0004D4989004039010081990200FD8D81001B
:1075B0002CD58800198A810058FB8900F589810043
:1075C00001207047024B01221A70E3F763BA00BF33
:1075D000FC03000070B5064686B02020EDF37EF671
:1075E0000446F0B100212022E8F35CF64FF4E153A9
:1075F000E3804B2323810A2363810E4B2660002501
:10760000009330680C490D4A234601950295039575
:107610000495059500F01AFD30B93368012283F80E
:107620006321204606B070BD2046EDF363F62C467C
:10763000F7E700BF7D9A81008CD58800C04B890098
:1076400010B5044678B1FBF309F3236822461868A5
:10765000054900F0A0FC2046EDF34CF6236800221B
:107660001B6883F8632110BDC04B89000368D3F801
:10767000D42041F26B03116B99420BD1936AEF2B2B
:1076800028D001D8D62B04E0F52B23D040F20F11DF
:107690008B421FD0936A40F2C65293421AD040F2F6
:1076A0007452934216D0036A7F2210E0482283F876
:1076B000FD2006E002F0C002921102EB810183F886
:1076C000FD10036A93F9FD20142A0BDC482283F88D
:1076D000FD207047036A93F8FD104AB2B2F1FF3FF4
:1076E000E8D1E3E77047D0F8E81110B5044629B1B6
:1076F0008068FAF371F10023C4F8E831D4F800127D
:1077000029B1A068FAF368F10023C4F80032D4F874
:107710008434D3F8301139B1A068FAF35DF1D4F8AC
:1077200084340022C3F83021D4F8501329B1A06862
:10773000FAF352F10023C4F85033D4F8541529B1A8
:10774000A068FAF349F10023C4F85435D4F8F415CD
:1077500029B1A068FAF340F10023C4F8F435D4F855
:10776000C41729B1A068FAF337F10023C4F8C4376D
:1077700010BD10B50446006807F0D8F8D4F88006AC
:1077800020B106F021F80023C4F88036D4F87C0636
:1077900020B106F049FA0023C4F87C36D4F89C01E5
:1077A00020B108F089FE0023C4F89C31D4F88C0184
:1077B00020B101F025FE0023C4F88C31D4F840013B
:1077C00020B102F069FF0023C4F84031D4F854011D
:1077D00020B1FEF3FFF30023C4F85431D4F8300194
:1077E00020B102F019FC0023C4F83031D4F8340180
:1077F00020B102F0C1F90023C4F83431D4F83801C3
:1078000020B102F01BFB0023C4F83831204602F0FF
:10781000D5FAD4F84C0120B106F0BAFA0023C4F826
:107820004C31D4F8480120B108F078FD0023C4F8A9
:107830004831D4F8440120B106F032F90023C4F8ED
:107840004431D4F85C0120B108F016FA0023C4F8E2
:107850005C31D4F82C3113B10023C4F82C31D4F8A6
:10786000600120B104F0B4F90023C4F8603120466F
:1078700008F0AAFA204605F09FFFD4F8500120B185
:1078800005F0FAFF0023C4F85031D4F8700120B19C
:1078900001F09EFC0023C4F87031D4F8780120B1C7
:1078A00004F0A8FC0023C4F87831D4F87C0120B19E
:1078B00007F06CFE0023C4F87C31D4F8740120B1C9
:1078C00008F072FD0023C4F87431D4F8840120B1AB
:1078D00001F01CFC0023C4F88431D4F8880120B1E5
:1078E00004F0E2FB0023C4F88831D4F8780420B116
:1078F00007F0F4FC0023C4F87834D4F87C0420B1F9
:1079000007F02EFD0023C4F87C34D4F8800420B1A5
:1079100007F0C0FD0023C4F88034D4F8940120B1EE
:1079200008F0A2FE0023C4F89431D4F8640820B112
:1079300008F0F6FE0023C4F86438D4F8F80620B145
:1079400008F040F90023C4F8F836D4F89C0620B1BA
:1079500004F0E2FE0023C4F89C36D4F8A00620B15F
:1079600001F060FD0023C4F8A036D4F8CC0620B1A5
:1079700004F0BAFE0023C4F8CC36D4F8D40620B103
:1079800004F0F4FC0023C4F8D436D4F8D00620B1B7
:1079900008F084FA0023C4F8D036D4F8600820B187
:1079A00007F0D6FE0023C4F86038D4F8DC0620B116
:1079B00007F0FEFB0023C4F8DC36D4F8BC0608B19F
:1079C00005F081FDD4F8C00608B105F07CFDD4F8BF
:1079D000A00120B103F0F8FE0023C4F8A031D4F8D0
:1079E000F00620B106F0C2F90023C4F8F036D4F84E
:1079F000300720B1EDF37EF40023C4F83037D4F81B
:107A0000A40620B105F03AFD0023C4F8A436D4F84A
:107A1000940620B104F070FF0023C4F89436D4F823
:107A2000240120B108F06CF80023C4F82431D4F804
:107A3000280120B103F0A6FD0023C4F82831D4F8B2
:107A4000880420B106F0A8FA0023C4F88834D4F8DA
:107A5000E80520B104F0D2FD0023C4F8E835D4F8DD
:107A6000380620B1F9F7CEFF0023C4F83836204697
:107A7000BDE8104004F0D4BB70B5D0F8843405687C
:107A800001220446A3F89020D5F8D8003C49E9F338
:107A9000A5F240B1D5F8D8003949D4F88464E9F3A7
:107AA00079F2A6F89000D4F884346422A3F84A202E
:107AB000D5F8D8003349E9F391F240B1D5F8D800B0
:107AC0003049D4F88464E9F365F2A6F84A00D4F8A2
:107AD00084346422A3F84C20D5F8D8002A49E9F36D
:107AE0007DF240B1D5F8D8002749D4F88464E9F391
:107AF00051F2A6F84C00D4F884346422A3F8922002
:107B0000D5F8D8002149E9F369F240B1D5F8D80099
:107B10001E49D4F88464E9F33DF2A6F89200D4F843
:107B200084340122A3F89620D5F8D8001849E9F347
:107B300055F240B1D5F8D8001549D4F88464E9F37A
:107B400029F2A6F89600D4F884340422A3F89E20E3
:107B5000D5F8D8000F49E9F341F240B1D5F8D80083
:107B60000C49D4F88464E9F315F2A6F89E00D4F821
:107B700084346422A3F894200122A3F8982070BDD5
:107B8000079A0200239A0200E3990200749B020004
:107B9000CD990200B5990200F7B5036A044693F93E
:107BA000FC00421C2CD0236893F87C200A2A02D8BF
:107BB000FEF308F225E0D3F8D85014492846E9F33B
:107BC000E9F113498DF804002846E9F3E3F111497E
:107BD0008DF805002846E9F3DDF100258DF8060053
:107BE0002E4601AF7857FEF3EDF176B2E855013538
:107BF000B042A8BF0646032DF6B2F2D1304600E0EF
:107C00000820236A83F8FC00FEBD00BFF59902003E
:107C1000FB990200019A02000368D0F8842470B531
:107C2000D3F8D8500323D371D0F8842404461372B8
:107C3000D0F88424444982F8AD30D0F88424284612
:107C400082F8AE30E9F3A6F140B220B928463F49A8
:107C5000E9F3A0F140B2431E0E2B0CD80128D4F852
:107C6000842401D1002302E0022804D10123D3712E
:107C7000D4F884241372D4F8843493F81C210AB104
:107C80000322DA7132492846266AE9F383F186F83D
:107C9000FC002046FFF780FF2E492846266AE9F3BC
:107CA00079F186F8FD002046FFF7E0FC236A93F89F
:107CB000FD2083F8FE20216841F26B02D1F8D43018
:107CC000186B904229D1226A92F9FC00082824DC22
:107CD0009B6AD12B12D0E92B10D0902B0ED08B2B7E
:107CE0000CD08D2B01D10D2315E0932B0AD1B1F8C7
:107CF0007A301B051B0DB3F5826F01DC18230AE0F7
:107D00001B2308E08E2B01D1102304E0D62B01D0D9
:107D1000E42B02D1172382F8FC30236840F274521E
:107D2000D3F8D4309B6A934203D040F2C6529342B8
:107D300007D1236A93F9FC20082A02DC172283F872
:107D4000FC20012070BD00BF579A02001F9A02005C
:107D5000959B0200519A020010B504461C498068A8
:107D600022460023F9F350F6C4F8E80170B3A06886
:107D7000184922460023F9F347F6C4F8000228B355
:107D8000A068154922460023F9F33EF6C4F85003D3
:107D9000E0B1A068114922460023F9F335F6C4F892
:107DA000540598B1A0680E4922460023F9F32CF639
:107DB000C4F8F40550B10023A0680A492246F9F33B
:107DC00023F6C4F8C407003018BF012010BD00BF5F
:107DD000713D82005D01820075EF81001DFD810013
:107DE000CD378200A5CF810070B5FF220446012364
:107DF00084F8732484F8DB2241F20101D4F884244E
:107E000000260376A4F858146420032184F8400562
:107E100084F8763484F87264D171D4F8842440F6FE
:107E20002A151172A4F85A54A4F85C54A4F85E54AC
:107E3000A4F86054A4F86254A4F86454A4F86654F6
:107E4000A4F86E1440F62B150221A4F86854A4F887
:107E5000701407250421A4F86A54A4F86C14A4F83B
:107E60002E06A4F8686384F82062A4F82C6684F8CF
:107E7000346284F8236284F8216284F8F26484F81E
:107E8000B06284F8276521684FF0FF3081F85330E5
:107E900048632168204681F84130216881F84230EA
:107EA000216881F8D160216881F84360216884F8F5
:107EB0000E6284F80F62C4F8506681F8943021682D
:107EC00081F8F530216881F8F430216881F89D301F
:107ED000216881F83431216881F86931216881F89D
:107EE0002861216881F86161216881F86A612268EE
:107EF000966684F8643384F8653392F84F108907E6
:107F000018BF82F8523003230125002284F8DC31A7
:107F100084F8E4314FF44873A4F8343584F850659C
:107F2000A4F84E2584F8DC5505F096DD052384F889
:107F30002036236884F8206184F8585683F811515C
:107F400023684FF0FF31A4F87017A4F8541884F890
:107F5000736784F8A15784F8B05783F842512368B7
:107F600083F84351236883F85C61236883F8645184
:107F7000236883F86651236883F86B51236883F87C
:107F80006751236883F86851236883F83B6123684D
:107F9000C3F83C6170BD2DE9F0470F4692460028BA
:107FA00034D00468002C35D04FF00008C14628E0DA
:107FB000D4F8C40239464044E8F300F2E8B9D4F8F2
:107FC000C8324FEA890653F82930534515D1D4F801
:107FD000C43243445D6B013D5D63EDB918462946EB
:107FE0003822E8F35FF1D4F8C80229468019042248
:107FF000E8F358F12846BDE8F08709F1010908F1D6
:108000003808236893F8B4309945D1DB6FF01D0030
:10801000BDE8F0876FF01D00BDE8F087F8B50025DA
:108020000F4606682C4608E0D6F8C40239464019C7
:10803000E8F3C4F1383538B10134336893F8B4301B
:108040009C42F1DB6FF01D042046F8BD2DE9F0479E
:108050008A461146984691460468FFF7DFFF031EE3
:1080600005DA2368002693F8B42035463BE0D4F8BF
:10807000C822382042F82380D4F8C42200FB032011
:10808000436B013343630020BDE8F087D4F8C4326A
:1080900006F138019F5D98191FBB49461F22E8F37E
:1080A000D9F1D4F8C4320C999E19089BC6F820A0C7
:1080B000B362099B384673620A9BF3620B9B33637E
:1080C000D4F8183743F8351003EBC5020D9B536005
:1080D000736B01337363D4F8C83243F82580BDE86D
:1080E000F08701350E469542D0DB6FF01500BDE8F4
:1080F000F0872DE9F04107680C4615469846D7F8F9
:10810000CC02002604E003689C420BD006460069BE
:108110000028F8D111E0002303610EB1306101E0C5
:10812000C7F8CC02069B80E83001C3600020BDE8A0
:10813000F0816FF01500BDE8F0811420EDF3C8F078
:108140000028E8D1F5E7000013B5002304460093AA
:1081500021460068194AFFF7CCFF014658BBD4F806
:1081600088040322164B05F07FFF014618BBD4F8A4
:1081700088040222134B05F077FF0146D8B9D4F8E2
:1081800088040522104B05F06FFF014698B9D4F81A
:10819000880406220D4B05F067FF014658B9D4F854
:1081A000880408220A4B05F05FFF002814BF4FF037
:1081B000FF30002001E04FF0FF301CBDC9A381005B
:1081C0002DCC8100B12C8200F92E8200FD4E0000E2
:1081D00029FD8100026810B5D2F8CC0200230EE020
:1081E0000468A14209D101690BB1196101E0C2F82B
:1081F000CC12EDF37FF0002010BD0346006900288B
:10820000EED16FF01D0010BD41F2E443984208D159
:108210000023064A9A5A8A4205D00233B3F58C7F6E
:10822000F7D1002070470120704700BF5C9A020020
:108230002DE9F043D0F854530021C82287B00446FA
:108240002846E8F32FF06423EB85032385F860309C
:1082500000220123D4F858014FF4805139F042D85C
:10826000FF28074605D1236A186919684DF094D98B
:108270000746236A6F860021A4F85674204607F447
:108280006057B3F808801E680CF008DBB7F5205F74
:1082900005F1380908D0B7F5C05F07D0B7F5805FA2
:1082A00014BF0A27142702E0A02700E02827002196
:1082B000FF238DE80A00D4F88434029003971B79D9
:1082C00042460493484633465BF07ADA236893F8D3
:1082D0004F309A0703D0EB8843F02003EB8007B0C0
:1082E000BDE8F08382B010B514246143D0F8D442C5
:1082F00003936350059B60184360069B0261836093
:10830000049BC360BDE8104002B0704730B50368FD
:108310000446DB6985B09A6D4068D4F83C16DB6D85
:10832000F9F738FBC4F83806002800F0DE81204653
:1083300004F068F9C4F8E805002800F0D981204667
:1083400005F04AFEC4F88804002800F0D4812046D5
:1083500003F048F9C4F82801002800F0CF81204636
:1083600007F098FBC4F82401002800F0CA812046D9
:1083700004F0D6FCC4F89406002800F0D181204611
:1083800005F08EF8C4F8A406002800F0CC81204641
:1083900004F0F2FE002840F0C981204604F04EFFB0
:1083A000002840F0C381204604F076FF002840F00A
:1083B000BD81204604F0D4FF002840F0B78120465C
:1083C00005F00AF8002840F0B181204605F020F8B9
:1083D0000546002840F0AA810321D4F8A4060A46E5
:1083E00005F054F9C4F8BC06002800F0A281D4F8C6
:1083F000A40602212A4605F049F9C4F8C00600285F
:1084000000F09A812946C04AC04B2046009501944D
:1084100007F084FBBE4B1A1D07CA1B688DE80700D6
:10842000082122462046FFF75DFF206806F062FA29
:10843000204606F065FFC4F87804002800F07F812C
:10844000204606F0A7FFC4F87C04002800F07981DC
:10845000204607F035F8C4F88004002800F0738146
:10846000204601F063FEC4F81805002800F06D8175
:10847000A84B2046C4F8543101F0E8FDC4F830019F
:10848000002800F06481204601F0A0FBC4F834010C
:10849000002800F05E81204601F000FDC4F838019C
:1084A000002800F05881204601F092FC002840F09E
:1084B0005581204607F092FBC4F85C01002800F0CB
:1084C0005081204607F06CF9C4F86008002800F0DD
:1084D0004A8120682146A2688F4B03F0CBFEC4F886
:1084E0009802002800F04181204603F0BBFBC4F84D
:1084F0006001002800F03B81884B2046C4F82C31F5
:1085000005F000FBC4F84401002800F03281204649
:1085100007F01EFFC4F84801002800F02C81204617
:1085200005F074FCC4F84C01002800F027812046B7
:1085300002F0D6F8C4F84001002800F02181236839
:10854000012283F8A120204604F0EAF8C4F89C0632
:10855000002800F01781204607F09EFB002840F01D
:108560001381204605F0E4F9C4F85001002800F01A
:108570000D81204605F004F9002840F009812046CD
:1085800000F03CFEC4F87001002800F00381204692
:1085900003F09AFDC4F87801002800F0FD80204621
:1085A00007F010F8C4F87C01002800F0F88020469D
:1085B00007F010FFC4F87401002800F0F380204693
:1085C00000F0BAFDC4F88401002800F0ED802046D8
:1085D00003F034FDC4F88801002800F0E78020464D
:1085E00007F0BEFFC4F89401002800F0E1802046A7
:1085F00000F06AFEC4F88C01002800F0DB80204601
:1086000007F070FFC4F89C01002800F0D5802046D8
:1086100069F094DE60B1204608F036F8C4F86408CA
:10862000002800F0C9802368012283F8322102E08B
:10863000236883F83201204607F08EFAC4F8F80662
:10864000002800F0BB80204605F002FBC4F87C0641
:10865000002800F0B580204605F0C4F8C4F8800674
:10866000002800F0AF80204607F03EFCC4F8D0069A
:10867000002800F0A9802368012283F8A320204667
:1086800000F0E2FEC4F8A006002800F09F8020461B
:1086900003F0D4FFC4F8CC06002800F099802046EF
:1086A00003F08AFEC4F8D406002800F09380204628
:1086B00006F08EFDC4F8DC06002800F08D802368EB
:1086C00093F869313BB1204603F09CF8C4F8A0014F
:1086D000002800F08380204605F022FBC4F8F00655
:1086E00000280CBF7620002079E04FF4967076E0E9
:1086F00040F22D1073E04FF4977070E040F22F10AD
:108700006DE04FF498706AE019348200E53382001E
:10871000389A0200EFBEADDE41FF8100EFBEAD0D25
:1087200040F231105BE04FF4997058E040F2411094
:1087300055E040F2471052E04FF4A4704FE024207F
:108740004DE025204BE0262049E02A2047E031205B
:1087500045E0322043E040F2F51040E04FF4FB707A
:108760003DE035203BE0BD2039E0392037E03C20BA
:1087700035E03E2033E040F26D2030E03F202EE037
:1087800043202CE06A202AE0472028E0492026E008
:10879000482024E04A2022E040F2E5201FE040F299
:1087A000E6201CE04B201AE05A2018E05B2016E07F
:1087B0005E2014E05F2012E0632010E065200EE0F0
:1087C00008480CE067200AE06C2008E06E2006E014
:1087D0006F2004E0702002E0722000E0732005B0FA
:1087E00030BD00BF50464D00F8B50446002800F0EB
:1087F000A6800FF099D9D4F8F415D0F1010638BF4E
:10880000002621B1A068F9F37BF000B901362046BB
:10881000D4F82C1305F00CDF2046D4F8DC1405F056
:1088200007DF2046D4F8341305F002DFD4F8400304
:1088300008B1ECF35FF5D4F8980220B103F070FDB5
:108840000023C4F89832276AB96911B1204661F053
:108850009BD80025BD61D4F86432595911B1204626
:1088600032F098DA0435202DF5D1D4F8580103F010
:10887000B3FA2046FEF737FFD4F8180520B101F00F
:1088800031FC0023C4F818352046FEF772FF20465D
:1088900002F042FA23688619D3F8D41031B1606827
:1088A00002F035FA23680022C3F8D4202368D3F8F5
:1088B000D80028B1ECF31EF523680022C3F8D820B5
:1088C000D4F8D05204E02846EF68ECF313F53D46A7
:1088D000002DF8D12146C4F8D0522068FFF77AFC69
:1088E000206818492246FFF756FBD4F8640118B1F6
:1088F00007F09EF8C4F86451D4F89C0220B1ECF360
:10890000F9F40023C4F89C32D4F8F80448B1ECF32D
:10891000F1F40023C4F8F83403E02046616815F050
:1089200037D8D4F89422002AF7D104F5C6600C3069
:10893000F8F7B2FF2046616801F08AF800E00646C9
:108940003046F8BDDD5601002DE9F04F91B000240E
:1089500091461B9E9DF868200790DDF878B0204670
:10896000099198460892DDF880A00C940D940E941D
:10897000E3F792FB484631461C9A1D9BCDF800B0A8
:108980000CF031F8054608B1012376E3FEF71AFE34
:108990000DAB01930EAB0293484631461C9A1D9BCA
:1089A000CDF800B002F0AEF9074618B901230C93D8
:1089B000044688E30D9848B1AA49E8F30FF328B1BB
:1089C00029462A46E8F3A6F01FFA80F91F9B304695
:1089D000009341460CAA4B4601F06CF8044600286F
:1089E00000F0898305680E9A46600D9BC5F8DC206F
:1089F000D0F88424FF21C5F8D470C5F8D83082F8A7
:108A00006010426A0023C261079A0D938260964A01
:108A1000C5F80C80C5F8A4206E610E93012280F881
:108A20004226D0F8E022C0F8A4B163F31722C0F8C0
:108A3000E022089A414685F8212080F8CF310323AF
:108A400080F84135FFF7D0F9236804F5C662DB6989
:108A50006068196E0C32F8F7E2FE0746002840F015
:108A600032832046394605F007D82046079932461A
:108A7000434606F045FFC4F8640108B90F23FCE241
:108A80007A4B28468DE88800794B7A4904937A4BD3
:108A90007A4A0593234602970397FFF7D7FA08B15E
:108AA0001023EAE2089B1C9A8DE848001D9B029265
:108AB0000393204609994A464346CDF810B002F088
:108AC0001DFA0C90002840F0FE822369D86FFEF753
:108AD0006AFAA4F84006B4F8AA010DF0CFD9003024
:108AE00018BF01200A3054F820300AA923622069F7
:108AF0002FF0FCDF00283DD10A9B0746C4F8B031B7
:108B000039460FAA204604F0ADDC39462046BDF8B0
:108B10003C20013704F0AADC062FF1D14FF440735A
:108B2000C5F8E8302A23C5F8B8303223C5F8BC3080
:108B300036234FF47D62C5F8C43040F2D453A5F813
:108B4000CA20A5F8C0304FF45D72002385F8B670D6
:108B5000A5F8C82084F89437D5F8B830842B02D90A
:108B60008423C5F8B8304FF40470ECF3B1F3C4F8C3
:108B70009C0208B9142380E24FF404720021E7F349
:108B800091F322460023D2F8A002D4F89C120432BA
:108B900041F82300D4F89C1251F823108B71013353
:108BA000042BF0D1012385F89330236A1869EEF77E
:108BB000A1FF00F0010085F85400236A1869EEF760
:108BC00099FFC0F3C00085F855002946204607F0FC
:108BD000EDF92B49D5F8D800E8F3DCF1D5F8D4202D
:108BE00040F26E51936A07468B4208D0126B41F2F5
:108BF0006B018A425AD1D12B01D0E92B12D1D4F882
:108C00008434192283F84920D4F884344FF0FF3299
:108C10005A64642283F87A20D4F88434012283F8D9
:108C2000302059E0B3F5897F11D8B3F5887F32D869
:108C3000F52B07D8F42B2ED2E42B2CD0EF2B2AD0F7
:108C4000D62B27E0A3F58773012B45D823E0B3F596
:108C50009A7F17D2B3F5987F1DD840F2171293422E
:108C600018E000BF839B020000315F0701638200B0
:108C7000EC56010008D68800514F0000DD56010077
:108C8000899B0200B3F59A7F26D9B3F59B7F02D961
:108C9000B3F5A57F20D1D4F88434322283F87A202A
:108CA000D4F88434642283F8492010E041F2E4418E
:108CB0008A4211D140F2DA5293420DD1D4F8842481
:108CC000642382F87A30D4F8842482F84930D4F8C6
:108CD00084344FF0FF325A642046FEF7CDFED4F8BC
:108CE00084341922A3F8AA20204607F07FF8D4F88C
:108CF0008434226A19781069DA784EF0D1D8D4F821
:108D000078364FF0010983F83490E1692069043125
:108D100003F0D7FD236AD4F884B418694EF0D8D98B
:108D2000CBF8400004F5E47B206959462EF064DF5F
:108D30000622281D5946E7F331F2B4F8AA010DF0D6
:108D40009DD8003018BF01200A3054F8203020464A
:108D50002362FEF761FF08B918238EE1216A0F2311
:108D600040F2FF32A1F80031A1F8022101F1F8032D
:108D700001F1F402204601F01BFC236AD3F8F42031
:108D8000C3F8F020C3F8E820D3F8F820C3F8EC20AB
:108D90001A68022A08BF83F8159007F00103002B18
:108DA0000CBF0323002385F84F30236A1869EEF7C0
:108DB000A1FE10F40060236806D093F84F2002B1A2
:108DC000012283F8512001E083F85100216A2046F6
:108DD0001C3106F06DDA00212046D4F820900BF00B
:108DE0005DDD00227F2309F15001009301901346BD
:108DF00009F11C005AF020DD204664F02FDF40F21C
:108E0000CC63C4F828362046FFF780FA0C9000287F
:108E100040F05981D4F8800402219DF92C2059F0AA
:108E2000F9DD20464146FEF797FF10B94FF47A73FB
:108E300023E1204602F0F4FFC4F8580110B940F2D3
:108E4000E9331AE12046FFF7F3F92046314614F0E2
:108E50007FDD10B940F2EB330FE1C4F8BC05C4F874
:108E6000C0053146204614F073DD10B94FF47B7312
:108E700003E10123C4F8C40585F8A830204602F0B8
:108E800045FC10B140F2ED33F7E00623A5F8603061
:108E9000A5F8623095F89C30012B04D14022A5F84A
:108EA0006020A5F86220D5F888300A221A804FF495
:108EB00054725A80D5F88C300126C4221E805A8004
:108EC000D4F830011FF0C8DD08B184F80E62B4F8A0
:108ED000E13243F4C05343F01E03A4F8E132236AA5
:108EE0001869EEF707FEC10607D5D4F884340122CD
:108EF0009A74D4F88434FF22DA74B4F8E1224FF281
:108F0000FF731340D4F88424A4F8E132D278012A04
:108F100007D123F4006323F00C031B041B0CA4F8FB
:108F2000E132FF260221012284F8E06284F8DF6248
:108F300084F8DE62204603F0BDDB01213246204684
:108F400003F0B8DB236A4FF0FF38C4F814821869C5
:108F5000EEF7D0FD10F00406204605D00321FEF305
:108F6000C3F684F81C8204E03146FEF3BDF684F8B3
:108F70001C62236A1869EEF7BDFD3A0702D500238B
:108F800084F81C32FB0603D520460021FEF3ACF624
:108F9000BE070ED5A26A002382F84D30E26A82F83D
:108FA0004D30B4F8E13223F080031B041B0CA4F80D
:108FB000E132780703D52046002164F0D5DF390679
:108FC00007D5B4F8E13223F010031B041B0CA4F8FE
:108FD000E13295F84130A3B195F842308BB117F0EA
:108FE000600F0ED007F02001D1F1010107F040021F
:108FF00038BF0021D2F10102204638BF002200F024
:109000000FFFB4F8AA010CF039DF003018BF0120BF
:1090100000F10A0654F82670D4F868122046384A3F
:109020003B4660F06FDCB86154F82610886910B9CF
:1090300040F24C4321E0503128223C30E7F3AEF0BF
:109040001420ECF34BF1C4F8300710B940F24D4353
:1090500013E0AB6D204643F00403AB650EF078DD02
:109060002046FFF771F810B14FF4FA6305E020468F
:1090700003F0DEF818B140F2D1730C9323E02368BB
:109080002049D3F8D800E7F3A9F770B10346184692
:1090900013F8012B1AB11C498A5C5207F7D500213D
:1090A0000A22E7F337F5C4F88406A0680021F8F334
:1090B000A7F4012384F8A837BAF1000F17D00023D2
:1090C000CAF8003013E00D9820B1ECF313F100233F
:1090D0000D930E9314B12046FFF786FBBAF1000FF3
:1090E00004D00C9B0024CAF8003000E0544620460F
:1090F00011B0BDE8F08F3046394601F008FEE2E7D6
:1091000010570100489A02000AA0880038B50446AA
:1091100070B1056821462868FFF75CF828680549A2
:109120002246FEF738FF2046BDE83840ECF3E2B0B7
:1091300038BD00BF1657010070B5066A8EB00546EF
:109140003820ECF3CBF0044600282FD01B4B0560F1
:1091500000930023019302930393049305932868DB
:109160001749184A2346FEF771FFF8B9164B2146F6
:1091700000932868154A0223FEF7BBFF0546A8B9ED
:1091800029461C2204F10B00E7F38CF030693168AA
:1091900007AA4CF025DA234607AAD97AAA5C01353A
:1091A0000A43DA7201331C2DF6D103E02046FFF7A3
:1091B000ADFF002420460EB070BD00BFC54F830038
:1091C00084E188001657010074E188007D4F830018
:1091D00038B5044670B1056821462868FEF7FAFFE5
:1091E000286805492246FEF7D6FE2046BDE83840ED
:1091F000ECF380B038BD00BF1A57010030B505460A
:1092000087B00C20ECF36AF0044600283FD000231E
:109210000560012100930190204A2846204B02F06E
:1092200037FA0028606032DB1E4BD5F894068DE8D3
:109230001800052121221C4B03F0F2FB38BB1B4B0D
:10924000D5F894068DE8180005212422184B03F068
:10925000E7FBE0B9174B0190009302900390049054
:10926000059015492868154A2346FEF7EFFE70B9A8
:10927000134B286800932146124A0323FEF739FF57
:1092800028B92A680123A36082F8A93003E02046A8
:10929000FFF79EFF0024204607B030BD79548300BD
:1092A00075548300C15583007D548300915683001B
:1092B0009D5483004D558300C0E188001A5701007A
:1092C000A8E18800D154830030B5054687B0002856
:1092D0006DD00820ECF302F00446002868D000238B
:1092E0000560142100930190354A2846354B02F061
:1092F000CFF9002860605EDB334B4FF498718DE846
:1093000018006B22D5F89406304B03F089FB002837
:1093100051D12F4B05218DE818006B22D5F894060A
:109320002C4B03F07DFB002845D12B4B4FF4907163
:109330008DE818006C22D5F89406284B03F070FBDA
:10934000002838D1264B4FF490718DE818006F2219
:10935000D5F89406234B03F063FB00282BD1224B56
:109360000A218DE818006E22D5F894061F4B03F0F1
:1093700057FB00281FD10095D5F894060A216E22CC
:109380001B4B03F003FEB0B91A4B019000930290FF
:1093900003900490059028681749184A2346FEF761
:1093A00055FE40B92B68012283F8AC2000E004464A
:1093B000204607B030BD2046EBF39CF70024F7E7CA
:1093C000215C8300015C8300395E8300555C83006F
:1093D000195E8300355C8300595E8300815C8300E5
:1093E000C55E8300C15C8300F15E8300ED5C830099
:1093F000E15B8300195D8300D8E188001E570100FE
:1094000010B5044650B10368054918682246FEF7B6
:10941000C2FD2046BDE81040EBF36CB710BD00BFA5
:109420001E57010010B5044650B10368054918687D
:109430002246FEF7B0FD2046BDE81040EBF35AB7D8
:1094400010BD00BF999B020070B5054686B008208C
:10945000EBF33EF70446002800F0B9805F4B05604F
:109460004FF49071009301903022D5F894065C4B34
:1094700003F0D6FA002840F0AA805A4BD5F894069B
:109480008DE818004FF49071F422574B03F0C8FA9E
:10949000002840F09C80554BD5F894068DE81800C4
:1094A0000A21F422504B03F0BBFA002840F08F80D1
:1094B0004F4BD5F894068DE818004FF49071A02218
:1094C0004C4B03F039FB002840F081804A4BD5F823
:1094D00094068DE8180005213022484B03F0A0FACD
:1094E000002874D1464BD5F894068DE81800052164
:1094F000F422444B03F094FA002868D1424BD5F88B
:1095000094068DE818000521A022404B03F014FBBF
:1095100000285CD1D5F89406052130223C4B0094FC
:1095200003F034FD002852D1D5F894060521F42229
:10953000384B009403F02AFD002848D1D5F8940652
:109540000521A022344B009403F0A6FD00283ED153
:10955000D5F89406C0213022304B009403F016FD5C
:10956000002834D1D5F89406C021A0222C4B0094B9
:1095700003F092FD58BBD5F89406C021F422294B84
:10958000009403F003FD10BBD5F894060A21F422E1
:10959000254B009403F0FAFC0646C0B98DE8110093
:1095A00001212846214A224B02F072F8002860600F
:1095B0000DDB204B28688DE848001F491F4A2346D1
:1095C0000296039604960596FEF740FD18B12046D4
:1095D000FFF728FF0024204606B070BD59638300C2
:1095E000216383003BA10000D59C0000E5A00000A2
:1095F0006D6383003D638300996283002161830072
:1096000077A0000031A00000E9628300716183004F
:10961000A96183000D9D00001D6283003D668300EB
:10962000556683005D9C00008F9C0000856383006D
:1096300081638300B964830038E28800999B02004B
:109640002023402180E80A00C0F8B010C162182130
:109650004FF4F0628163016401651D212DE9F04141
:1096600082600B251022C16505210A24C260456174
:10967000856142620425C0F8B820016680224FF45B
:10968000F0714FF480660461C4618562012409258C
:109690004FF0140C42631127082281664FF027080F
:1096A0000321C0F8B43004624466C464436585672E
:1096B000C0F830C0C2638765C66606674167C0F8F8
:1096C0007C80C0F8A440B024C0F8C0404824C0F852
:1096D000C4406024C0F88450C0F88850C0F8C84026
:1096E00002253024C0F8E030C0F8F030D3234FF02A
:1096F0001208C0F88C50C0F89050C0F89C50C0F8C8
:10970000A050C0F8CC404FF4FA650624C0F8F430FD
:109710000023C0F88080C0F894C0C0F89810C0F84A
:10972000A810C0F8AC20C0F80021C0F80421C0F88F
:10973000D040C0F8D470C0F8D850C0F8DC20C0F8D1
:10974000E840C0F8E460C0F8FC30C0F8F810BDE8AC
:10975000F08101207047704738B50446D0F82C03DB
:1097600020B1EBF3C7F50023C4F82C33D4F834034D
:1097700020B1EBF3BFF50023C4F83433D4F8180755
:1097800030B1236823B1EBF3B5F50023C4F81837E3
:10979000D4F8C40218B123680BB1EBF3ABF5D4F8DD
:1097A000C8020025C4F8C45228B123681BB1EBF3EA
:1097B000A1F5C4F8C852D4F8640208B1EBF39AF5E5
:1097C000D4F854030025C4F8645218B1EBF392F5B1
:1097D000C4F85453D4F8140320B1EBF38BF50023F1
:1097E000C4F81433D4F8D40208B1EBF383F50025A0
:1097F0006319D3F8A032D3F8E00008B1EBF37AF59F
:109800000435102DF4D1D4F8A00208B1EBF372F5B1
:10981000D4F8840420B1EBF36DF50023C4F884344C
:10982000D4F8DC0420B1EBF365F50023C4F8DC3494
:10983000D4F8280520B1EBF35DF50023C4F82835F2
:1098400038BD10B50C46D1B1C86918B1EBF352F56B
:109850000023E361D4F8880020B1EBF34BF500233B
:10986000C4F88830D4F88C0020B1EBF343F5002322
:10987000C4F88C302046BDE81040EBF33BB510BD7A
:1098800070B504464FF4B8701646EBF327F505465D
:10989000A8B14FF48470EBF321F5E86178B131465B
:1098A000FFF7CEFE4FF45470EBF318F5C5F88800BF
:1098B00028B1C420EBF312F5C5F88C0020B9294675
:1098C0002046FFF7BEFF0025284670BD2DE9F04178
:1098D0001D4600260368C0F8C46293F8B4300446FD
:1098E00038205843EBF3FAF4C4F8C402002855D0EA
:1098F000236893F8B4008000EBF3F0F4C4F8C802D6
:1099000010B940F2F53394E04FF40070EBF3E6F455
:10991000C4F81807002800F09580C4F8646220207D
:10992000EBF3DCF4C4F8640210B94FF47E7380E00A
:10993000C820EBF3D3F4C4F8540310B940F2F23367
:1099400077E04FF4B870EBF3C9F4C4F8840410B9AD
:1099500040F2F9336DE08020666AEBF3BFF4B06249
:1099600010B940F2034364E04FF48470EBF3B6F4B3
:10997000C4F82C0310B940F2EF335AE04FF484706E
:10998000EBF3ACF4C4F8340310B94FF47C7350E03B
:109990001220EBF3A3F4C4F8140310B94FF47D7351
:1099A00047E0B420EBF39AF4C4F8D40210B940F2C3
:1099B000F6333EE04FF46470EBF390F4C4F8A00289
:1099C000F0B100F1E403C4F8A43200F5E47300F54B
:1099D0002B70C4F8A832C4F8AC02264604F1100774
:1099E0002368D6F8A082DB69D3F8D4004001EBF3FA
:1099F00075F4C8F8E000D6F8A032D3F8E00010B94A
:109A000040F2F73315E00436BE42E9D14FF48470DA
:109A1000EBF364F4C4F8DC0410B940F2FB3308E063
:109A20004FF48670EBF35AF4C4F8280520B940F2DD
:109A3000FF332B60BDE8F0813820EBF34FF4C4F81E
:109A4000780610B94FF48163F3E70120BDE8F08197
:109A500038B50D46044600282BD0FFF77CFE204683
:109A60002946FFF779FEA06A08B1EBF343F4636A75
:109A70005BB1986A20B1EBF33DF4636A00229A620D
:109A8000606AEBF337F400236362D4F8780620B100
:109A9000EBF330F40023C4F87836216821B128466E
:109AA000FFF7CFFE002323602046BDE83840EBF3EC
:109AB00021B438BD2DE9F341064640F674008846CE
:109AC00015461F46EBF30AF4044610B940F2EA3398
:109AD00010E02623C0F8E035C0F8E435089B414685
:109AE000C0F81C373A463046FFF7CAFE206018B966
:109AF00040F2EB332B602DE040231A4A80F8B4305B
:109B0000236812680460C3F898204FF40870EBF3E0
:109B1000E5F3A06240B100F58870E0622C20EBF321
:109B2000DDF3606230B902E040F2F233E2E740F286
:109B3000F333DFE72046314642462B460097FFF7D6
:109B4000C5FE38B12046314642462B460097FFF706
:109B500000FE20B920463146FFF77AFF0024204658
:109B6000BDE8FC814404000003680B22DB69C3F8F4
:109B7000BC205A619A61704710B50446F8B1D0F81C
:109B8000500208B1EBF3B6F3D4F8E80220B1EBF3DE
:109B9000B1F30023C4F8E832D4F8FC0320B1EBF3AE
:109BA000A9F30023C4F8FC3323680549186822464A
:109BB000FEF7F1F92046BDE81040EBF39BB310BD72
:109BC0006E7D890080F8C01370470000F0B587B043
:109BD0000546FFF7C9FF4FF48160EBF379F30446C4
:109BE000002800F0D48000214FF481624026E6F383
:109BF00059F3256084F8E163BC20EBF369F3C4F802
:109C00005002002800F0BA800021BC22E6F34AF39B
:109C10000123A3726373A373E373A37494F8E13312
:109C200000223F2BE67498BFE374FF2384F82830AA
:109C30000B23227462742273E2720521022284F8DB
:109C4000DE33002384F8271084F82D2041F22850B9
:109C500084F82C306085286890F89C0021750128D4
:109C60000CBF0120104684F82E00012084F8C003A8
:109C70004FF40060A2756063224621460520D0752E
:109C80000220D07723B94FF48070A4F8E40302E0F7
:109C90002020A1F8E403013301320231082BEDD179
:109CA00000260127204641F2285184F82F6084F8CD
:109CB000307018F0D1DA0221204685F8DA721AF0F5
:109CC00011DE84F8D86304212846324A324B0096CC
:109CD000019401F0DDFCB042C4F800044EDB042125
:109CE00028462E4A2E4B0096019405F017FFB042ED
:109CF000606043DB4FF43E70EBF3EAF2C4F8E80235
:109D000000283BD031464FF43E72E6F3CBF21020F0
:109D1000EBF3E4F2C4F8FC0300282FD0214B2868B1
:109D20000093214B21490193214B224A039323465F
:109D3000029604960596FEF789F9F8B91E4B84F849
:109D400054721A1D07CA8DE8070022461B68284670
:109D50000721FEF7C7FAFF2384F8DD332B6820467E
:109D600093F841101BF03CDDC823C4F8EC322046C8
:109D70001BF04AD8202384F8E23308E0D4F85002DC
:109D800008B1EBF3B7F22046EBF3B4F2002420461F
:109D900007B0F0BD01918300E5908300A19183009D
:109DA000819183006199830099B783005CE2880008
:109DB00015AA83006E7D8900A09B0200024618B19F
:109DC00000680249FEF7E7B8704700BF5D89890067
:109DD00010B5044686B00E490E4A234600680AF0C4
:109DE000F1D90D4B20680093002301930293039354
:109DF000049305930949064A2346FEF727F920B143
:109E00002046FFF7DBFF4FF0FF3006B010BD00BF6C
:109E10005D89890021CF830015CE83004CE3880043
:109E200038B50446D0F834011546FFF7CBFED4F818
:109E300038012946BDE8384000F02CB810B504467A
:109E4000002824D0416969B190F829301BB103681A
:109E50009868F7F355F5236861699868F7F3BCF5DE
:109E600000236361A06908B1EBF344F2E06918B123
:109E7000EBF340F20023E3612368054918682246AA
:109E8000FEF789F82046BDE81040EBF333B210BD71
:109E90007686890080F828107047000070B5054666
:109EA00086B03420EBF314F20446002800F09280D0
:109EB00000213422E6F3F6F14023256084F82A30AD
:109EC0005020EBF305F2A06100287BD00021502246
:109ED000E6F3E8F1012384F8203084F8213084F897
:109EE000223084F8233084F8243084F8253084F834
:109EF000263084F8273023721023637294F82A30B6
:109F00000F2B98BF63722B6A00261869EDF7F2FDDC
:109F10004FF47A73E381C823238200F010000123F9
:109F200000280CBF0520072084F828300323207365
:109F3000E3722046A6721DF0FDDC04212846274A64
:109F4000274B0096019401F0A3FBB042206339DB5C
:109F500004212846234A244B0096019405F0DEFD97
:109F6000B04260602EDBA868204922463346F7F3F2
:109F70004BF5606130B34FF4BA70EBF3A9F1E061D7
:109F800000B331464FF4BA72E6F38CF1184B2868EF
:109F90000093184B18490193184B194A0393194B16
:109FA00002960493184B05932346FEF74FF8064696
:109FB00040B92B68204693F842101DF06DDC84F800
:109FC000296007E0A06908B1EBF394F12046EBF3B8
:109FD00091F10024204606B070BD00BF05DF83006C
:109FE000EDDE830061DF830041DF830071E28300E7
:109FF000DDDF830045E5830088E3880029E18300F5
:10A00000768689004457010025A3000000230374CD
:10A0100040F6FB63C381704710B5044690B11EF053
:10A0200025D9606808492246FDF7B5FFE06E08B102
:10A03000EBF360F1206EEBF35DF12046BDE81040DC
:10A04000EBF358B110BD00BF6E88890030B50546EE
:10A0500087B07020EBF33CF10446002834D0002197
:10A060007022E6F31FF12B68256063601820EBF384
:10A070002FF1206620B300211822E6F313F16420AB
:10A08000EBF326F1E066D8B100216422E6F30AF191
:10A090000F4A104B0292104A00930023019303923F
:10A0A0000493059360680D490D4A2346FDF7CEFFE2
:10A0B00030B901236382A3822046FFF7A7FF03E0A4
:10A0C0002046FFF7A9FF0024204607B030BD00BF9F
:10A0D000DDF1830095EE830075F08300DCE38800FA
:10A0E0006E88890070B50446E8B18569C66928465E
:10A0F00000F016F9616C41B1A868F7F301F4A868A3
:10A10000616CF7F369F40023636422463046064924
:10A11000FDF741FF28682146FEF75CF82046BDE8C0
:10A120007040EBF3E7B070BD826A89002DE9F0431F
:10A130003C234FF005090A27D0F80080C0F8043509
:10A14000C0F80895C0F8107587B00446A020EBF35E
:10A15000BFF00546002800F0B1800021A0220026B3
:10A16000E6F3A0F02E70AC61C5F81C80284620F004
:10A17000AFDF0421A862554A204633460096019578
:10A1800001F086FAB042A866C0F29880204600F03E
:10A19000E1F80646002840F09180A0684C492A4624
:10A1A0003346F7F331F46864002800F08780494BA8
:10A1B00040460093484B49490193494B494A029311
:10A1C0002B46039604960596FDF740FF03460028AC
:10A1D00074D1009029462068434AFDF78AFF014662
:10A1E00000286BD1D4F888040122404B03F03CFFD7
:10A1F000002863D13E4BD4F894068DE81800394608
:10A2000001223C4B02F00CFC002857D13A4B322281
:10A210008DE81800D4F894063946384B02F000FC5B
:10A22000024600284AD1D4F894064946344B00949B
:10A2300002F0ACFE002841D1D4F894064946012230
:10A24000304B009402F0A2FE002837D1D4F89406D7
:10A25000494632222C4B009402F098FE70BBD4F891
:10A2600094064946A422294B009402F015FF28BB0E
:10A27000D4F8940649463022254B009402F086FE1D
:10A28000E0B9D4F89406C0212D22224B009402F0AC
:10A290007DFE98B9D4F8940690212D221E4B00948F
:10A2A00002F0D6FC50B9D8F8D8001C49E6F372F693
:10A2B0004FF47A7390FBF3F36B8103E02846FFF7CA
:10A2C00011FF0025284607B0BDE8F08301FD83009B
:10A2D000DD16840009FD8300AD0F8400A8E488002A
:10A2E00089118400826A890065068400F907840068
:10A2F000F5138400A5118400D913840095118400FE
:10A3000091128400C91284005512840079138400CC
:10A310000D138400A9148400A514840068858900A5
:10A3200038B5D0F81455044675B10849024660F0B6
:10A33000B5D9074922462068FDF72DFE2846EAF3E5
:10A34000D9F70023C4F8143538BD00BF1139840093
:10A3500066570100F0B5044687B04FF40A60EAF38F
:10A36000B7F7054620B9C4F814054FF0FF3005E1F2
:10A3700000214FF40A62E5F395F7226805F1200306
:10A380002B60002608236B612E61F821D3652046DF
:10A390007B4A7C4B0096019405F0C0FBB042A8615B
:10A3A00005DA2046FFF7BCFF6FF00100E6E0764BD0
:10A3B000002243F8042BF2071FD5744901270A78BD
:10A3C0000D2A07FA02FE03DCD21917FA02F001E0A7
:10A3D0004FF40040CA78012111FA02F70D2A47EA2A
:10A3E0000E0747EA000003DC521811FA02F201E0FE
:10A3F0004FF40042024343F8042CB00723D56349CD
:10A4000001274A7853F804EC0D2A07FA02FC03DC12
:10A41000D21917FA02F001E04FF400408A780121C6
:10A4200011FA02F70D2A47EA0C0747EA000003DC9D
:10A43000521811FA02F201E04FF40042024342EADC
:10A440000E0243F8042C710723D5504901270A79DD
:10A4500053F804EC0D2A07FA02FC03DCD21917FAB0
:10A4600002F001E04FF400404A79012111FA02F7AD
:10A470000D2A47EA0C0747EA000003DC521811FADC
:10A4800002F201E04FF40042024342EA0E0243F8B6
:10A49000042C320723D53D4901278A7953F804EC6F
:10A4A0000D2A07FA02FC03DCD21917FA02F001E0C8
:10A4B0004FF40040CA79012111FA02F70D2A47EA48
:10A4C0000C0747EA000003DC521811FA02F201E01F
:10A4D0004FF40042024342EA0E0243F8042C0136D4
:10A4E000102E7FF465AF2A4B002103932068294A80
:10A4F000234600910191029104910591FDF7A6FD7B
:10A5000070BB0121D4F888040A46234B03F0ACFD4C
:10A5100048BBD4F8880401210222204B03F0A4FD9B
:10A5200020BB1F4BD4F894068DE81800802105222B
:10A530001C4B02F0F3F9E0B91B4B1A1D07CA8DE85A
:10A5400007002046032122461B68FDF7CBFE20466C
:10A550001649224660F09CD870B9C4F814550DE035
:10A560006FF003000AE06FF0040007E06FF00500F1
:10A5700004E06FF0060001E06FF0080007B0F0BDE6
:10A58000C5388400453884007465010060E18800A6
:10A590000D32840066570100CD2F840009368400F7
:10A5A000F9398400FD318400B09B02001139840028
:10A5B00070B51E468B89154642F2560293420C46F0
:10A5C00008D842F2550293422DD242F250029342F1
:10A5D00029D108E042F2600293421AD04EF2F542CD
:10A5E000934220D11AE0CB89012B04D16FF03B03B9
:10A5F0002B600F2303E06FF045032B6014233360BF
:10A600000368D3F88030D90412D52B68023B2B6045
:10A610000EE06FF04A032B600F2308E06FF0950304
:10A620002B60962303E06FF04A032B601423336002
:10A63000D4F8080130B300214022E5F333F6D4F812
:10A64000082180231370D4F8082129685170D4F8A8
:10A6500008219370D4F808313268DA70D4F80831E0
:10A66000BF221A71D4F8083100225A71D4F8083187
:10A670000322DA8046221A810A225A8101229A8113
:10A680000A22DA81D4F80C0128B100211022BDE899
:10A690007040E5F307B670BD10B50446E0B103683D
:10A6A0000E4918682246FDF776FCE36833B121466F
:10A6B00051F80C3BD3F83C06F7F712F9A36833B115
:10A6C000214651F8083BD3F83C06F7F709F9204634
:10A6D000BDE81040EAF30EB610BD00BF969F89009A
:10A6E00070B5054686B01020EAF3F2F5044600285E
:10A6F00037D000211022E5F3D5F5D5F83C06E4214A
:10A70000194A04F10803F7F7DFF830BBD5F83C0627
:10A71000E821164A04F10C03F7F7D6F80646E0B92B
:10A720008DE8110004212846114A124B05F0F6F974
:10A730000028606011DB104B286800930F4B104914
:10A740000193104B104A03932346029604960596F4
:10A75000FDF77CFC08B9256003E02046FFF79CFF6D
:10A760000024204606B070BD6B57010071570100F0
:10A77000DDBD84009DBD840075B6840051BE84009B
:10A7800050E6880079B68400969F890001207047C2
:10A79000012970B50E46144607D1174B0321104608
:10A7A000D3F8B8300A46984770BD19BB124BD3F89E
:10A7B000C050FFF7EBFF314602462046A84720462F
:10A7C00001213246A847204602213246A8472046AA
:10A7D00003210122A84720464FF481710122A84796
:10A7E00020464FF480713246A847204640F20111BE
:10A7F0003246A84770BD00BF10A78800806C203883
:10A800001F2805D8802333FA00F000F001007047BC
:10A8100000207047C16FB0F84E3010B58A6AB3B1EE
:10A82000FF2B16D9180B0138012814D803F47060D7
:10A83000000A09280FD878B103F0F00090280AD850
:10A8400003F00F0009288CBF0020012004E0184607
:10A8500002E0012000E000200C6B41F2E4418C4258
:10A8600015D1A2F582610739012903D83F2B98BF82
:10A87000002010BD40F20C418A4207D040F2214135
:10A880008A4204D1502B98BF002010BD002010BD7B
:10A8900090F8763010B504463BB9044B04491A6869
:10A8A0002CF03CDA012384F8763010BD78B8020031
:10A8B0007CB8020070B50C460546164608460A22CA
:10A8C0000021E5F3EFF463881E432B6D6680980644
:10A8D00003D5238843F480632380D5F8943042F273
:10A8E0005002198C914205D15B8C052B9CBF46F020
:10A8F0000406668070BD0000D0F880000149E6F3D0
:10A900006DB300BF119C020010B504460C20EAF3A1
:10A91000DFF4C4F80C0138B10C220021E5F3C2F4D5
:10A92000D4F80C3110229A7210BD10B50446D0F83C
:10A930000C0120B1EAF3DEF40023C4F80C3110BDA1
:10A9400070B5064605460024686938B1064B1B6899
:10A9500098473046214600223BF03ADE0134043568
:10A96000062CF1D170BD00BF10A788002DE9F0437F
:10A97000046985B00546EC20A66FEAF3A9F43062BD
:10A98000002875D01020A66FEAF3A2F470620028A8
:10A990006ED0002637460F216846384A3346E5F325
:10A9A000E7F4D4F880006946E6F318F308B10137FC
:10A9B000BFB2013640F2F1339E42ECD137B9D4F840
:10A9C00080002F49E6F30AF3002843D0B800063090
:10A9D000EAF37EF4C5F85C06002849D000238380A2
:10A9E00000260F216846254A3346E5F3C1F4D4F822
:10A9F00080006946E6F3F2F298B1D5F85C866946C4
:10AA0000D4F88000B8F80490E6F3C4F208EB8903A8
:10AA10001881D5F85C369A8803EB82010132CE802A
:10AA20009A80013640F2F1339E42DAD1D4F88000A8
:10AA30001349E6F3D3F2D5F85C6650B1D4F8800040
:10AA40000F49E6F3A7F2D5F85C36012270801A7040
:10AA500000E03070A36F586A60B1012303808380E7
:10AA6000C38003810223438104238381002001E00A
:10AA70006FF01A0005B0BDE8F08300BF629C0200D1
:10AA80006F9C02002DE9F04F0568C6682B688FB0F7
:10AA9000DF6900230446009388460BA80921944AE5
:10AAA0003346E5F365F4D4F81490B9F1000F40F0A3
:10AAB0001081D4F888103A6801F50071E06FD4F87D
:10AAC00008A00992D7F804B0FAF798FE0146A868E2
:10AAD000FCF776FD002800F005810921844A0BA8C7
:10AAE0003346CDF80090E5F343F4E26FD4F88810D4
:10AAF000B8F1000F02D001F5007300E04346099859
:10AB000001F50871B8F1000F08BF00200190009115
:10AB1000CDF808B0B9684FF0FF390391CDF8109027
:10AB2000F968DFF8DC810591D5F8E015504606910B
:10AB30000BA9CDF81C80FAF7D1FC0546002800F0DF
:10AB4000D1802A466B4B20460021FFF721FE2A4682
:10AB5000204600213BF03CDD00250921644A3346B4
:10AB60004FF0010B0BA8CDF800B0E5F301F4009510
:10AB70003A68D4F88830019250460BA9E26F03F589
:10AB8000107302950395CDF8109005950695CDF8B4
:10AB90001C80FAF7A3FC0746002800F0A4803A4680
:10ABA000544B20462946FFF7F3FD59463A462046C6
:10ABB0003BF00EDD4FF0020B09214D4A33460BA846
:10ABC000CDF800B0E5F3D4F3099AD4F888300192B7
:10ABD00050460BA9E26F03F520730095029503958B
:10ABE000CDF8109005950695CDF81C80FAF776FC07
:10ABF0000746002877D03A463E4B20462946FFF7C5
:10AC0000C7FD59463A4620463BF0E2DC4FF0030BC5
:10AC10000921374A33460BA8CDF800B0E5F3A8F375
:10AC2000099AD4F88830019250460BA9E26F03F5D7
:10AC30003073009502950395CDF810900595069513
:10AC4000CDF81C80FAF74AFC074600284BD03A465C
:10AC5000284B20462946FFF79BFD3A462046594699
:10AC60003BF0B6DC042733460921214A0BA80097A4
:10AC7000E5F37EF3099AD4F88830019250460BA987
:10AC8000E26F03F54073009502950395CDF810909F
:10AC900005950695CDF81C80FAF720FC064608B30A
:10ACA000324620462946134BFFF772FD32462046B6
:10ACB00039463BF08DDC2646706930B10E4B0F49AA
:10ACC000D3F88C309847C6F8C00001350436062DFD
:10ACD000F2D1D4F89410204608310022FFF7EAFDA3
:10ACE000012700E0074638460FB0BDE8F08F00BFEF
:10ACF000E29B0200F05D010010A78800D4318900BA
:10AD0000C403000010B5BDE81040FCF77DBA11B1D6
:10AD10000846FCF721B87047F8B504690546002CD1
:10AD200042D0E06F08B1FCF74DF82046FFF708FE6F
:10AD3000D4F89460B4F846000BF0A0D8706A28B13B
:10AD400003F04BFC00230746736200E00746D4F88B
:10AD5000900003F021FC00263F18D4F88C0004F08A
:10AD6000D9F92046C4F88060E667FFF7DEFDD5F824
:10AD70005C0618B1EAF3BEF2C5F85C66A36F186A08
:10AD800020B1EAF3B7F2A36F00221A62A36F586AE8
:10AD900020B1EAF3AFF2A36F00225A62204601F01D
:10ADA0003BFD00232B6100E027463846F8BD00003C
:10ADB000F0B587B04FF480350021042303AA044680
:10ADC000D0F8887000952CF05BDC234B06AE46F87B
:10ADD000083D002104232046324600952CF09CDCDF
:10ADE0000423002105AA204600952CF049DC049B91
:10ADF000059A9A422AD1194B002104932046042334
:10AE0000324600952CF088DC0423002105AA204658
:10AE100000952CF035DC049B059A9A4216D1042348
:10AE20000021204603AA00952CF076DC0023C7F809
:10AE30008C31D7F82031B3F1042F09D00848C0EB8A
:10AE4000030CDCF1000040EB0C0002E0002000E00D
:10AE5000012007B0F0BD00BFAA5555AA55AAAA55B2
:10AE600000040084224B70B54FF000610026036699
:10AE70000A464666044605682DF0C6DD4FF080732D
:10AE8000C4F820310323A4F8A8300223A4F8AA3080
:10AE90000723A4F8A4300423A4F8A63041F2010348
:10AEA00084F8A260A4F8BC304FF41673A5F81036ED
:10AEB0002B6893F89C20012A0CBF0C220622A5F8CF
:10AEC0000E2693F864211AB1226E42F08072226637
:10AED00093F89C20074812F1FF3218BF012206495F
:10AEE000E5F306F2FF2384F834310123637470BD67
:10AEF00060A8E7B878570100787502002DE9F04F97
:10AF000097B09B464FF0000916AB8A46174643F8A8
:10AF1000049D21995A46054601F097FC04460028F5
:10AF200000F01D839DF88030286103742B6840F683
:10AF30001201D3F8D400D3F8D860D3F8DC304A46F5
:10AF4000C4F88430E067C4F88060F0F321F0C4F8FE
:10AF500088008046E860E06FEFF380F2A06420464E
:10AF6000FFF780FF30469749E6F338F028B14946AD
:10AF70004A46E5F3CFF51FFA80FA30469249E6F3E8
:10AF80002DF048B100210A46E5F3C4F54FF6FF73F2
:10AF900080B2984218BF074650463946FDF734F94B
:10AFA00008B90C23DAE28949A4F844A0A4F8467051
:10AFB0003046E5F3EFF78649C4F860013046E5F323
:10AFC000E9F7C4F86401B4F846000AF057DF00302E
:10AFD00018BF0120263054F82030B4F84600C4F8D9
:10AFE00094300AF04BDF003018BF01200A3055F8CA
:10AFF000203020462B62FFF701FC08B90D23ADE29B
:10B00000E06FEFF3E5F1E06FEFF39CF620460021EF
:10B010002BF0B0DB20464FF0FF312CF021DC204636
:10B02000FFF7C6FE08B90E2398E230466949E5F3FA
:10B03000B1F7FF2808BF0120A4F84E002046FFF713
:10B04000E9FB08B90F2389E263493046E5F3A2F72B
:10B05000624984F84C003046E5F39CF7604920656E
:10B060003046E5F397F794F84C3060650B2B05D923
:10B0700030465C49E5F38EF7C4F850015A49304632
:10B08000E5F388F7594984F835013046E5F382F74E
:10B0900084F836012B6893F86A312BB13046544955
:10B0A000E5F378F7C4F8540152493046E5F372F7F6
:10B0B000514984F858013046E5F36CF7E36F41F2EB
:10B0C0006B02196BA4F86801914220D19B6A4E2B48
:10B0D00008D1B4F84E30402B19D9236D43F0020348
:10B0E000236514E0E42B04D1B4F84E30B3F5A85F27
:10B0F00006E0EF2B0BD1B4F84E2041F201239A4227
:10B1000005D8236D43F480032365002363653B4921
:10B110003046D4F85C71E5F33DF739493860304684
:10B12000D4F85C71E5F336F7364978603046D4F8E8
:10B130005C71E5F32FF73449B8603046A76FE5F34B
:10B1400029F73876A36F1A7E012A01D003221A76D6
:10B15000236D990604D5012120460A462DF0F6D824
:10B16000D4F880002949E5F339F720B1D4F88000FC
:10B170002649E5F30FF781462549D4F88000E5F329
:10B180002DF720B1D4F880002149E5F303F70746F5
:10B190002049D4F88000E5F321F720B1D4F88000ED
:10B1A0001C49E5F3F7F62B6893F82821BAB3226D12
:10B1B000920504D5B9F1000F01D007B160BB0022A0
:10B1C0002BE000BF259C0200B49C02004C9C0200B6
:10B1D000579C0200AB9C0200BA9C0200069C020035
:10B1E000869C02009F9C0200CC9B0200D79B020021
:10B1F000799C0200369C0200C29C0200419C020025
:10B200002C9C0200C09B0200ED9B0200199C0200D6
:10B21000F29B0200929C0200012283F828212B68F5
:10B2200093F8692132B1226D12F0010218BF012298
:10B2300083F86921B4F846200123C4F8B830B4F883
:10B2400044002B68A5F8AA21E26FA5F8A801C3F86D
:10B25000D420A26C1A6194F84C2083F87C202B68CF
:10B26000226DB4F84E00C3F88020626DA3F87A0016
:10B27000C3F8842094F84C2020460B2A84BFD4F8CD
:10B280005021C3F84821D4F8B820012783F83D7035
:10B290005A62A9682A4603F02BFFC4F88C0008B94B
:10B2A00019235BE1219AE36F0292A26C049006924B
:10B2B000B4F84620B4F84400ADF82A20DA6B0393C2
:10B2C0000B921A6CADF828000C925A6C02A80D92E1
:10B2D00094F84C20CDF814B00E929A6A09960F9209
:10B2E000B4F84E2010921A6B1192226D1292626D78
:10B2F00013925A68DB680792089303F0AFFAC4F818
:10B30000900008B9102329E12623C5F8E035C5F8D7
:10B31000E4354FF4FF73C4F83831B4F846000AF04E
:10B32000ADDD10F1000918BF4FF001094946204674
:10B330002EF0FCD8B9F1000FD4F894300CBF0222E3
:10B340000122C3F804901A602B6A14BF0122022262
:10B35000C3F804901A60E06FD5F81C90EFF376F014
:10B36000D8F85C31C9F8000023F000437E4AE36658
:10B370002367A36C0C2101FB0323303BC4F8D830B6
:10B38000204639462BF0ACDDD4F89490D4F89000E8
:10B390004146D9F80020334603F066F9C9F8240085
:10B3A00008B91123DAE04FF0FF3120462DF04EDAD4
:10B3B000D4F89430E16E586A03F00CF9D4F8943064
:10B3C00003F12202009203F11C0103F11E02586AEC
:10B3D000203303F0ECF8D4F89480D8F8240003F07C
:10B3E000F4F888F82800D4F89430D5F82080586A0A
:10B3F00003F0EBF888F81400D4F89480D8F824000F
:10B4000003F0E6F8D4F89430C8F81800DA8B37FA6D
:10B4100002F1C90701D41223A0E0296A586A086121
:10B42000988B4A8108811A8C588C8A81C8810F2296
:10B4300040F2FF30D8829A8220463946FFF722FB3D
:10B4400008B913238AE02B6893F86931002B32D0B6
:10B45000002120462BF0F6DF30464449A76FE5F384
:10B4600099F5236DC0B2DA07386020D5636D1B06ED
:10B470001DD4E36F9A69900002D5DA69D10704D52B
:10B48000DB69DA0701D4580711D5E36E99000ED5B0
:10B4900030463649E5F3A2F530B134493046E5F39C
:10B4A00079F5C1B2204604E02046082101E020469B
:10B4B00000212BF073DDE06FEBF358F420462DF004
:10B4C00017DF0094E06F2A492A4A0023FBF76CFC3F
:10B4D000204600212DF0EEDE2046FFF70DFA08B9D8
:10B4E00015233BE004F1FC063146E5F3A9F13046B3
:10B4F000E5F338F518B93046E5F340F508B1162301
:10B500002CE02046FFF700FA2846A16C01F0E2F992
:10B510002B68DA69526AC5F84425013A85F8422554
:10B52000D3F89800A8B103789BB113492246E5F3FC
:10B53000C7F62B681149D3F898002246F9F78AFE1E
:10B54000606930B12B68D3F898100D4BD3F8B03048
:10B5500098472846FFF70AFA10B11B231593159850
:10B5600017B0BDE8F08F00BF005E0100FD9B020038
:10B5700001DC840015DC84005DD98400BDD9840021
:10B5800010A7880010B50446002828D00368144985
:10B5900018682246FCF7FFFC236A1BB104F1200067
:10B5A000E4F396F0E3691BB104F11C00E4F390F0BE
:10B5B000A3691BB104F11800E4F38AF063691BB1BD
:10B5C00004F11400E4F384F023691BB104F11000CA
:10B5D000E4F37EF02046BDE81040E9F38BB610BDE1
:10B5E0008A570100036830B5DB690546586D87B09E
:10B5F00000012430E9F372F60446002838D00346EF
:10B6000043F8245BC36004F11001D5F83806E4F375
:10B6100049F068BBD5F8380604F11401E4F342F0B0
:10B6200030BBD5F8380604F11801E4F33BF0F8B963
:10B63000D5F8380604F11C01E4F334F0C0B9D5F8AC
:10B64000380604F12001E4F32DF088B94FF4856346
:10B6500063600B4B019000930A4B0390029304909C
:10B66000059009492868094A2346FCF7EFFC18B100
:10B670002046FFF787FF0024204607B030BD00BFFB
:10B68000C10B85007513850080E688008A5701008C
:10B69000F0B5D0F828410068A568C069406D8542C2
:10B6A00011D2E7682E01B8194360059B013583600C
:10B6B000069BBA51C3606068A560C31C591821F08D
:10B6C00003016160F0BD6FF01500F0BDD0F82831C6
:10B6D0001869E3F3C3B7D0F8280110B10069E4F3A7
:10B6E0001FB07047D0F82831D869E3F3B7B7D0F866
:10B6F0002831D869E4F314B0D0F82831186AE3F39C
:10B70000ADB7D0F82831186AE4F30AB073B505462E
:10B710002EF058DC0446B8B12B684FF00052C5F843
:10B720006802009293F82F202846019221460022B9
:10B7300004332EF0D3D9064650B9284621462FF0BF
:10B74000B1DB064620B901E06FF01A0630467CBD39
:10B75000284621462FF01EDBF8E7F8B51F460368A0
:10B760000D461E691146D6F880001446E5F32AF40A
:10B7700040B3B84224D121460022D6F88000E5F338
:10B7800015F4287021460122D6F88000E5F30EF466
:10B79000687021460222D6F88000E5F307F4A8700D
:10B7A00021460322D6F88000E5F300F4E870D6F8CD
:10B7B000800021460422E5F3F9F328710120F8BD49
:10B7C0004FF0FF30F8BD000038B50446B8B103684B
:10B7D0000B4918682246FCF7DEFB606B08B1E9F301
:10B7E00089F5D4F880000025656318B1E9F382F586
:10B7F000C4F880502046BDE83840E9F37BB538BD39
:10B80000915701002DE9F04105698CB0074684206D
:10B81000E9F364F50446002800F0D28107603C207B
:10B82000E9F35CF58046002800F0CA813B690126F7
:10B8300080F8386080F8396043603B6A04603146C4
:10B840001869ECF77EFAD8F80430B649D3F88000CE
:10B85000E5F3A0F3D8F80430C8F81400B249D3F8DF
:10B860008000E5F397F3D8F80430C8F81800AF4922
:10B87000D3F88000E5F38EF3D8F80430C8F81C0044
:10B88000AB49D3F88000E5F385F3D8F80430C8F865
:10B890000800A849D3F88000E5F37CF3D8F8043019
:10B8A000C8F81000A449D3F88000E5F373F3A34B64
:10B8B000C8F80C00C4F880800093A14BA149019303
:10B8C000A14BA24A0293A24B0393A24B0493A24B17
:10B8D000059338682346FCF7B9FB8046002840F002
:10B8E0006F8184F82C003B699C49D3F88000E5F314
:10B8F00051F384F86F003220E9F3F0F407466063F7
:10B90000002800F05D8141460A2206A8E4F3CAF44B
:10B910000C238DF8193099238DF81A30A6238DF851
:10B920001B3008238DF81E30B7238DF81F30E2231B
:10B930008DF820308A4AC4238DF821308DF81860A4
:10B940008DF81D601068516809AB03C312898549E1
:10B950001A80854B3E70A363844B84F85A80E3635E
:10B96000636B9E71D5F88000E5F338F3002800F092
:10B9700093807C49D5F88000666BE5F30BF370701B
:10B980007B49D5F88000666BE5F304F3B070794924
:10B99000D5F88000666BE5F3FDF2F0707649D5F8D6
:10B9A0008000666BE5F3F6F230717449D5F88000DB
:10B9B000666BE5F3EFF270717149D5F88000666B44
:10B9C000E5F3E8F2F0716F49D5F88000666BE5F3B6
:10B9D000E1F2B0716C49D5F88000E5F3DBF284F850
:10B9E00044006A49D5F88000666BE5F3D3F2307203
:10B9F0006749D5F88000666BE5F3CCF27072616B35
:10BA000005230A31634A2046FFF7A7FE616B052331
:10BA10000F3186B2604A2046FFF79FFE616B052317
:10BA2000143136185D4A2046FFF797FE616BB6B2B7
:10BA30001931052336185A4A2046FFF78EFE616BEE
:10BA4000B6B236180B7AB6B2B34225D11E310523F1
:10BA5000544A2046FFF781FE616B0523233186B2ED
:10BA6000514A2046FFF779FE616B052328313618CD
:10BA70004E4A2046FFF771FE616BB6B205233618B9
:10BA80002D3120464A4AFFF768FE636BB6B236187E
:10BA90005B7AB6B2B34225D0626B00235370626BFF
:10BAA0000C219370626BD370626B1171616B022217
:10BAB0004A71A86F616B0068C871616B0A72616B33
:10BAC0004A72606B812284F8402006A90A2284F819
:10BAD00041300A30E4F362F3606B09A91E300A2298
:10BAE000E4F35CF3626BAB6FD27900211A6004F16E
:10BAF0004D000822E4F3D6F3002384F8583084F88C
:10BB00005930A4F85630D5F880002A49E5F366F29A
:10BB1000002851D0D5F880002649E5F33BF284F89F
:10BB20005F0051E0E49D0200D19C0200FA9C0200FB
:10BB30000A9E0200629D0200D09D020051288500ED
:10BB400085DA0000A4E68800E12B8500915701000A
:10BB5000D52B8500A45701006DD30000989E0200EC
:10BB60003B380100479E0200112785008927850088
:10BB7000919D0200319E02001B9E0200F39D020077
:10BB8000E29C0200A89D02004E9D0200819D0200E1
:10BB90003D9D02000D9D02001D9D02002D9D020095
:10BBA000719D0200549E0200659E0200769E020076
:10BBB000879E0200BD9D0200BA2384F85F3003E037
:10BBC0002046FFF701FE002420460CB0BDE8F081BE
:10BBD00030B5044685B0002840D0D0F8201131B1EE
:10BBE00003689868F5F3F8F60023C4F82031236859
:10BBF0001A6892F82F2022B3D3F8240101A9002259
:10BC00005EF0A2DA0FE043685A060CD5D4F8305142
:10BC1000451904E00368C5F81031E9F36BF3D5F872
:10BC200010010028F6D1236801A9D3F824015EF0A1
:10BC3000A1DA0028E7D104E00368C4F84431E9F34D
:10BC400059F3D4F844010028F6D123680449186850
:10BC50002246FCF7A0F92046E9F34CF305B030BDCD
:10BC60005DB3890030B5054687B04FF4A670E9F39F
:10BC70002FF30446002875D000214FF4A672E4F398
:10BC800011F33C4B256000933B4B3C4A019300234E
:10BC9000029303920493059328683949394A23464D
:10BCA000FCF7D4F900285DD12B6A1A68022A05D165
:10BCB0005B7D002B0CBF1623302300E030232218BD
:10BCC0004430B0F5887F1374EED1A8682E492A4617
:10BCD0000023F5F399F6C4F82001002842D04FF470
:10BCE0007A7345F27352C4F81C31A4F83C21002346
:10BCF0004622C4F84431A4F83E2128468DE82800A5
:10BD00004FF48A71214A224B03F008FF0028C4F83F
:10BD1000300127DB1F4BD5F894068DE8180005216C
:10BD2000B0221D4B00F008FFE0B91C4BD5F894067B
:10BD30008DE818000521B222194B00F0FDFE88B9EC
:10BD4000D5F894060A21B022164B009401F0A4F90C
:10BD500040B9D5F8C006B021134A144B009401F045
:10BD600005FC18B12046FFF733FF0024204607B03A
:10BD700030BD00BF9150850011658500654E85007E
:10BD800018E888005DB38900554985001156850083
:10BD9000ED558500955D8500E94A8500D15C8500FB
:10BDA000514A850095538500854E8500994E850042
:10BDB00010B5044630B133F091DE2046BDE81040A6
:10BDC000E9F398B210BD10B504462420E9F386F2D9
:10BDD00000B1046010BD000010B50446E0B1436836
:10BDE0000E4918682246FCF7D6F8D4F83C01FFF754
:10BDF000DFFFD4F83401FFF7DBFFD4F89C0008B173
:10BE0000E9F378F2D4F8940008B1E9F373F220462C
:10BE1000BDE81040E9F36EB210BD00BFBC57010091
:10BE20002DE9F041754B00271F60754B056888B000
:10BE300006461F604FF4A070E9F34AF2044600285A
:10BE400000F0D78039464FF4A072E4F32BF284E877
:10BE500060003046C6F85841FFF7B5FF8046C4F889
:10BE6000340130B13046FFF7AEFF8046C4F83C01E4
:10BE700020B92046E9F33EF24446BAE07F2104228D
:10BE800004F14400E4F30EF27F21042204F1700077
:10BE9000E4F308F2042207A83946E4F303F2336816
:10BEA00093F87C20D3F8D800012A13D95549E5F33B
:10BEB00095F0014658B107A80322E4F3CBF207A896
:10BEC000042137F0B7D990B107A84F490CE007A873
:10BED0004E4909E04E49E5F35DF00928034606D8CE
:10BEE0004C4907A801EB83010322E4F3B3F20322D8
:10BEF00007A904F10800E4F3ADF233684649D3F82A
:10BF0000D800E5F347F0D5F8D43041F26B02196B55
:10BF1000E06091420ED19B6A8B2B01D0902B09D10E
:10BF2000022807D107A83D490422E4F36FF208B9BB
:10BF30000323E360D5F8D43041F26B02196B9142D0
:10BF40000DD19B6A932B0AD107A835490422E4F34B
:10BF50005DF220B9E368042B01D10623E360D5F834
:10BF6000D43041F26B02196B914218D19A6A40F2B7
:10BF700035139A4213D107A82A490422E4F346F262
:10BF800058B107A828490422E4F340F228B107A8D1
:10BF900026490422E4F33AF208B91323E3600025AA
:10BFA000EAF786FF35F058DF07A90422C4F8945059
:10BFB000C4F89850C4F89C50C4F8A050C4F8A450D9
:10BFC00084F8F450204633F0C3DE194B30688DE816
:10BFD00028001849184A23460295039504950595AB
:10BFE000FCF734F828B12046C6F85851FFF7F4FEA4
:10BFF0002C46204608B0BDE8F08100BFB4650100C2
:10C00000B8650100A89E0200BF57010041B5890034
:10C01000AE9E020094E98800B19E0200C257010062
:10C0200068EB880078E9880080E9880084E9880066
:10C03000F16D85003CE98800BC57010030B505462C
:10C0400087B00C20E9F34AF10446D0B1114B0560EA
:10C050004FF49071009301900722D5F894060E4B8F
:10C0600000F0DEFC80B90D4B01900093029003902C
:10C07000049005900A4928680A4A2346FBF7E6FF20
:10C0800010B9204607B030BD2046E9F333F1002453
:10C09000F7E700BFC19D8500299B8500659B850052
:10C0A000ECED880034590100036810B504460549D9
:10C0B00018682246FBF76FFF2046BDE81040E9F301
:10C0C00019B100BF3459010070B5054686B00C2087
:10C0D000E9F304F10446002863D0056000260190CE
:10C0E00004212846334A344B0096FFF7D1FAB04278
:10C0F000606059DB04212846304A314B0096019498
:10C1000003F00CFDB042A0604EDB28462D492246CC
:10C11000FFF7DCFA002847D12B4BD5F894068DE8C1
:10C1200018004FF490712522284B00F079FC00286C
:10C130003AD1274BD5F894068DE818004FF490714A
:10C140003C22244B00F06CFC00282DD1D5F894063D
:10C1500005219C22204B009500F036FF002823D1BA
:10C16000D5F89406802125221C4B009400F070FD28
:10C17000D0B9D5F8940680213C22194B009400F0E8
:10C1800067FD88B9174B01900093174B03900293FA
:10C190000490059015492868154A2346FBF756FF79
:10C1A00010B9204606B070BD2046E9F3A3F0002484
:10C1B000F7E700BF51A3850011A3850059A78500AB
:10C1C00045A78500CDA38500E5A98500F1A38500DD
:10C1D00015AA850019A4850031A28500D1A2850089
:10C1E000F1A2850009A58500E1A9850028EE880057
:10C1F00050B9890038B505680446224628680649C2
:10C20000FBF7C9FE284605492246FFF764FA204697
:10C21000BDE83840E9F36EB050B98900CDA3850080
:10C22000024602490068FBF7B6BE00BF3A5901005A
:10C2300030B50D4B87B00093002304460193029361
:10C240000393049305930949094A23460068FBF7C1
:10C25000FDFE002814BF4FF0FF350025204638F0C2
:10C2600071D8284607B030BDA1B0850044590100FF
:10C270003A5901002DE9F043064687B038200F46B1
:10C2800091469846E9F324F00446002838D000216E
:10C290003822E4F307F0D7F83C0640211A4A04F1AB
:10C2A0002003F5F711FB054620B12046E9F322F003
:10C2B000002425E0154BC4F81C80A760C4F80C903E
:10C2C0002661134900930190029003900490059019
:10C2D000234630460F4AFBF7B9FE034660B9E068D3
:10C2E0000D492246F5F390F30546A06140B9206957
:10C2F0000A492246FBF74FFE2046E8F3FBF72C469F
:10C30000204607B0BDE8F08314C68900EDB485006F
:10C3100058EE8800B89E02004DB585005C590100BA
:10C3200010B5044638F042DA0F4920692246FBF77F
:10C3300032FEA16961B1237D23B1E068F5F3E0F23B
:10C3400000232375E068A169F5F346F30023A36198
:10C35000A36804F12001D3F83C06F5F7C1FA2046A2
:10C36000E8F3C8F7002010BDB89E020010B50446DF
:10C37000C0B122460C494068FFF7C3F92246606805
:10C380000A4903F00EFE224660680949FFF7A3F947
:10C39000A06808492246FBF7FEFD2046BDE8104094
:10C3A000E8F3A8B710BD00BF21BF850081C5850097
:10C3B00029BB85006359010070B5054686B0182079
:10C3C000E8F386F70446002800F0E98000211822EF
:10C3D000E3F368F72B680022A360AB686560E36055
:10C3E0006B68042123610423A38228466D4B8DE8EA
:10C3F0001400FFF74DF900282060C0F2CC802846D9
:10C4000069492246FFF778F9002840F0C4802846A1
:10C4100066492246FFF75AF9002840F0BC802846BA
:10C420006349224603F0B8FD002840F0B480614B18
:10C430000190009302900390049005905E49286853
:10C440005E4A2346FBF702FE002840F0A4805C49C8
:10C450000322D5F8BC063CF039DA5A4E5A4902227A
:10C46000D5F8C0063CF032DAD5F89406B021302277
:10C47000564B0096019400F051FA002840F08B8052
:10C48000534BD5F894068DE8180040F60501362286
:10C49000504B00F0C5FA00287DD14F4BD5F89406DB
:10C4A0008DE8180040F6040137224C4B00F0B8FA32
:10C4B000002870D1D5F8BC063021444A3346009498
:10C4C00001F009F8002866D1D5F8BC063621414AAA
:10C4D0003F4B009400F0FFFF00285CD1D5F8BC066C
:10C4E00037213E4A3C4B009400F0F5FF002852D122
:10C4F000D5F8C00639213A4A3A4B009400F0EBFFD8
:10C50000002848D1D5F89406C0213622364B009435
:10C5100000F03CFD00283ED13021D5F894060A46B3
:10C52000324B009400F094FB002834D1D5F89406E7
:10C5300040F60A0136222E4B009400F027FD50BB36
:10C54000D5F8940640F60A0137222A4B009400F0F1
:10C550001DFD00BBD5F8940630213922264B0094EE
:10C5600000F014FDB8B9D5F8BC0630211F4A2346A7
:10C5700001F044F878B9D5F8BC0636211C4A2346A8
:10C5800001F03CF838B9D5F8BC063721194A2346E2
:10C5900001F034F818B12046FFF7E8FE00242046E9
:10C5A00006B070BDA1BA850021BF850029BB8500FA
:10C5B00081C5850035BC850080EE88006359010087
:10C5C0007CEE880019BA8500A4EE880071B8850059
:10C5D00085C68500A5BB8500C1C5850035BB850026
:10C5E00021BC8500DDC68500C9C4850005C2850063
:10C5F000C9C0850011C0850035C1850008B1E8F3C8
:10C6000079B6704737B505463820E8F367F6044633
:10C6100050B14FF0FF33056005490193054A064BC1
:10C62000009539F0ABDD01E0FFF7E8FF20463EBDA5
:10C63000E9CD8500F1CD8500E1CD850070B50546D9
:10C6400086B01020E8F344F60446002838D00021D4
:10C650001022E3F327F6002625600121C5F8CC4619
:10C660002846194A194B00960194FFF711F8B04279
:10C67000E06021DB164B28688DE848001549164A12
:10C6800023460296039604960596FBF7DFFC98B9BD
:10C69000124BD5F894068DE828000521BE22104BD8
:10C6A00000F04AFA40B9D5F89406C021BE220D4BDD
:10C6B000009500F0F1FC18B12046E8F31BF60024C9
:10C6C000204606B070BD00BF8DD0850089D08500A2
:10C6D000E1CF8500A8EE8800BF9E02005DD08500F6
:10C6E0003DD0850091D0850010B5044688B103790E
:10C6F00023B18068E8F3FEF5002323712368054920
:10C7000018682246FBF747FC2046BDE81040E8F3D6
:10C71000F1B510BDBF9E020008B1E8F3EBB570475C
:10C7200037B505460420E8F3D3F50446002855D074
:10C730002D4B056040F23F11009301902D22D5F85A
:10C7400094062A4B00F06CF9002847D1284BD5F805
:10C7500094068DE818004FF495713D22254B00F0AA
:10C760005FF900283AD1244BD5F894068DE81800DB
:10C770004FF495714A22214B00F052F970BB204BC7
:10C78000D5F894068DE81800152150221D4B00F0B5
:10C79000D3F918BBD5F8940605212D221A4B009425
:10C7A00000F0F4FBD0B9D5F89406C0212D22174B28
:10C7B000009400F0EBFB88B9D5F89406C0213D2227
:10C7C000134B009400F0E2FB40B9D5F89406C02169
:10C7D0005022104B009400F05FFC18B12046FFF788
:10C7E0009BFF002420463EBDC5D28500CDD08500EC
:10C7F00011D38500E1D085000DD38500DDD0850003
:10C8000071D28500B5D0850041D1850001D2850067
:10C8100021D285007DD1850010B50446A0B1036802
:10C82000806F00225A6108B1E8F364F5D4F89800EB
:10C8300008B1E8F35FF5606808B1E8F35BF52046FE
:10C84000BDE81040E8F356B510BD2DE9F0410446AF
:10C850004FF4B6700D4616469846E8F33FF5074686
:10C8600010B940F2F2331EE004608560C6602820F3
:10C87000E8F334F5B86710B940F2F33313E0582009
:10C88000E8F32CF5C7F8980040B12C30C7F89C00AD
:10C890003020E8F323F5786060B902E04FF47D734F
:10C8A00001E040F2F5333846C8F80030FFF7B4FF36
:10C8B000002703E00023C8F8003060613846BDE877
:10C8C000F0810023C218D2F8C020CA500433182BBC
:10C8D000F8D170474FF4C863C0F864366823C0F8D5
:10C8E00068364FF48073C0F86C360223C0F8703697
:10C8F000C0F874367047000010B5044650B10368A4
:10C90000054918682246FBF746FB2046BDE8104063
:10C91000E8F3F0B410BD00BF0D5A010001F0F001C2
:10C920002DE9F04F0E110168B0F81080096889B048
:10C93000C9699446D1F8C010079388450446B0F8F9
:10C9400012A0838AC78AB2B25CDA817900295CD1ED
:10C95000324D05EBC200808806E055F8329019F898
:10C960000190E14502D001318142F6D381424FD09E
:10C97000E71937F812B0013237F81250A244454592
:10C9800023441AD2C5EB080805F101090AEB050199
:10C9900042460AEB0900CDF814C00693E3F35EF4B7
:10C9A000069B0C2202FB093002FB053102FB08F258
:10C9B000E3F354F4DDF814C0069B3146002207E08F
:10C9C00007EB460030F802E00EF1010E20F802E01D
:10C9D000013102320D29F3D91299CBEB05020091F6
:10C9E00013990AEB0B0001910C2101FB0B3192B260
:10C9F000079BCDF808C000F0A1FB238A002001337B
:10CA0000238207E06FF0150004E06FF0160001E0EC
:10CA10006FF01D0009B0BDE8F08F00BF685901003C
:10CA20002DE9F347DDF82890DDF82CA007460E46E7
:10CA300015469846002456FA04F3DB070AD521016F
:10CA4000384601F0F0012A4643468DE80006FFF71C
:10CA500065FF18B901340D2CEDD10020BDE8FC872D
:10CA60002DE9F04F89B007920268B0F8188012687B
:10CA70009C46D2690446D2F8C420B0F81AA090456A
:10CA8000838BC78B50DA8279002A50D101F0F006EF
:10CA90003611C719B2B237F812B0013237F8125056
:10CAA0008244454503441AD2C5EB080805F1010943
:10CAB0000AEB050142460AEB0900CDF814C00693C3
:10CAC000E3F3CCF3069B0C2202FB093002FB053199
:10CAD00002FB08F2E3F3C2F3DDF814C0069B314613
:10CAE000002207E007EB460030F802E00EF1010EED
:10CAF00020F802E0013102320D29F3D91299CBEB73
:10CB00000502009113990AEB0B000191079992B26B
:10CB100002910C2101FB0B31634600F00FFB238BCC
:10CB200000200133238304E06FF0150001E06FF073
:10CB3000160009B0BDE8F08F2DE9F347DDF8289025
:10CB4000DDF82CA007460E4615469846002456FAF6
:10CB500004F3DA070AD52101384601F0F0012A462C
:10CB600043468DE80006FFF77BFF18B901340D2C12
:10CB7000EDD10020BDE8FC872DE9F04F89B0079288
:10CB80000268B0F8308012689C46D2690446D2F838
:10CB90000021B0F832A09045838EC78E50DA82799A
:10CBA000002A50D101F0F0063611C719B2B237F899
:10CBB00012B0013237F812508244454503441AD26C
:10CBC000C5EB080805F101090AEB050142460AEB2D
:10CBD0000900CDF814C00693E3F340F3069B0C2242
:10CBE00002FB093002FB053102FB08F2E3F336F3E6
:10CBF000DDF814C0069B3146002207E007EB460033
:10CC000030F802E00EF1010E20F802E001310232AC
:10CC10000D29F3D91299CBEB0502009113990AEB78
:10CC20000B000191079992B202910C2101FB0B318B
:10CC3000634600F083FA238E00200133238604E04C
:10CC40006FF0150001E06FF0160009B0BDE8F08F3D
:10CC50002DE9F04F87B005920268B0F82080126885
:10CC60009C46D2690446D2F8C820B0F822A090456C
:10CC7000838CC78C4CDA8279002A4CD101F0F00603
:10CC80003611C719B2B237F812B0013237F8125064
:10CC900082444545034419D2C5EB080805F1010952
:10CCA0000AEB050142460AEB0900CDF80CC00493DB
:10CCB000E3F3D4F2049B4FEAC80203EBC90003EB91
:10CCC000C501E3F3CBF2DDF80CC0049B3146002232
:10CCD00007E007EB460030F802E00EF1010E20F805
:10CCE00002E0013102320D29F3D91099CBEB050294
:10CCF000009105990AEB0B00019192B203EBCB0175
:10CD0000634600F02BFA238C00200133238404E0D7
:10CD10006FF0150001E06FF0160007B0BDE8F08F6E
:10CD20000368F0B5DB690C25B3F8C020064605FBA7
:10CD300002F4433222F003020134A418B3F8C420F1
:10CD40004FF6FE7102F11F006A4321404118501C4A
:10CD50004FF6FC720A408218B3F800014FF6FE71DC
:10CD600000F11F046843114061184FF6FC72013056
:10CD70000A408218B3F8C8004FF6FE7100F11F0494
:10CD800011406118C0004FF6FC7201300A40821851
:10CD9000B3F8CC004FF6FE7100F11F04114061188A
:10CDA000C0004FF6FC720A40B3F80431013080181D
:10CDB0004FF6FE7203F11F010240DB008A18591C76
:10CDC0004FF6FC731340CB184FF6FE771F401C370D
:10CDD000BFB287B03846E8F37BF20446002800F083
:10CDE000BC8000213A46E3F35DF24023638233685E
:10CDF0004FF6FC72DB692660B3F8C010A78001F122
:10CE00004300024005FB0121A28201314FF6FE7270
:10CE10000A40B3F8C410E2821C3292B2C81C101847
:10CE200062834FF6FC72024005FB0121A2830131AF
:10CE30004FF6FE720A40B3F80011E2831C3292B240
:10CE4000C81C101862864FF6FC72024005FB0121D7
:10CE5000A28601314FF6FE720A40B3F8C810E2868E
:10CE60001C3292B2C81C101862844FF6FC72024049
:10CE700002EBC1010131A2844FF6FE720A40B3F801
:10CE8000CC10E2841C3292B2C81C101862854FF696
:10CE9000FC72024002EBC1010131A2854FF6FE7225
:10CEA0000A40B3F80411E2851C3292B2CB1C6287AF
:10CEB000D2184FF6FC731340A38703EBC103013371
:10CEC0004FF6FE721A40E2870025274F57F835309B
:10CED00063B1264B29018DE81800DD22204601F0C0
:10CEE000F001234BFFF71AFD002836DB01350D2D2D
:10CEF000EBD1002557F8353053B12901DD2220460A
:10CF000001F0F0011B4B0094FFF7A2FE002824DB88
:10CF100001350D2DEED1184BB0218DE81800FF2200
:10CF20002046164BFFF7FAFC002816DBB021FF2243
:10CF30002046134B0094FFF78BFE00280DDB114BAE
:10CF4000002102933068104A234600910191039119
:10CF500004910591FBF77AF818B12046FFF7CCFC55
:10CF60000024204607B0F0BD685901000DD58500AA
:10CF700061D58500ADD58500F1E0000043E10000FA
:10CF800091E0000099D485000D5A01002DE9F74386
:10CF9000DDF8289007460E4615469846002456FAB6
:10CFA00004F3D8070AD52101384601F0F0012A46DA
:10CFB0004346CDF80090FFF74BFE18B901340D2C15
:10CFC000EDD10020BDE8FE832DE9F04F87B005923A
:10CFD0000268B0F8288012689C46D2690446D2F8EC
:10CFE000CC20B0F82AA09045838DC78D4CDA827989
:10CFF000002A4CD101F0F0063611C719B2B237F849
:10D0000012B0013237F8125082444545034419D218
:10D01000C5EB080805F101090AEB050142460AEBD8
:10D020000900CDF80CC00493E3F318F1049B4FEA18
:10D03000C80203EBC90003EBC501E3F30FF1DDF810
:10D040000CC0049B3146002207E007EB460030F895
:10D0500002E00EF1010E20F802E0013102320D294A
:10D06000F3D91099CBEB0502009105990AEB0B005F
:10D07000019192B203EBCB01634600F06FF8238D70
:10D0800000200133238504E06FF0150001E06FF00C
:10D09000160007B0BDE8F08F2DE9F743DDF82890C2
:10D0A00007460E4615469846002456FA04F3DB0759
:10D0B0000AD52101384601F0F0012A464346CDF851
:10D0C0000090FFF781FF18B901340D2CEDD100203D
:10D0D000BDE8FE832DE9F047089F9A4604469DF877
:10D0E0002460034600250CE013F8010B86420AD0A9
:10D0F0001DB113F802ECB64501D2864203D90135C1
:10D10000ADB29542F0D1AA4207FB05180ED9C5EB86
:10D110000209414607FB09F208EB0700E3F39EF022
:10D12000681C201861194A46E3F398F040465146BE
:10D130003A46E3F333F06655BDE8F0877FB50393D5
:10D14000089B0493099B05930C2300939DF82830BA
:10D15000019303ABFFF7BEFF07B000BD1FB50293FD
:10D16000069B0393082300939DF81C30019302ABA8
:10D17000FFF7B0FF05B000BD37B5254BD0F894568A
:10D1800004460093019040F23F1128467F22214B34
:10D19000FFF746FC00283AD11F4B28468DE81800BF
:10D1A00041F63F5140221D4BFFF7C6FC78BB1C4B9C
:10D1B00028468DE8180040F63F119822194BFFF7DA
:10D1C000BBFC20BB184B28468DE8180040F22F11FD
:10D1D000A822164BFFF7B0FCC8B9284640F20F1141
:10D1E0007F22134B0094FFF7D1FE80B9284640F20E
:10D1F0000F1198220F4B0094FFF74EFF38B92846C5
:10D2000040F20F11A8220C4B0094FFF745FF3EBDE2
:10D2100055F0850081EC8500A1F08500A1EC85002A
:10D2200009F0850007E2000019F1850015ED850081
:10D23000C5ED850085ED850001EE850037B5104B05
:10D24000D0F8945604460093019005212846002208
:10D250000C4BFFF7E5FB90B90B4B28468DE8180007
:10D2600005210122094BFFF7DBFB40B9084B28469B
:10D270008DE8180005213222064BFFF7D1FB3EBD99
:10D2800049E7850011E7850065E785001DE7850012
:10D290002DE7850001E7850037B5254BD0F894567A
:10D2A0000446009301904FF4907128460022214BD0
:10D2B000FFF7B6FB00283AD11F4B28468DE818002F
:10D2C0004FF4907101221D4BFFF7AAFB78BB1C4B5A
:10D2D00028468DE818004FF490713222194BFFF761
:10D2E0009FFB20BB184B28468DE818004FF4907127
:10D2F0000322164BFFF794FBC8B9154B28468DE85F
:10D3000018004FF490710622124BFFF789FB70B999
:10D31000284680210522104B0094FFF799FC30B974
:10D320002846802105220D4B0094FFF791FC3EBD5D
:10D3300001EC850089E985003DEC850091E98500D7
:10D34000A5EB850045E9850079EB850031E985008D
:10D35000CDEB850061E985009DE9850019EB85002D
:10D3600037B5154BD0F894560446009301904021F0
:10D3700028460022114BFFF7D1FAE0B9104B28469E
:10D380008DE81800402101220E4BFFF7C7FA90B933
:10D390000D4B28468DE81800402132220B4BFFF739
:10D3A000BDFA40B90A4B28468DE8180040210322F7
:10D3B000084BFFF7B3FA3EBD8DF2850031F28500D0
:10D3C000A5F285003DF2850071F2850021F285000D
:10D3D00049F2850011F2850037B50A4BD0F8945612
:10D3E000044600930190B02128461022064BFFF717
:10D3F00095FA30B92846B0211022044B0094FFF76B
:10D4000027FC3EBD65E8850081E78500ADE7850026
:10D4100037B5D0F8945604460090C0212846002223
:10D42000114BFFF7B3FDF0B92846C02101220F4B85
:10D430000094FFF7ABFDB0B92846C02106220C4B83
:10D440000094FFF7A3FD70B92846C021A822094B1C
:10D450000094FFF721FE30B92846C0219822064BE0
:10D460000094FFF719FE3EBDF9F2850021F3850017
:10D47000D9F285003DF38500C1F2850010B5044660
:10D4800050B10368054918682246FAF784FD204622
:10D49000BDE81040E7F32EB710BD00BFAA5A010047
:10D4A00038B505460C20E7F313F7044638B10021E0
:10D4B0000C22E2F3F7F60C232560A38001E0FFF7CE
:10D4C000DDFF204638BD28B18368DA88013ADA806A
:10D4D000E7F310B770472DE9F04F9B46038B87B0F9
:10D4E000C518C65AB5F80480438AC6EB08089845A3
:10D4F00005919446878AB0F816A032DA6C88C7196D
:10D500004445824416DAC4EB080804F101093919CC
:10D51000424607EB0900CDF810C0E2F39FF60C225B
:10D5200002FB09A002FB04A102FB08F2E2F396F65B
:10D53000DDF810C06B88A21B01336B80AB880C2117
:10D540000133AB80109BB8190193059B01FB06A129
:10D55000029392B26346CDF800B0FFF7EFFD0020D2
:10D5600001E06FF0150007B0BDE8F08F2DE9F04F36
:10D570009B46038B9446C518AC8830F80380428ADA
:10D58000C8EB040387B093420591878AB0F816A0D0
:10D590002FDA9C42074482446E8816DAC8F10008EC
:10D5A00004F101093919424607EB0900CDF810C012
:10D5B000E2F354F60C2202FB09A002FB04A102FBD9
:10D5C00008F2E2F34BF6DDF810C0AB88A21B013382
:10D5D000AB80109B0C210193059BB819029301FBB2
:10D5E00006A192B26346CDF800B0FFF7A7FD002078
:10D5F00001E06FF0150007B0BDE8F08F2DE9F04FA6
:10D600009B46038C85B0C518C65AB5F80480438B79
:10D61000C6EB0808984503919446878BB0F81EA086
:10D620002EDA6C88C7194445824415DAC4EB080821
:10D6300004F101093919424607EB0900CDF808C089
:10D64000E2F30CF60AEBC9000AEBC4014FEAC80288
:10D65000E2F304F6DDF808C06B88A21B01336B808F
:10D66000AB88B8190133AB80039B0AEBC601019369
:10D6700092B26346CDF800B0FFF770FD002001E0E4
:10D680006FF0150005B0BDE8F08F00002DE9F04FF8
:10D69000036885B003931B681546DB69C288D3F81D
:10D6A000D03007469A420E465BDA09B14E1CB6B23C
:10D6B0000DB10135ADB206F127034FF6FC7A03EA4E
:10D6C0000A0A0C2303FB06A34FF6FE78013303EA94
:10D6D000080808F10903EB184FF6FC7B03EA0B0B73
:10D6E0000BEBC50201324FF6FE73134003F106093E
:10D6F0001FFA89F948460293E7F3EAF50446002841
:10D7000030D000214A46E2F3CDF5029B03992384F1
:10D71000FB88A4F81880242208F106080133216050
:10D72000A760A4F81090A282A4F816A0A4F81C8008
:10D73000A4F81EB066826583FB8046B1DD212046D9
:10D740000C4A0D4B0094FFF7C6FE00280ADB6DB1B2
:10D75000DD212046094A2346FFF750FF002805DA5D
:10D7600000E000242046FFF7AEFE0024204605B06E
:10D77000BDE8F08F85F5850041F58500BDF5850094
:10D780007FB50A4A03460092002201920292039258
:10D79000049205920649074A0068FAF757FC0028E8
:10D7A00014BF4FF0FF30002007B000BD991E860067
:10D7B00078F08800AE5A0100024602490068FAF784
:10D7C000EABB00BFAE5A010010B5044648B1036879
:10D7D00021461868FAF7FEFC2046BDE81040E7F342
:10D7E00089B510BD37B505460820E7F377F504463F
:10D7F000A0B10560002201900C2128460A4B00923E
:10D80000FDF746FF0028606008DB084B286800939E
:10D810002146074A0423FAF76CFC18B12046FFF7AB
:10D82000D3FF002420463EBD1D2686002CF1880033
:10D830003126860010B50446C06818B1E7F35AF5E2
:10D840000023E36010BD10B50446A020E7F340F5C7
:10D8500070B1E060A06000F1900203461033934283
:10D8600043F8103CFAD10023C0F89030184610BDA0
:10D870006FF01A0010BD000038B50446002852D0E1
:10D88000002105683FF04EDA20463FF02BD863694F
:10D8900033B12046002141F015DA606938F044DCEC
:10D8A000A36933B12046012141F00CDAA06938F0B8
:10D8B0003BDC236933B12046022141F003DA2069C1
:10D8C00038F032DCE36F33B12046032141F0FAD95E
:10D8D000E06F38F029DC204641F09AD9D4F898005E
:10D8E000E7F308F501E03EF027DEE1692046002974
:10D8F000F9D1FFF79FFFD5F8440118B10A492A462C
:10D9000000F08FF9286809492246FAF744FBD4F859
:10D91000A8301BB104F1A800E1F3DAF62046BDE817
:10D920003840E7F3E7B438BD11428600F4C88900F7
:10D9300030B5054687B0B020E7F3CAF404460028A6
:10D9400000F099800021B022E2F3ACF40A2384F8BD
:10D950004330012384F84830FF2384F8203084F8D2
:10D96000213084F8223084F823302560C420E7F386
:10D97000AFF4C4F8980000287DD020463FF0C4D909
:10D9800020463FF047DD2B6841F26B02D3F8D430DC
:10D9900020F07F00196BA0879142204608D19B6A36
:10D9A000932B05D13FF036DDC0F58440683001E0AF
:10D9B0003FF034DDE087E38F204623F07F03E387E9
:10D9C0003FF02CDD41F2883222652E4A002320F000
:10D9D0007F00A4F84000E36400922B4A0493019274
:10D9E0002A4A059302922A4A2868039229492A4A18
:10D9F0002346FAF72BFB00283DD1D5F8E80538F08F
:10DA000069DB6061002836D0D5F8E80538F062DBC4
:10DA1000A06180B3D5F8E80538F05CDB206150B335
:10DA20002046FFF710FF30BBD5F8E80538F052DB91
:10DA3000E06700B3012384F87830D5F8440141F25F
:10DA40007073A4F87A3020B114492A4600F0E6F841
:10DA500088B9204601213FF065D94FF44843A365BA
:10DA60000023E36532232366D5F8380604F1A801C4
:10DA7000E1F318F618B12046FFF7FEFE0024204619
:10DA800007B030BD59348600B15286003952860045
:10DA9000ED3686004CF18800F4C8890011428600FA
:10DAA00038B50446002827D005681449286822465E
:10DAB000FAF771FA236A1BB104F12000E1F308F6CA
:10DAC000E3691BB104F11C00E1F302F6A3691BB189
:10DAD00004F11800E1F3FCF563691BB104F11400D3
:10DAE000E1F3F6F5284606492246FDF7F4FD204607
:10DAF000BDE83840E7F3FEB338BD00BFB0CB8900C6
:10DB00002D62860070B5054686B03020E7F3E6F357
:10DB10000446002859D04FF0FF3303610422FF214F
:10DB200005600A30E2F3BEF30B2104F10E00E3F3CB
:10DB300091F700238DE8180004212846264A274B38
:10DB4000FDF7A6FD002860603FDB284624492246F9
:10DB5000FDF7BCFD002838D1D5F8386604F1140172
:10DB60003046E1F39FF500282FD1304604F118012B
:10DB7000E1F398F548BB304604F11C01E1F392F55E
:10DB800018BB304604F12001E1F38CF5E8B9154BE0
:10DB900001900093144B04900293144B059003934F
:10DBA00028681349134A2346FAF750FA68B9204601
:10DBB00041F09ADF20B12046012141F0C9DF20B9B0
:10DBC0003223A3622623636203E02046FFF768FF47
:10DBD0000024204606B070BD45638600FD628600C5
:10DBE0002D628600A962860051658600F962860072
:10DBF0003CF28800B0CB89004069E1F32FB5406961
:10DC0000E1F38EB58069E1F329B58069E1F388B568
:10DC1000C069E1F323B5C069E1F382B5006AE1F3BD
:10DC20001DB5006AE1F37CB538B5044660B10568FE
:10DC3000224606492868FAF7AEF92046E7F35AF378
:10DC40002B68002283F84E2038BD00BF54CC8900D9
:10DC500070B50368002686B0054683F84E600C2038
:10DC6000E7F33CF30446002843D0234B05602349E7
:10DC70008DE848002868224A2346029603960496B7
:10DC80000596FAF7E3F9064600282ED18DE8110033
:10DC90001C2128461B4A1C4BFDF7FAFC002860603B
:10DCA00023DB0C212846194A194B0096019401F0F8
:10DCB00035FF0028A06018DB164BD5F894068DE8D8
:10DCC00018000A213822144BFEF7AAFE68B9D5F8CD
:10DCD00094060A213822114B0095FFF757F920B915
:10DCE0002B68012283F84E2003E02046FFF79CFFBB
:10DCF0000024204606B070BDD971860054F2880019
:10DD000054CC8900A97186007D71860091768600C9
:10DD10005D7686007D7786001977860049778600D4
:10DD200070B5064686B00820E7F3D2F20446A0B1EB
:10DD30000B4B0025066045600A498DE828003068D5
:10DD4000094A23460295039504950595FAF77EF94D
:10DD500018B12046E7F3CEF22C46204606B070BD3F
:10DD60004D7E860098F28800B0C6890010B5044642
:10DD700050B10368054918682246FAF70CF92046A5
:10DD8000BDE81040E7F3B6B210BD00BFB0C68900D1
:10DD900070B5044600282AD0066822463068144927
:10DDA000D6F84451FAF7F7F8224630461149FDF704
:10DDB00092FC224630461049FDF799FC224628463F
:10DDC0000E49FFF71CFF224628460D49FFF71DFFAD
:10DDD000224628460B49FFF71EFF28460A492246DD
:10DDE000FFF71FFF2046BDE87040E7F383B270BD28
:10DDF00035D289005D8786006D978600FD84860098
:10DE0000E9868600CDAA8600A5928600F0B5D0F8F6
:10DE1000446187B005465820E7F35AF204460028CB
:10DE200000F0938000215822E2F33CF220462021AA
:10DE3000494A40F8205BE2F39BF201274FF0FF33A1
:10DE4000E06184F84070A4F84C30304643492246E3
:10DE5000FFF7D2FE002878D1304641492246FFF72D
:10DE6000D1FE002871D130463E492246FFF7D0FE50
:10DE700000286AD130463C492246FFF7CFFE0028F1
:10DE800063D1284639492246FDF72CFC0646002876
:10DE90005BD18DE8110004212846354A354BFDF74A
:10DEA000F7FB0028206150DB2846394632463346CE
:10DEB00000960194FDF7ECFB0028606145DB04212E
:10DEC00028462D4A2D4B0096019401F027FE00288C
:10DED000A0613ADB28462A492246FDF7F7FB0028D5
:10DEE00033D1284B03EBC60253F8363063B1526886
:10DEF00052B131018DE81400D5F8940601F0F0011B
:10DF0000C022FEF7ADFD00BB01360D2EE9D11E4B40
:10DF10001E4A0093002301930292039304930593F6
:10DF200028681B491B4A2346FAF790F868B920462F
:10DF300046F0F6D820B12046012144F0C3D820B9DC
:10DF4000636C43F00403636403E02046FFF720FFA3
:10DF50000024204607B0F0BDB15A0100FD848600C0
:10DF6000E9868600CDAA8600A59286006D97860078
:10DF70000192860089918600059E8600F19D8600AB
:10DF80005D878600C49E0200198A860055AB860014
:10DF9000ECF2880035D2890038B50446D0B18068EB
:10DFA00008B1E7F3A7F1236943B90EE0236953F8F9
:10DFB000350008B1E7F39EF1013500E00025E36884
:10DFC0009D42F3DB2069E7F395F12046BDE8384038
:10DFD000E7F390B138BD00002DE9F0410546182067
:10DFE000E7F37CF10446002833D02B680560DB6939
:10DFF0000C20DB6901335843E7F370F1A06040B3B4
:10E000002B681820DB69DA695B6F6260E360E7F315
:10E010005FF12061E8B1124918220026E2F3BEF058
:10E0200037460EE00E4BD4F810809B19187980000B
:10E03000E7F354F1236948F806009B59083643B1C9
:10E040000137E3689F42EDDB6B68064ADC609A604B
:10E0500003E02046FFF7A0FF00242046BDE8F08142
:10E060002C9F0200B9BC860010B5C468A1420BDA2F
:10E07000006900EBC1042479A24208DA50F831109B
:10E08000002041F8223010BD6FF0150010BD6FF078
:10E09000150010BD47F06C9B10B50446FFF7FAFF62
:10E0A000E084000C84F82800002010BDD0F8F03384
:10E0B00010B5044683B1D3F8280830B1E7F31AF15C
:10E0C000D4F8F0330022C3F82828D4F8F003E7F39B
:10E0D00011F10023C4F8F03310BDC36B10B5044632
:10E0E00083B1836B5B6B0B2B07D1D0F8E00320B1BE
:10E0F000E7F300F10023C4F8E033E06BE7F3FAF054
:10E100000023E36310BD10B504460120E7F3E0F0FF
:10E110000346E063A8B100210122E2F3C3F0A36B40
:10E120005B6B0B2B0CD14FF49470E7F3D1F00346EB
:10E13000C4F8E00328B100214FF49472E2F3B2F086
:10E140000123184610BD70B5044640F678100D4600
:10E15000E7F3BEF0C4F8F003002831D0002140F608
:10E160007812E2F39FF0B4F85220D4F8F03300268E
:10E170001A70D4F8F033204683F8B660C3F8B06064
:10E18000D4F8F03383F8B460A36B83F88460A36B96
:10E190001E679E673C23C4F8BC301023C4F8C0300F
:10E1A000C4F8C46000F09AFFA36B022D0CBF1A6F75
:10E1B0009A6F0020DA6684F8C36284F8C26270BD88
:10E1C0006FF01A0070BD0000B0F8C632F7B5044613
:10E1D0000E46FBB10846E2F311F107461348E2F39D
:10E1E0000DF13F181037BFB23846E7F371F005461E
:10E1F000B8B1B4F8C632394600930D4A3346E2F35B
:10E20000B7F0E06C2946E2F3E9F607462846E7F363
:10E2100071F03FB9E06C314603B0BDE8F040E2F385
:10E22000DDB60746384603B0F0BD00BF8F9F020041
:10E230007A9F0200044B1B78012B02D10020007052
:10E240007047FFF7C1BF00BFFC0300002DE9F34793
:10E250001C46B0F8C632074688469146C66C002B6D
:10E2600032D00846E2F3CAF082462248E2F3C6F012
:10E2700082440AF1100A1FFA8AFA5046E7F328F09E
:10E28000054600282FD0B7F8C632514600931A4AE7
:10E290004346E2F36DF038462946FFF7CBFF0746C9
:10E2A00068B130462946E2F38DF640B1484506DDB7
:10E2B000304629464A46E2F379F6824600E0A24615
:10E2C0002846E7F317F08FB930464146E2F37AF675
:10E2D00058B1484509DD304641464A4602B0BDE8DE
:10E2E000F047E2F363B6824600E0A246504602B031
:10E2F000BDE8F0878F9F02007A9F020010B5144698
:10E30000FFF798FF28B100210A46BDE81040E2F36C
:10E3100001B4204610BD000038B500220D46084962
:10E320000446FFF7EBFFC0B22823A84284F8660337
:10E3300084F8D531CCBF84F8663384F8D50138BD74
:10E34000D69F0200012238B580F860200A23826B34
:10E35000002580F89E31032380F89F3180F86F53A9
:10E3600080F8715380F8735380F8755380F87753B1
:10E3700080F8BA5182F88A304FF6CE73A0F878321E
:10E3800014491422C0F874520446FFF7B7FF12492B
:10E3900084F866032A462046FFF7B0FF7F2384F8FF
:10E3A0007B304FF0FF33A4F8983004F5F673C4F8CF
:10E3B0008C31642384F858300423C4F8280384F88B
:10E3C0006C50C4F8E453C4F8745284F8D43184F81F
:10E3D000D63138BDD69F02005E9F02000022FFF7B3
:10E3E0008DBF000010B517490446FFF7F7FFC0B214
:10E3F00084F8E8030138C0B2FD2802D9732384F8F9
:10E40000E83394F8E833204684F8E9330E49FFF7FF
:10E41000E5FFC0B284F8EA0308B10F2802D1052352
:10E4200084F8EA3394F8E82394F8EA33D31A84F8AA
:10E43000EB33002384F8EC3384F8EE33112384F8B3
:10E44000ED3310BD849F0200E79F02002DE9F041EB
:10E4500005460C4617461E46FFF7ECFE38B1284627
:10E4600021463A463346BDE8F041FFF7EFBE30465D
:10E47000BDE8F0810023FFF7E9BF000070B501227D
:10E480000D463C490446FFF739FF3B4984F86803D1
:10E4900000222046FFF732FF384984F82C03072278
:10E4A0002046FFF72BFF364984F82D032046FFF75F
:10E4B000C1FE88B132492046A66BFFF78FFF304975
:10E4C00030672046A66BFFF789FFA36BB067022D6C
:10E4D0000CBF1A6F9A6FDA662A4900226FF0950313
:10E4E0002046FFF7B3FF274984F834030122204672
:10E4F0006FF09503FFF7AAFF022584F83503002388
:10E500002A4620461F49FFF7A1FF63190135052D53
:10E5100083F83403F3D100252A4620461A49FFF731
:10E52000A9FF631901350E2D83F85703F4D1012398
:10E5300084F86733062220461449FFF7DFFE0022E5
:10E5400084F8650312492046A56BFFF7D7FE1149F1
:10E5500085F82C0100222046FFF7D0FE002384F826
:10E560003E034021204684F82433BDE87040FFF785
:10E57000D3BE00BF6E9F0200449F0200C89F0200EE
:10E58000A09F0200F89F0200C19F0200959F020019
:10E59000AD9F0200699F020010B5044628B10468CF
:10E5A000003418BF0124E6F3A5F6204610BD10B5CF
:10E5B000848B0C80018C118040F2DA321A8090F842
:10E5C0003520029B01201A8010BD90F8340070475E
:10E5D000C06A7047836B9961704738B5044600285C
:10E5E0003ED0C56D013DC565002D39D1FFF75EFDFB
:10E5F0002046FFF772FDD4F8801229B1A36B186989
:10E6000000F08CFDC4F88052002584F89551204616
:10E6100046F0E4DEA26B1368A34202D1A36C136040
:10E6200003E09A6CA2421DD19D64D4F8943A0BB1D8
:10E6300020469847A36B186951F094D8D4F8E41396
:10E6400020B141B1204647F08FD804E019B1A36B47
:10E65000986852F0CDDC2046E6F34CF6002038BD39
:10E66000012038BD012038BD2DE9F0478A46002140
:10E6700004461546C0680A4676469946EBF3DCF632
:10E68000804600070CD5276857B1BB6BC7F84C9084
:10E690001869F96A51F02CD8FB6D0133FB65CEE0A7
:10E6A0004FF42F60E6F314F6074628B96FF01A000E
:10E6B000314648F0A3DDC5E000214FF42F62E1F3BD
:10E6C000F1F5FB6DC7F844A00133FB652368BC631B
:10E6D000BB640123C7F84C90276087F85930E26C7F
:10E6E00041F26B039A4205D1636C932B0CBF01235B
:10E6F000182300E01823022DA7F88A3005D118F05E
:10E70000010F1CBF4FF40053FB62BB6BF96A186921
:10E7100050F0EEDF7B6CB3F8E0831FFA88F808F462
:10E7200070631B0AFB615FFA88F33B62BB6BD868BE
:10E73000F8F739FCFB69A7F8C602092B04D10423BA
:10E74000FB613B6A10333B62012387F824304FEAB8
:10E7500018333B633846FFF79FFC002875D14FF410
:10E760008053A7F856304DF2240241F20103022DE6
:10E7700018BF1346A7F8523038463749FFF75AFDFD
:10E7800038B138463449D7F83880FFF727FEC8F843
:10E7900068003846FFF7B7FC002856D038462946AF
:10E7A000FFF76CFE3846FFF7CDFD384600F0D2FB90
:10E7B00000284AD029463846FFF7C5FC0546002800
:10E7C00043D13846FFF70EFE384647F001DD3846A4
:10E7D000012146F0AFDD3846294648F083DB4FF093
:10E7E000FF33C7F8D432C7F8D832C7F8DC32C7F8DD
:10E7F000E032C7F8E432C7F8E832C7F8EC32C7F8BD
:10E80000F032384607F11C011C22E1F3C7F42069FD
:10E8100050F0A8DF60B1BB6B986852F035DEC7F8E6
:10E82000F80328B96FF01A00314648F0E7DC0CE035
:10E830003846002148F04CDA002387F8FC3907F10C
:10E840004C03FB643846BDE8F0873846FFF7C5FE49
:10E850000020BDE8F08700BF519F020070B505465B
:10E860004FF498707646E6F333F5044628B96FF016
:10E870001A00314648F0C2DC39E000214FF49872AA
:10E88000E1F310F52B68A3606B68E360AB6823616C
:10E89000EB6863602B6963612B8CA3846B8CE384CE
:10E8A0006B6AA362AB6AE362EB6A23632B6B6363FD
:10E8B0006B6B6364AB6BA364EB6BE3642B6C2365E2
:10E8C0006B6C6365AB6CC4F81C316B69A365AB6999
:10E8D000E3650F2323663D2363667923A366012343
:10E8E000C4F818310323E366002384F88B302046F4
:10E8F00070BD00007FB50A4B0A49009300230193C5
:10E900000293039304930593074A0368F9F79EFB68
:10E91000002814BF4FF0FF30002007B000BD00BF3B
:10E9200005E3860068F48800B95A010001490268CD
:10E93000F9F731BBB95A01000023F0B51C4607E0D6
:10E94000CE183568C718C550756801347D60083326
:10E950009442F5D1F0BD000038B5046C0023C4F832
:10E96000243690F86D53094B094A4FF48060002D0E
:10E970000CBF15461D46E6F3ABF4C4F8240620B1DF
:10E9800029468022FFF7D8FF012038BD66AD02007E
:10E9900066B1020070B517494FF0FF32046C0546AE
:10E9A000FFF7ACFC1449C4F8500517222846FFF7BE
:10E9B000A5FC0026C4F8540510496FF0250284F820
:10E9C00058652846FFF79AFC0D49A4F848053246D9
:10E9D0002846FFF793FC0B49A4F8040C6FF00302E0
:10E9E0002846FFF78BFCB4F84835C318A4F8063C5A
:10E9F00070BD00BF1DA0020046A802002FA80200A3
:10EA00009CAC020007AD020038B527490446FFF769
:10EA1000E5FCC0B228288CBF0023012384F86903D9
:10EA200084F8CA0384F86D3320462049FFF7D6FCEA
:10EA3000082820461CD81E490022FFF71BFD80B283
:10EA40000022C4F8FC001B492046FFF713FD1A49B9
:10EA5000C4F800012046FFF7C1FC184905462046CE
:10EA6000FFF7BCFC80B240EA0545C4F8045113E04E
:10EA700013490022FFF7FEFC80B2C4F8FC001149E4
:10EA800000222046FFF7F6FC0F49C4F8000120469B
:10EA9000FFF7A4FCC4F8040120460C49FFF79EFCD4
:10EAA00084F8080138BD00BF1EA40200EFAC0200CC
:10EAB00014A802003DA802004CA0020038A00200E9
:10EAC00090AC020035AD0200A1A80200C4A702006C
:10EAD000F8B5A4490022056C0446FFF7CBFCA14918
:10EAE00085F8BC0401222046FFF7C4FC9E4985F846
:10EAF000BD04002207232046FFF7A8FC922385F8D7
:10EB0000BE04994901222046FFF7A0FC974985F8E9
:10EB1000BF0400222046FFF7F1FB9549C5F8C40465
:10EB200000222046FFF7EAFB0026A5F85804914989
:10EB300085F8336420463246FFF7E0FB8E49A5F89E
:10EB40000A042046FFF74AFCB8B1012385F83334A4
:10EB50002F464223324620468749FFF777FCAB1900
:10EB6000C0B283F82604B5F80A340136C018A7F8F5
:10EB70000C0402370D2EECD10DE0804942222046D4
:10EB8000FFF7BCFBC2B285F8082420467C49FFF79A
:10EB9000B5FBA5F806047B4900222046FFF7AEFB33
:10EBA000794985F838044FF0FF322046FFF7A6FB7D
:10EBB0007649A5F868054FF0FF322046FFF79EFB27
:10EBC0007349A5F86A054FF0FF322046FFF796FB20
:10EBD0007049A5F86E054FF0FF322046FFF78EFB17
:10EBE0006D4985F8700500222046FFF787FB002657
:10EBF00084F87400324620466849FFF73BFCAB19A5
:10EC000001360E2E83F80606F4D1A122644920466F
:10EC1000FFF774FB6349C5F8C00546F20F62204652
:10EC2000FFF76CFB0822C5F8C4055F492046FFF7D3
:10EC300065FB5E49C5F8C8056FF008022046FFF77E
:10EC40005DFB5B49C5F8CC0540F6BB722046FFF77B
:10EC500055FB0A22C5F8D00556492046FFF74EFB62
:10EC60005549C5F8D4056FF044022046FFF746FB2E
:10EC70005249A5F802066FF04A022046FFF73EFB14
:10EC80000122A5F804064E492046FFF737FB80B263
:10EC9000031C18BF012300F0020085F84A353F220B
:10ECA00085F84B0547492046FFF728FB642285F885
:10ECB0004C0545492046FFF721FB4449C5F85C0552
:10ECC0004FF0FF322046FFF719FBC5F86005013011
:10ECD00018BF012085F864053D4900222046FFF752
:10ECE0000DFBC0B200F00F03000900F0010085F831
:10ECF000143685F817063749002226232046FFF7E9
:10ED0000A5FB3449A5F81806012242232046FFF747
:10ED10009DFB5023A5F81A062E4902222046FFF734
:10ED200095FB0622A5F81C062B492046FFF7E6FABC
:10ED300085F81E062046FFF767FE94F86D232046EF
:10ED4000002A4DD12549FFF795FB2449A4F88203F9
:10ED500001222046FFF78EFB2049A4F87E032046BF
:10ED60004DE000BFC8AC020073A8020087AC0200EF
:10ED700054AC02007FA8020074AC0200B1AC0200E7
:10ED8000E3AC020008A0020055A00200F7AC0200AC
:10ED900061A802001CA80200BAAC02004CAD02003F
:10EDA00025A802008DA80200D2AC0200D9AC020056
:10EDB00014A002005FAD02002AAD020067AC0200A1
:10EDC000DFA70200ADA80200FAA70200E8A7020030
:10EDD00041A0020080AC0200D1A7020045AD0200B4
:10EDE00025490022FFF746FB2349A4F882030122AC
:10EDF0002046FFF73FFB2049A4F87E03204602226D
:10EE0000FFF738FB0023A4F880031C4985F833364C
:10EE100020460222FFF71AFB10B1012385F8333692
:10EE200095F833362BB3154900222046FFF722FB15
:10EE30001249A4F82C0A01222046FFF71BFB0F49B8
:10EE4000A4F8280A02222046FFF714FB0C49A4F874
:10EE50002A0A00222046FFF751FA0A4985F83106AE
:10EE600028222046FFF74AFA002385F8320684F864
:10EE700067330120F8BD00BF0AA80200A5AC02005C
:10EE8000DAA702005AAD020038B50E49046C0546F7
:10EE9000FFF7A4FA0C4984F829062846FFF79EFAE2
:10EEA000FF2284F82A0609492846FFF727FA08496D
:10EEB00084F830062846FFF791FAC4F82C060120A2
:10EEC00038BD00BF5EAC020096A802002BA0020075
:10EED00051A8020038B50446056C4FF46770E6F39C
:10EEE000F7F1C5F82006236CD3F82006B0B1D4F8AA
:10EEF000DC300B4A934207D00A4A934206D00A4AB2
:10EF000093420AD1094902E0094900E009494FF456
:10EF10006772E1F343F1012038BD002038BD00BF26
:10EF2000C0AD3A0280BA8C0100F82401B8A80200F2
:10EF300082A0020028A4020010B504464EF00AD8B0
:10EF4000236CD3F82006E6F3D5F1206CBDE8104021
:10EF5000E6F3D0B170B5044640F60840E6F3B8F1E8
:10EF600005462064002800F08380002140F6084216
:10EF7000E1F398F10125A36B84F8825084F8F050F6
:10EF8000D868EBF3BDF13B4BC4F8DC00C4F8483A59
:10EF9000394B2046C4F84C3A384BC4F8503A384BF9
:10EFA000C4F8543A374BC4F8A03A374BC4F85C3A2B
:10EFB000364BC4F8643A364BC4F86C3A354BC4F857
:10EFC000703A354BC4F87C3A344BC4F8B43A344BFD
:10EFD000C4F8B03A334BC4F8C03A334BC4F8BC3A27
:10EFE000324BC4F8C43A324BC4F8C83A314BC4F877
:10EFF000CC3A314BC4F8943A304BC4F8D03A304B49
:10F00000C4F8D43A2F4BC4F8D83A2F4BC4F8DC3AA2
:10F010002E4BC4F8E03AFFF75BFD40B32046FFF704
:10F0200059FF20B32046FFF797FC00B32046FFF7B7
:10F03000B1FC236C204683F8C054FFF725FF244918
:10F0400000222046266CFFF759F9224986F834063B
:10F0500000222046FFF752F91F4984F890022A4601
:10F060002046266CFFF74AF986F8350600E005468B
:10F07000284670BD554B8700114A8700154A870006
:10F08000B95E87008D358700214B8700915E870030
:10F09000CDEC8600296487001D4B8700895F8700BF
:10F0A00015F98600D5F88600493887006149870040
:10F0B000CD218700C5F90000415D0200F50A8700F7
:10F0C000F90A8700F10A8700FD0A87000D0B870007
:10F0D00072A0020064A0020014AD0200836B93F8DA
:10F0E0002C210AB1042200E003221A67DA66704775
:10F0F000F8B507460C200D461646E6F3E9F004463F
:10F1000030B100210C22E1F3CDF027606660A560EC
:10F110002046F8BD08B1E6F3EDB070478068F2F321
:10F120005BB4000070B5064686B06C20E6F3D0F004
:10F130000446D0B100216C22E1F3B4F00823A361AE
:10F140000E4B26600025009330680D490D4A23467A
:10F1500001950295039504950595F8F777FF38B961
:10F160003268012382F892302371204606B070BDC8
:10F170002046E6F3BFF02C46F7E700BF0D69870095
:10F18000B00A8900665B010010B5044668B10368E7
:10F19000064918682246F8F7FEFE204651F048D886
:10F1A0002046BDE81040E6F3A5B010BD665B010047
:10F1B00010B5044648B1054922464068F8F7EBFE11
:10F1C0002046BDE81040E6F395B010BD5CF4890020
:10F1D00070B5064686B01020E6F37AF0044630B3E8
:10F1E00000211022E1F35EF03368266063607368EB
:10F1F0000025A360042130460E4A0F4B0095019470
:10F20000FCF746FAA842E0600DDB0C4B30688DE855
:10F2100028000B490B4A2346029503950495059552
:10F22000F8F714FF18B12046FFF7C2FF002420466C
:10F2300006B070BD29748700117487007D74870043
:10F240007C0B89005CF4890030B5054687B014203A
:10F25000E6F33EF0044638B300211422E1F322F035
:10F260006B682868A360124B2560606000250093DE
:10F270001049114A23460195029503950495059579
:10F28000F8F7E4FE60B90A2323730F236373642342
:10F29000A3730223E373062323740123637403E03F
:10F2A0002046E6F327F02C46204607B030BD00BFCD
:10F2B000217B8700940B89000CE3890010B504467C
:10F2C00048B1054922464068F8F765FE2046BDE88A
:10F2D0001040E6F30FB010BD0CE3890010B50446F2
:10F2E00058B1064B21461B88C3581868F8F772FFBF
:10F2F0002046BDE81040E5F3FDB710BDD403000083
:10F3000073B505460C20E5F3E9F70446C8B1104B88
:10F3100004221A8002214560002301900D4A2846EC
:10F320000093FCF7B5F9002820600ADB0123238154
:10F33000094B286800932146084A0223F8F7D9FEB2
:10F3400018B12046FFF7CAFF002420467CBD00BF4D
:10F35000D40300007D858700FC0B8900A985870008
:10F3600038B5044680B1094B21461B88C55828682A
:10F37000F8F730FF286806492246F8F70CFE2046C9
:10F38000BDE83840E5F3B6B738BD00BFD60300008E
:10F39000845B0100F0B5054687B01420E5F39EF7C5
:10F3A0000446002856D02F4B04221A8045600026C0
:10F3B0000190042128462C4A2C4B0096FCF768F952
:10F3C000B042206046DB0123A3810C232382284B1B
:10F3D0000722E2810093274B286801932649274A98
:10F3E00023460296039604960596F8F72FFE00280A
:10F3F00030D1234B286800932146224A0523F8F791
:10F4000078FE38BB204BD5F894068DE818004FF4F1
:10F4100090712A221D4BFDF703FBD8B9D5F894064D
:10F4200080212A221A4B0094FDF712FC90B9B5F8FE
:10F43000AA0106F023DD801B18BF01200A3055F811
:10F4400020301B68022B09D1012120460A4652F0C8
:10F45000ABDD03E02046FFF783FF0024204607B022
:10F46000F0BD00BFD60300005D8987004989870091
:10F47000DD8B8700F58B8700340C8900845B0100ED
:10F480000C0C8900098B8700F98C8700E9898700BB
:10F49000F9888700084B10B51B88044650B1C35843
:10F4A000064918682246F8F776FD2046BDE8104068
:10F4B000E5F320B710BD00BFD80300008B5B01004F
:10F4C00070B5054686B01420E5F308F70446002819
:10F4D00044D0264B08221A80002385600421009323
:10F4E0000190234A2846234BFCF7D2F800282060DD
:10F4F00034DB0223A38105220C23E2812382D5F889
:10F50000940680213D221C4B0094FDF7A1FB28BBF3
:10F510001A4B029000931A4B0390019304900590AC
:10F5200018492868184A2346F8F790FDB0B9B5F88D
:10F53000AA0106F0A3DC2B6893F84F201AB1032A26
:10F5400014BF032201222046012153F063DA204632
:10F5500002214FF0FF3253F05DDA03E02046FFF75F
:10F5600099FF0024204606B070BD00BFD8030000FC
:10F57000319287001D928700E99187009993870057
:10F5800001958700400C89008B5B010038B504466B
:10F5900098B10568224628460849FCF79CF82146A0
:10F5A0002868F8F717FE286805492246F8F7F3FCA3
:10F5B0002046BDE83840E5F39DB638BD1D9E870066
:10F5C000C9E3890030B5054687B00820E5F386F623
:10F5D000044600283ED000230560042100930190DA
:10F5E000204A2846204BFCF753F80028606031DBA6
:10F5F00028461E492246FCF769F858BB1C4B01906F
:10F60000009302900390049005901A4928681A4AC2
:10F610002346F8F71BFDE8B9184B286800932146EC
:10F62000174A0123F8F765FDA0B9164BD5F89406E3
:10F630008DE818004FF490712822134BFDF7F0F974
:10F6400040B9D5F8940680212822104B0094FDF78C
:10F65000FFFA18B12046FFF799FF0024204607B0B3
:10F6600030BD00BFA19D8700619D87001D9E870062
:10F67000A59E87009C0C8900C9E38900940C890031
:10F68000799E87009D9F8700459E8700459D870046
:10F6900070B5064686B09C20E5F320F604460028A7
:10F6A00034D006601B4B3068002560601A49009317
:10F6B0001A4A234601950295039504950595F8F796
:10F6C000C5FCF8B9D6F884341E229B782261042246
:10F6D000E27202222377227301230A22E376237245
:10F6E00063616273A3764FF6AF72A37784F89930A3
:10F6F0001023A0736072A072228384F89A3084F879
:10F70000983003E02046E5F3F5F52C46204606B098
:10F7100070BD00BF19AE8700001C890066B50200ED
:10F72000C0F88410C0F88820C0F88C307047000002
:10F7300010B5044648B1054922464068F8F72BFC4D
:10F740002046BDE81040E5F3D5B510BD66B5020012
:10F7500038B5044600B3436B05680BB1E9F7C6FC46
:10F7600004F11400DBF38AF404F11800DBF386F4EF
:10F7700004F11000DFF382F504F12400DBF372F4EE
:10F78000224606492868F8F706FC2046E5F3B2F55C
:10F790002B68002283F8622138BD00BF7AE6890019
:10F7A0002DE9F041054686B03820E5F397F504468B
:10F7B00000287FD005600026019004212846414A98
:10F7C000414B0096FBF764FFB042606072DB04219E
:10F7D00028463E4A3E4B0096019400F09FF9B04205
:10F7E000A06067DB0127E76038463A493A4A6B6810
:10F7F000DFF32EF1206100285CD006213246D5F8D7
:10F800000480DFF36BF53449034642463148DBF3AD
:10F8100017F4606200284DD0072132462069DFF3DB
:10F820005DF539460346E0613246606ADBF3E8F293
:10F8300039460246A0612069DFF350F5E369394695
:10F840003246606ADBF3DCF2022102466061206925
:10F85000DFF344F5214B4FF00308C4F82C808DE80A
:10F8600048001F4B286804931E4B1F4905931F4AED
:10F87000234602960396F8F7E9FBD8B91C4BD5F856
:10F8800094068DE81800B02142461A4BFDF746F861
:10F8900080B9194BD5F894068DE81800B0215D2287
:10F8A000164BFDF769F928B91423A3622B6883F876
:10F8B000627103E02046FFF74BFF0024204606B0AC
:10F8C000BDE8F08115D28700B90601008905010065
:10F8D0004DE08700FDD0870005D1870099D38700D0
:10F8E000945B010019050100181C89007AE6890063
:10F8F000171501008F16010055140100C1140100F5
:10F900002DE9F043074687B04FF441700E46154687
:10F910009846E5F3DDF40446002878D000214FF442
:10F920004172E0F3BFF42820E5F3D2F48146206071
:10F9300020B92046E5F3DEF4484668E0002128229D
:10F94000E0F3B0F423684FF441721C606261E5603B
:10F950004FF0FF320025A261A760C4F804809D71BA
:10F960001423A4F808322823A4F806322D23A4F87F
:10F9700004326E23A4F80A32022384F80C32642382
:10F98000A4F8383284F80D523046224922462B46DC
:10F99000F2F33AF0C4F8F80130B304F51473C4F884
:10F9A0001832C4F814321C4B0526C4F81C620093AC
:10F9B0001A4B029501931A4B049503930595234620
:10F9C00038681849184AF8F741FB034660B90090B7
:10F9D00038682168154AF8F78CFB28B984F840622A
:10F9E00084F84162206812E0D4F8F81119B1A368D4
:10F9F0009868F1F3F1F7206908B100F03FF820684A
:10FA000008B1E5F377F42046E5F374F4002007B07D
:10FA1000BDE8F08365F68700C5EF870049F68700EB
:10FA200039FF87006C1C890000E8890065008800A8
:10FA300038B50546F0B10468E4B1D4F8F81131B135
:10FA4000A3689868F1F3C8F70023C4F8F831A368F5
:10FA5000224618680849F8F79EFAA36821681868D2
:10FA6000F8F7B8FB2846E5F345F42046BDE83840F2
:10FA7000E5F340B438BD00BF00E8890010B5044686
:10FA800030B159F0B9DE2046BDE81040E5F332B49C
:10FA900010BD0000F7B506680546F3691F6D023713
:10FAA0003F013846E5F314F4044610B300213A460A
:10FAB000E0F3F8F384E860001021002628460E4A9F
:10FAC0000E4B00960194FBF7E3FDB042A0610CDB06
:10FAD00004F1200363614FF44773E360D5F83806FF
:10FAE00004F11C01DFF3DEF518B12046E5F302F462
:10FAF00034462046FEBD00BFB90888009D08880036
:10FB000010B5044648B1C36913B11C30DFF3E0F50A
:10FB10002046BDE81040E5F3EDB310BDF0B5D0F8D8
:10FB2000244100682569C069006D854211D267696A
:10FB30002E01B819013525614360059BBA518360D8
:10FB4000069BC360E068C31C591821F00301E16003
:10FB5000F0BD4FF0FF30F0BD37B505461820E5F396
:10FB6000B7F3044638B300211822E0F39BF32B6867
:10FB7000256063606B682846A360FFF765FBE06063
:10FB800088B15BF0AFD8002301468DE81800284605
:10FB90000A4A0B4BFFF7C2FF0028206103DB51F03C
:10FBA0004DD8606107E0E06808B1FFF787FB2046A9
:10FBB000E5F3A0F3002420463EBD00BF1D1B8800D6
:10FBC000F91A880010B5044638B1C068FFF776FB13
:10FBD0002046BDE81040E5F38DB310BD73B5054672
:10FBE0001820E5F375F30446002838D000211822C8
:10FBF000E0F358F30C20E5F36BF3064600282DD014
:10FC000000210C22E0F34EF32B68666125606360EF
:10FC10002846FFF73DFDA060B8B15BF09DD80023FA
:10FC200001468DE8280028460E4A0F4BFFF776FF65
:10FC30000028E06009DB56F013DA0C4920610C4A19
:10FC4000A0680C4BFFF76CFD09E0A06808B1FFF756
:10FC50006FFD2046E5F34EF3002400E00446204605
:10FC60007CBD00BFCD1B8800A91B8800C121880076
:10FC7000B5218800A91E880010B5044650B18068DF
:10FC8000FFF756FD6069E5F335F32046BDE8104007
:10FC9000E5F330B310BD000070B5444B86B000935F
:10FCA0000023019302930393414B04460493414B79
:10FCB000414905930068414A2346F8F7C7F90546CC
:10FCC00000286FD1D4F884341421A3F86410A36AF7
:10FCD000012683F84C00E36A204683F84C60A16A51
:10FCE0005EF0E8D8E16A20465EF0E4D82046294676
:10FCF0005DF0EADBA36A83F84D50E36A83F84D5068
:10FD0000236A1869E7F7F6FE830707D5D4F8843429
:10FD10004FF0FF325E73D4F88434DA812368D4F86C
:10FD200084545E6951F0BCD90146304651F052D935
:10FD3000E862002836D0D4F884341F2283F8782073
:10FD4000D4F88404052257304FF0FF31E0F3AAF2D3
:10FD50002368D4F88424B3F8C810D3F8D8005185A8
:10FD60000A2151631649E1F315F1431E0D2BD4F816
:10FD70008454236898BF68631249D3F8D800E1F32C
:10FD800009F185F88A00D4F88434012283F85120DF
:10FD9000D4F8843400201A7883F84E20D4F88434C0
:10FDA000586701E04FF0FF3006B070BDE9398800B8
:10FDB000105C0100AD1E0100341D89006EB502000B
:10FDC00081B5020072B50200D0F8843410B5D96A4A
:10FDD000044611B1406851F00BD92068024922460F
:10FDE000BDE81040F8F7D7B86EB5020038B5036823
:10FDF0000446D0F884542749D3F8D800E1F3CAF078
:10FE0000287023682449D3F8D800D4F88454E1F347
:10FE1000C1F0E870D4F884341A78013AD2B2FD2ADD
:10FE200001D901221A70D4F884341A785A70002348
:10FE3000D4F88424D11812780133052B81F852208C
:10FE4000F6D1D4F8845401212846E0F38BF4A8704D
:10FE5000D4F88434DA78013AD2B2FD2A01D90122E9
:10FE6000DA70D4F884340121DA785A71D4F88454E1
:10FE7000E81CE0F377F42871D4F8843420461A792A
:10FE80009A715DF053DAB4F858142046BDE8384052
:10FE90005DF0A49A8EB5020096B5020010B5044636
:10FEA000D8B140680D492246FBF72BFC236A1BB1F1
:10FEB00004F12000DFF30CF4237F23B160680849CC
:10FEC0002246FBF708FCA06806492246F8F763F8CB
:10FED0002046BDE81040E5F30DB210BDD1568800B4
:10FEE000515488007E5C010030B5054687B024205F
:10FEF000E5F3EEF1044600283ED000212422E0F391
:10FF0000D1F12B680022A360AB686560E3606B6889
:10FF1000042123610823A3822846194B8DE814008D
:10FF2000FBF7B6FB0028206022DB28461549224655
:10FF3000FBF7CCFBE0B90123237728461249224680
:10FF4000FBF7DAFBA0B9D5F8380604F12001DFF39E
:10FF5000A9F368B90D4B01900093029003900490AF
:10FF600005900B4928680B4A2346F8F76FF818B13B
:10FF70002046FFF793FF0024204607B030BD00BFA6
:10FF8000C954880051548800D156880055558800BE
:10FF90001C1F89007E5C0100D0F8D036186ADFF3A0
:10FFA0005DB3D0F8D036186ADFF3BAB3F8B5D0F83D
:10FFB000846404460D46D1F8D800C149E0F3EAF75D
:10FFC00086F81C01D5F8D800BE49E1F307F0D4F853
:10FFD000846438B1D5F8D800BA49E0F3DBF786F885
:10FFE000E80002E0022386F8E830D5F8D800B649E8
:10FFF000E0F3F4F7D4F8846438B1D5F8D800B24906
:020000041004E6
:10000000E0F3C8F786F8580102E0FF2386F858317C
:10001000AE49D5F8D800D4F88464E0F3BBF7AC4916
:10002000C6F82001D5F8D800D4F88464E0F3B2F71C
:10003000A849A6F82A01D5F8D800D4F88464E0F3DA
:10004000A9F7A549A6F82C01D5F8D800D4F88464FE
:10005000E0F3A0F7A149A6F82E01D5F8D800D4F80E
:100060008464E0F397F786F8E900D4F8843493F8D1
:10007000E92012B9022283F8E920D5F8D80098497E
:10008000D4F88464E0F386F7A6F8C600D4F8846454
:10009000B6F9C63013B90123A6F8C630D5F8D80092
:1000A0009049E0F377F7C6F8D800D4F88464D6F81E
:1000B000D8301BB94CF25033C6F8D83096F8E93036
:1000C00001229A40D6F8D810D5F8D8008A4288BFC5
:1000D000C6F8D820022212FA03F38349C6F8DC30AE
:1000E000E0F358F7C6F8E400D4F88464D6F8E430B6
:1000F0001BB94FF49673C6F8E430D5F8D8007B49A5
:10010000E0F348F7A6F8C400D4F88464B6F9C43024
:1001100013B91923A6F8C430D5F8D8007449E0F310
:1001200039F786F86C01D4F8843493F86C2112B94D
:10013000052283F86C216F49D5F8D800D4F884647F
:10014000E0F328F7D4F88434A6F8F00093F81C21E3
:10015000694983F81D21D4F8843493F81D2183F86C
:100160004821D4F88434DA7983F8AC20D4F8843484
:100170001A7A83F84521D4F884644FF6A273A6F85E
:10018000EA30A6F8EC30A6F8EE30D5F8D800E0F367
:1001900001F7A6F8F200D4F88464B6F9F2301BB97E
:1001A0004FF6A273A6F8F23096F8E930012212FA5F
:1001B00003F3D6F8D8205149934288BFC6F8D83007
:1001C0000023A6F8B230A6F8B430A6F8B630C6F8C8
:1001D000B830C6F8BC30C6F8C030D5F8D8001F46D5
:1001E000E0F3D8F686F844014549D5F8D800D4F8AC
:1001F0008464E0F3CFF686F84B01D5F8D800414986
:10020000D4F88464E0F3C6F6D4F88434C6F8240144
:1002100083F82971D4F88434D3F824211AB94FF41F
:100220009B72C3F8242193F81D2102B10322C3F865
:100230004C21C3F850210022C3F85421D5F8D8002E
:100240003149E0F3CBF640B1D5F8D8002E49D4F8C7
:100250008464E0F39FF6C6F85401D5F8D8002B4922
:10026000E0F3BCF640B1D5F8D8002849D4F884644E
:10027000E0F390F6C6F84C01D5F8D8002449E0F335
:10028000ADF640B1D5F8D8002149D4F88464E0F344
:1002900081F6C6F850011F4922460023A068D4F811
:1002A0008454F1F3B1F31C49C5F830012246A0682B
:1002B0000023D4F88454F1F3A7F3C5F83401F8BD52
:1002C0002CB60200A4B6020074B6020057B60200B3
:1002D000CBB50200EEB5020000B6020096B60200F1
:1002E0009EB5020067B602001FB60200BEB502004E
:1002F000CDB60200DDB5020081B6020012B60200E2
:10030000AEB50200BFB6020045B6020035B6020027
:10031000AFB602003F330100AD33010038B50446EB
:1003200080B105682246D5F844010749FDF779FCFC
:10033000284606492246FBF7CEF92046BDE838405C
:10034000E4F3D8B738BD00BF1D708800B16E8800D7
:1003500037B505460820E4F3C1F70446C0B105608F
:1003600000220190042128460C4B0092FBF790F9E3
:10037000002860600CDB284609492246FBF7A6F9F5
:1003800030B9D5F8440107492246FDF747FC18B1BA
:100390002046FFF7C3FF002420463EBD596F88006A
:1003A000B16E88001D70880038B5044670B10568CC
:1003B00021462868F7F70EFF286805492246F7F717
:1003C000EAFD2046BDE83840E4F394B738BD00BFED
:1003D000845C010030B5054687B00C20E4F37EF75D
:1003E0000446002846D0274B05604FF490710093D7
:1003F00001902022D5F89406234BFCF711FB00282E
:1004000038D1224BD5F894068DE818004FF490713E
:1004100023221F4BFCF704FB00282BD11D4BD5F8E2
:1004200094068DE81800402188221B4BFCF718FB2E
:1004300000BBD5F8940680212022184B0094FCF7CD
:1004400007FCB8B9164B02900093164B039001932A
:100450000490059014492868144A2346F7F7F6FDDE
:1004600040B9134B286800932146124A0123F7F73D
:1004700040FE18B12046FFF797FF0024204607B042
:1004800030BD00BF21768800E9738800557688006A
:100490000D748800C1758800D5738800BD7388000D
:1004A0005D748800BD758800781F8900845C010038
:1004B000701F89003174880010B5044660B1074B85
:1004C00007491B882246C3581868F7F764FD204681
:1004D000BDE81040E4F30EB710BD00BFDA03000022
:1004E000885C0100F0B5074687B01420E4F3F6F607
:1004F000054620B3154B06460024042206F8044B9B
:100500001A80012347603372F460747204210190F1
:100510000F4A38460F4B0094FFF700FBA042706073
:100520000DDB0D4B00940193029403940494059405
:1005300038682146094A2B46F7F788FD18B1284646
:10054000FFF7BAFF0025284607B0F0BDDA03000028
:10055000D9778800B977880029788800885C0100FD
:1005600070B5054686B01820E4F3B8F604460028B6
:100570005AD02B680026012243600560082183F8C9
:10058000AD2001903246284633460096FFF7C6FA62
:10059000B04220614BDB10212846274A274B0096AA
:1005A0000194FBF775F8B042C5F898013FDB0423CE
:1005B000E360234BA06005218DE81800D5F8940670
:1005C0004422204BFCF72CFA002830D11E4BD5F8E2
:1005D00094068DE818004FF4907144221B4BFCF7F1
:1005E0001FFA002823D1D5F8940605214422184B80
:1005F0000094FCF7CBFCD0B9D5F89406C021442276
:10060000144B0094FCF7C2FC88B9134B0190009383
:10061000124B039002930490059011492868114AE7
:100620002346F7F713FD10B9204606B070BD2046EB
:10063000E4F360F60024F7E7798188005D818800A3
:10064000DD8088003580880035818800058188003C
:10065000558088003D858800C5828800CD8588004A
:10066000E01F89008C5C010010B5044648B10549C3
:1006700022464068F7F78FFC2046BDE81040E4F3BF
:1006800039B610BD8C5C010070B5054686B03020CF
:10069000E4F31EF60446002831D000213022DFF3B7
:1006A00001F61A4B256000930023019302930393F4
:1006B0000493059328681649164A2346F7F7C6FCA3
:1006C0000646E0B9FF23A3750123E3752B681249A1
:1006D000D3F8D800E0F382F420B131463246E0F39B
:1006E00019F2A0752B680D49D3F8D800E0F376F421
:1006F00048B100210A46E0F30DF2E07503E0284618
:1007000061F094DD0024204606B070BDA98C8800FD
:100710001C20890056FB8900E3B60200EDB60200FA
:1007200038B50446002820D061F0D4DDA36A73B147
:10073000204661F099DA0AE02B6868686360E4F3A8
:10074000D9F52846E4F3D6F5237D013B237565688A
:10075000002DF1D12368054918682246F7F71BFCE4
:100760002068BDE8384061F0619D38BD56FB8900C6
:10077000776C635F626D61635F696E666F5F696E00
:10078000697400000000000000000000000000008C
:100790000000000000000000000000000000000059
:1007A0000000000000000000000000000000000049
:1007B0000000000000000000000000000000000039
:1007C0000000000000000000000000000000000029
:1007D0000000000000000000000000000000000019
:1007E0000000000000000000000000000000000009
:1007F00000000000000000000000000000000000F9
:1008000000000000000000000000000000000000E8
:1008100000000000000000000000000000000000D8
:1008200000000000000000000000000000000000C8
:1008300000000000000000000000000000000000B8
:1008400000000000000000000000000000000000A8
:100850000000000000000000000000000000000098
:100860000000000000000000000000000000000088
:100870000000000000000000000000000000000078
:100880000000000000000000000000000000000068
:100890000000000000000000000000000000000058
:1008A0000000000000000000000000000000000048
:1008B0000000000000000000000000000000000038
:1008C0000000000000000000000000000000000028
:1008D0000000000000000000000000000000000018
:1008E0000000000000000000000000000000000008
:1008F00000000000000000000000000000000000F8
:1009000000000000000000000000000000000000E7
:1009100000000000000000000000000000000000D7
:1009200000000000000000000000000000000000C7
:1009300000000000000000000000000000000000B7
:1009400000000000000000000000000000000000A7
:100950000000000000000000000000000000000097
:100960000000000000000000000000000000000087
:100970000000000000000000000000000000000077
:100980000000000000000000000000000000000067
:100990000000000000000000000000000000000057
:1009A0000000000000000000000000000000000047
:1009B0000000000000000000000000000000000037
:1009C0000000000000000000000000000000000027
:1009D0000000000000000000000000000000000017
:1009E0000000000000000000000000000000000007
:1009F00000000000000000000000000000000000F7
:100A000000000000000000000000000000000000E6
:100A100000000000000000000000000000000000D6
:100A200000000000000000000000000000000000C6
:100A300000000000000000000000000000000000B6
:100A400000000000000000000000000000000000A6
:100A50000000000000000000000000000000000096
:100A60000000000000000000000000000000000086
:100A70000000000000000000000000000000000076
:100A80000000000000000000000000000000000066
:100A90000000000000000000000000000000000056
:100AA0000000000000000000000000000000000046
:100AB0000000000000000000000000000000000036
:100AC0000000000000000000000000000000000026
:100AD0000000000000000000000000000000000016
:100AE0000000000000000000000000000000000006
:100AF00000000000000000000000000000000000F6
:100B000000000000000000000000000000000000E5
:100B100000000000000000000000000000000000D5
:100B200000000000000000000000000000000000C5
:100B300000000000000000000000000000000000B5
:100B400000000000000000000000000000000000A5
:100B50000000000000000000000000000000000095
:100B60000000000000000000000000000000000085
:100B70000000000000000000000000000000000075
:100B80000000000000000000000000000000000065
:100B90000000000000000000000000000000000055
:100BA0000000000000000000000000000000000045
:100BB0000000000000000000000000000000000035
:100BC0000000000000000000000000000000000025
:100BD0000000000000000000000000000000000015
:100BE0000000000000000000000000000000000005
:100BF00000000000000000000000000000000000F5
:100C000000000000000000000000000000000000E4
:100C100000000000000000000000000000000000D4
:100C200000000000000000000000000000000000C4
:100C300000000000000000000000000000000000B4
:100C400000000000000000000000000000000000A4
:100C50000000000000000000000000000000000094
:100C60000000000000000000000000000000000084
:100C70000000000000000000000000000000000074
:100C80000000000000000000000000000000000064
:100C90000000000000000000000000000000000054
:100CA0000000000000000000000000000000000044
:100CB0000000000000000000000000000000000034
:100CC0000000000000000000000000000000000024
:100CD0000000000000000000000000000000000014
:100CE0000000000000000000000000000000000004
:100CF00000000000000000000000000000000000F4
:100D000000000000000000000000000000000000E3
:100D100000000000000000000000000000000000D3
:100D200000000000000000000000000000000000C3
:100D300000000000000000000000000000000000B3
:100D400000000000000000000000000000000000A3
:100D50000000000000000000000000000000000093
:100D60000000000000000000000000000000000083
:100D70000000000000000000000000000000000073
:100D80000000000000000000000000000000000063
:100D90000000000000000000000000000000000053
:100DA0000000000000000000000000000000000043
:100DB0000000000000000000000000000000000033
:100DC0000000000000000000000000000000000023
:100DD0000000000000000000000000000000000013
:100DE0000000000000000000000000000000000003
:100DF00000000000000000000000000000000000F3
:100E000000000000000000000000000000000000E2
:100E100000000000000000000000000000000000D2
:100E200000000000000000000000000000000000C2
:100E300000000000000000000000000000000000B2
:100E400000000000000000000000000000000000A2
:100E50000000000000000000000000000000000092
:100E60000000000000000000000000000000000082
:100E70000000000000000000000000000000000072
:100E80000000000000000000000000000000000062
:100E90000000000000000000000000000000000052
:100EA0000000000000000000000000000000000042
:100EB0000000000000000000000000000000000032
:100EC0000000000000000000000000000000000022
:100ED0000000000000000000000000000000000012
:100EE0000000000000000000000000000000000002
:100EF00000000000000000000000000000000000F2
:100F000000000000000000000000000000000000E1
:100F100000000000000000000000000000000000D1
:100F200000000000000000000000000000000000C1
:100F300000000000000000000000000000000000B1
:100F400000000000000000000000000000000000A1
:100F50000000000000000000000000000000000091
:100F60000000000000000000000000000000000081
:100F70000000000000000000000000000000000071
:100F80000000000000000000000000000000000061
:100F90000000000000000000000000000000000051
:100FA0000000000000000000000000000000000041
:100FB0000000000000000000000000000000000031
:100FC0000000000000000000000000000000000021
:100FD0000000000000000000000000000000000011
:100FE0000000000000000000000000000000000001
:100FF00000000000000000000000000000000000F1
:1010000000000000000000000000000000000000E0
:1010100000000000000000000000000000000000D0
:1010200000000000000000000000000000000000C0
:1010300000000000000000000000000000000000B0
:1010400000000000000000000000000000000000A0
:101050000000000000000000000000000000000090
:101060000000000000000000000000000000000080
:101070000000000000000000000000000000000070
:101080000000000000000000000000000000000060
:101090000000000000000000000000000000000050
:1010A0000000000000000000000000000000000040
:1010B0000000000000000000000000000000000030
:1010C0000000000000000000000000000000000020
:1010D0000000000000000000000000000000000010
:1010E0000000000000000000000000000000000000
:1010F00000000000000000000000000000000000F0
:1011000000000000000000000000000000000000DF
:1011100000000000000000000000000000000000CF
:1011200000000000000000000000000000000000BF
:1011300000000000000000000000000000000000AF
:10114000000000000000000000000000000000009F
:10115000000000000000000000000000000000008F
:10116000000000000000000000000000000000007F
:10117000000000000000000000000000000000006F
:10118000000000000000000000000000000000005F
:10119000000000000000000000000000000000004F
:1011A000000000000000000000000000000000003F
:1011B000000000000000000000000000000000002F
:1011C000000000000000000000000000000000001F
:1011D000000000000000000000000000000000000F
:1011E00000000000000000000000000000000000FF
:1011F00000000000000000000000000000000000EF
:1012000000000000000000000000000000000000DE
:1012100000000000000000000000000000000000CE
:1012200000000000000000000000000000000000BE
:1012300000000000000000000000000000000000AE
:10124000000000000000000000000000000000009E
:10125000000000000000000000000000000000008E
:10126000000000000000000000000000000000007E
:10127000000000000000000000000000000000006E
:10128000000000000000000000000000000000005E
:10129000000000000000000000000000000000004E
:1012A000000000000000000000000000000000003E
:1012B000000000000000000000000000000000002E
:1012C000000000000000000000000000000000001E
:1012D000000000000000000000000000000000000E
:1012E00000000000000000000000000000000000FE
:1012F00000000000000000000000000000000000EE
:1013000000000000000000000000000000000000DD
:1013100000000000000000000000000000000000CD
:1013200000000000000000000000000000000000BD
:1013300000000000000000000000000000000000AD
:10134000000000000000000000000000000000009D
:10135000000000000000000000000000000000008D
:10136000000000000000000000000000000000007D
:10137000000000000000000000000000000000006D
:10138000000000000000000000000000000000005D
:10139000000000000000000000000000000000004D
:1013A000000000000000000000000000000000003D
:1013B000000000000000000000000000000000002D
:1013C000000000000000000000000000000000001D
:1013D000000000000000000000000000000000000D
:1013E00000000000000000000000000000000000FD
:1013F00000000000000000000000000000000000ED
:1014000000000000000000000000000000000000DC
:1014100000000000000000000000000000000000CC
:1014200000000000000000000000000000000000BC
:1014300000000000000000000000000000000000AC
:10144000000000000000000000000000000000009C
:10145000000000000000000000000000000000008C
:10146000000000000000000000000000000000007C
:10147000000000000000000000000000000000006C
:10148000000000000000000000000000000000005C
:10149000000000000000000000000000000000004C
:1014A000000000000000000000000000000000003C
:1014B000000000000000000000000000000000002C
:1014C000000000000000000000000000000000001C
:1014D000000000000000000000000000000000000C
:1014E00000000000000000000000000000000000FC
:1014F00000000000000000000000000000000000EC
:1015000000000000000000000000000000000000DB
:1015100000000000000000000000000000000000CB
:1015200000000000000000000000000000000000BB
:1015300000000000000000000000000000000000AB
:10154000000000000000000000000000000000009B
:10155000000000000000000000000000000000008B
:10156000000000000000000000000000000000007B
:10157000000000000000000000000000000000006B
:10158000000000000000000000000000000000005B
:10159000000000000000000000000000000000004B
:1015A000000000000000000000000000000000003B
:1015B000000000000000000000000000000000002B
:1015C000000000000000000000000000000000001B
:1015D000000000000000000000000000000000000B
:1015E00000000000000000000000000000000000FB
:1015F00000000000000000000000000000000000EB
:1016000000000000000000000000000000000000DA
:1016100000000000000000000000000000000000CA
:1016200000000000000000000000000000000000BA
:1016300000000000000000000000000000000000AA
:10164000000000000000000000000000000000009A
:10165000000000000000000000000000000000008A
:10166000000000000000000000000000000000007A
:10167000000000000000000000000000000000006A
:10168000000000000000000000000000000000005A
:10169000000000000000000000000000000000004A
:1016A000000000000000000000000000000000003A
:1016B000000000000000000000000000000000002A
:1016C000000000000000000000000000000000001A
:1016D000000000000000000000000000000000000A
:1016E00000000000000000000000000000000000FA
:1016F00000000000000000000000000000000000EA
:1017000000000000000000000000000000000000D9
:1017100000000000000000000000000000000000C9
:1017200000000000000000000000000000000000B9
:1017300000000000000000000000000000000000A9
:101740000000000000000000000000000000000099
:101750000000000000000000000000000000000089
:101760000000000000000000000000000000000079
:101770000000000000000000000000000000000069
:1017800000000000646561646D616E5F746F0072DB
:10179000616D7374627964697300646561646D611D
:1017A0006E5F746F007370695F70755F656E616204
:1017B000005344494F444556006773706964776F1E
:1017C00072640050434D4349414445560073645F81
:1017D0006F6F626F6E6C790073645F67706F7574A2
:1017E00000475350492044776F7264204D6F646501
:1017F00020656E61626C65640A0073645F67706483
:10180000630073645F677076616C0025733A2042F1
:10181000726F6164636F6D20534450434D442043A5
:101820004443206472697665720A00736470636D64
:10183000646364632564005344494F000A5254456D
:10184000202825732D2573257325732920257320C2
:101850006F6E2042434D2573207225642040202561
:10186000642E25642F25642E25642F25642E25647F
:101870004D487A0A0000434443006E6F6372630070
:101880006E6F7469665F63006E6F7469665F730084
:101890006F66646D3267706F3D30782578007061D7
:1018A0002564677725646125643D3078257800706C
:1018B0006131686962303D25640070613168696238
:1018C000313D256400706131686962323D256400F4
:1018D0006761696E6374726C7370683D2564007033
:1018E00061316D61787077723D2564006D6561735B
:1018F000706F77657225643D30782578007278675F
:1019000061696E7325646725637472656C6E6162CC
:1019100079706125643D25640070613267612564DA
:101920003D307825782C307825782C307825780053
:1019300072737369736D6335673D256400757362F7
:10194000666C6167733D307825780070613267633B
:10195000636B6125643D307825782C307825782CB0
:1019600030782578007064657472616E67653267DF
:101970003D30782578007573623330753175323DAE
:10198000307825780073756276656E6469643D30E1
:1019900078257800616725643D30782578006F658B
:1019A0006D3D25303278253032782530327825303B
:1019B000327825303278253032782530327825302B
:1019C0003278006F66646D706F3D307825780074F2
:1019D000656D706F66667365743D2564006D656145
:1019E00073706F7765723D30782578007273736914
:1019F000736D6632673D2564007061706172616D60
:101A000062777665723D256400646F743131616779
:101A10006F66646D6872627732303267706F3D3026
:101A200078257800697474326761303D30782578A4
:101A30000062786132673D25640072737369736D6B
:101A40006332673D256400706135676277343061C9
:101A500025643D307825782C307825782C30782511
:101A6000782C307825782C307825782C30782578AB
:101A70002C307825782C307825782C307825782CE7
:101A8000307825782C307825782C30782578006DC2
:101A900063736277323035676C706F3D30782578CC
:101AA0000000006D637362773230756C35676C705F
:101AB0006F3D30782578006D637362773430356719
:101AC0006C706F3D30782578000000757362757416
:101AD0006D695F63746C3D3078257800657874704B
:101AE000616761696E32673D3078257800616E7498
:101AF000737763746C32673D307825780070726F4D
:101B0000647563746E616D653D25730074785F6400
:101B10007574795F6379636C655F74687265736807
:101B20005F25645F35673D25640072786761696E83
:101B300065727232676125643D307825780061678F
:101B400030006D61787032676125643D30782578AA
:101B5000006277647570706F3D30782578006E6F25
:101B60006973656C766C35676125643D25642C2549
:101B7000642C25642C25640062773430706F3D300E
:101B80007825780070613567627738306125643D6B
:101B9000307825782C307825782C307825782C30C2
:101BA0007825782C307825782C307825782C30786A
:101BB00025782C307825782C307825782C307825AD
:101BC000782C307825782C3078257800757362333E
:101BD00030753175323D30782578007064657472E7
:101BE000616E676535673D30782578006D616361AA
:101BF0006464723D25730074656D70735F687973FA
:101C0000746572657369733D2564006D6373256443
:101C100067706F25643D3078257800626F6172646B
:101C2000666C616773323D3078257800626F61724F
:101C300064666C616773333D30782578006C656449
:101C4000626825643D307825780072786761696E36
:101C5000732564672563747269736F6125643D251C
:101C60006400616132673D307825780070726F647E
:101C700069643D307825780074656D7074687265AC
:101C800073683D256400636869707265763D2564FC
:101C9000006C65676F66646D6277323035676C70B3
:101CA0006F3D307825780000006C65676F66646D65
:101CB00062773230756C35676C706F3D307825789F
:101CC000006C65676F66646D6277323035676D7082
:101CD0006F3D307825780000006C65676F66646D35
:101CE00062773230756C35676D706F3D307825786E
:101CF000006C65676F66646D627732303567687057
:101D00006F3D307825780000006C65676F66646D04
:101D100062773230756C356768706F3D3078257842
:101D20000075736266733D25640074656D70735F42
:101D3000706572696F643D25640073623430616E52
:101D400064383025637235672563706F3D307825C0
:101D5000780063633D2564002004D002A6A9FFFF3C
:101D6000646F7431316167647570256372706F3DA3
:101D7000307825780061676125643D3078257800EA
:101D8000747269736F35673D307825780074656DBE
:101D90007073656E73655F736C6F70653D2564006D
:101DA0006D61787035676125643D307825782C3019
:101DB0007825782C307825782C307825780070615B
:101DC000316974737369743D2564007061306230E9
:101DD0003D25640070613062313D256400706130E2
:101DE00062323D256400706135676125643D30785D
:101DF00025782C307825782C307825782C3078256B
:101E0000782C307825782C307825782C3078257807
:101E10002C307825782C307825782C307825782C43
:101E2000307825782C30782578006D6373627738A8
:101E30003035672563706F3D3078257800737562A3
:101E400062616E6435677665723D256400727373F6
:101E50006973617635673D2564006D63736277321F
:101E6000303267706F3D307825780000006D637305
:101E700062773230756C3267706F3D30782578004C
:101E80006D6373627734303267706F3D30782578D8
:101E90000000007265677265763D307825780063D2
:101EA00063746C3D30782578006E6F6973656C766D
:101EB0006C32676125643D2564007573623330724E
:101EC000656773303D307825782C307825782C3054
:101ED0007825782C307825782C307825782C307837
:101EE00025782C307825782C307825782C3078257A
:101EF000782C30782578007573623330726567739B
:101F0000313D307825782C307825782C307825783C
:101F10002C307825782C307825782C307825782C42
:101F2000307825782C307825782C307825782C302E
:101F30007825780063636B706F3D30782578007486
:101F4000726935673D25640063636B646967666920
:101F50006C74747970653D25640076656E6469649F
:101F60003D307825780066656D6374726C3D25643C
:101F70000075736233307265677325643D30782570
:101F8000782C307825782C307825782C3078257886
:101F90000070646F6666736574326725646D6125D1
:101FA000643D307825780075736265706E756D3D9F
:101FB000307825780070613168696D61787077726A
:101FC0003D2564007278636861696E3D30782578DC
:101FD00000626F617264666C6167733D307825786A
:101FE0000070613162303D25640070613162313DC5
:101FF00025640070613162323D2564007478636845
:1020000061696E3D307825780072786761696E731A
:102010002564672563656C6E616761696E6125641F
:102020003D2564006770646E3D30782578007061EE
:10203000306D61787077723D256400627861356734
:102040003D2564006167626725643D30782578002E
:1020500075736273737068795F736C656570303D1A
:10206000307825780075736273737068795F736C6C
:10207000656570313D3078257800757362737370D3
:1020800068795F736C656570323D307825780075CE
:10209000736273737068795F736C656570333D301C
:1020A000782578006C656464633D30782530347839
:1020B000006D63733332706F3D3078257800727332
:1020C000736973617632673D2564006F706F3D25DB
:1020D0006400697474326761313D3078257800722C
:1020E00078706F35673D256400657874706167614D
:1020F000696E35673D30782578006F66646D3567A9
:1021000068706F3D307825780074776F72616E6704
:1021100065747373692564673D25640073623230AA
:10212000696E3430256372706F3D30782578006DAC
:10213000616E6669643D3078257800656C6E613249
:10214000673D3078257800727063616C32673D308E
:102150007825780000000000000000727063616C58
:10216000356762303D30782578000000000000724D
:102170007063616C356762313D307825780000000E
:10218000000000727063616C356762323D30782503
:1021900078000000000000727063616C3567623384
:1021A0003D3078257800000000000070613062301A
:1021B0005F6C6F3D25640070613062315F6C6F3D14
:1021C00025640070613062325F6C6F3D256400737E
:1021D000623230696E3830616E6431363025637238
:1021E00035672563706F3D307825780063646470CF
:1021F0006F3D3078257800626F6172647479706524
:102200003D3078257800616E747377697463683D3A
:102210003078257800626F6172646E756D3D25645B
:102220000072646C69643D30782578007874616C64
:10223000667265713D2564006D617870356768610F
:10224000303D307825780072786761696E73256457
:1022500067656C6E616761696E6125643D25640028
:1022600075736273736D64696F25643D307825788A
:102270002C307825782C307825782C30782578000B
:1022800073756264657669643D30782578007061A5
:10229000316C6F62303D2564007061316C6F62316A
:1022A0003D2564007061316C6F62323D25640073BE
:1022B000746263706F3D3078257800727867616969
:1022C0006E65727235676125643D307825782C30F3
:1022D0007825782C307825782C3078257800706136
:1022E000316C6F6D61787077723D25640070646F3A
:1022F000666673657425646D6125643D3078257864
:102300000074656D70636F7272783D2564006F664E
:10231000646D3567706F3D30782578007573626E37
:102320006F73733D3078257800616135673D307893
:10233000257800637573746F6D76617225643D3026
:102340007825780074785F647574795F6379636C5D
:10235000655F6F66646D5F25645F35673D2564006A
:10236000757569643D257300757362646573635F99
:10237000636F6D706F736974653D30782578007494
:10238000656D7073656E73655F6F7074696F6E3DB8
:10239000256400706170646361702564673D256425
:1023A000006C65676F66646D627732303267706F9C
:1023B0003D307825780000006C65676F66646D625B
:1023C000773230756C3267706F3D307825780070E9
:1023D000646761696E2564673D2564006D6178708E
:1023E000356761303D30782578006D6178703567EC
:1023F00061313D30782578006D637325646725630E
:10240000706F25643D307825780070687963616C61
:102410005F74656D7064656C74613D256400706106
:1024200025646725637725646125643D30782578C8
:102430000063636F64653D3078300072656777696B
:102440006E646F77737A3D2564006F66646D6C729D
:10245000627732303267706F3D3078257800776F61
:10246000776C5F6770696F706F6C3D256400616E9B
:1024700074737763746C35673D30782578006363D7
:102480006B3267706F3D30782578007472693267FF
:102490003D25640063636B627732303267706F3D55
:1024A0003078257800000063636B62773230756C9A
:1024B0003267706F3D3078257800697474356761D4
:1024C000303D3078257800697474356761313D306E
:1024D000782578006D63736C7235672563706F3D86
:1024E000307825780070646F66667365743267258E
:1024F000646D76616C69643D307825780072786728
:1025000061696E732564677472656C6E616279705F
:102510006125643D256400626F6172647265763D79
:10252000307825780072617774656D7073656E73AD
:10253000653D307825780075736273737068795FD4
:1025400075746D695F63746C303D30782578007503
:10255000736273737068795F75746D695F63746CAF
:10256000313D307825780075736273737068795FD8
:1025700075746D695F63746C323D30782578000046
:10258000000000006F66646D35676C706F3D3078D9
:102590002578007061306974737369743D25640037
:1025A00074737369706F7335673D30782578007286
:1025B00078706F32673D25640074737369706F7350
:1025C000736C6F70652564673D25640074726935AE
:1025D00067683D2564006D616E663D257300747209
:1025E0006935676C3D2564006D6373627732303501
:1025F0006768706F3D307825780000006D63736206
:10260000773230756C356768706F3D3078257800AB
:102610006D637362773430356768706F3D3078254D
:102620007800000073726F6D7265763D2564006CF2
:1026300065676F66646D3430647570706F3D3078B7
:102640002578006D61787035676861313D30782597
:10265000780064657669643D307825780072786723
:1026600061696E73256467747269736F6125643D77
:102670002564006D61787035676C61303D30782578
:1026800078006D61787035676C61313D3078257800
:10269000006570616761696E2564673D2564007738
:1026A00070736770696F3D256400776F776C5F6743
:1026B00070696F3D25640072737369736D66356769
:1026C0003D256400747269736F32673D30782578F8
:1026D0000074737369706F7332673D3078257800CA
:1026E0007770736C65643D256400656C6E61356759
:1026F0003D30782578007061356762773430383046
:102700006125643D307825782C307825782C307818
:1027100025782C307825782C307825782C30782541
:10272000782C307825782C307825782C30782578DE
:102730002C307825782C307825782C307825780046
:102740006D63736277323035676D706F3D30782519
:10275000780000006D637362773230756C35676D99
:10276000706F3D30782578006D6373627734303553
:10277000676D706F3D3078257800000063636F648B
:10278000653D25632563006D6373627731363035AF
:10279000672563706F3D3078257800496E76616CEF
:1027A00069642F556E737570706F727465642078EC
:1027B00074616C2076616C756520256400726D69AA
:1027C0006E00636C646F5F627572737400706C6C22
:1027D0002564006C6E6C646F310072256464007255
:1027E000256474007874616C667265710000000085
:1027F0000C000000020016000200000004000D00A2
:102800000700000001000A000800000004000D009D
:102810000A00000004000D000D0000000100070088
:1028200017000000040004001B0000000400010069
:102830001C00000001000700000000000200020070
:10284000010000000100010003000000020002007E
:10285000040000000100010005000000010001006B
:102860000600000001000100090000000100050051
:102870000B000000010001000C000000020030000D
:102880000E000000010001000F0000000100010027
:102890001000000001000100110000000100010013
:1028A00012000000030003001300000001000100FB
:1028B00014000000010001001500000001000100EB
:1028C00016000000010001001800000002001300C3
:1028D00019000000020013001A000000020013009B
:1028E0001D000000010001001E00000001000100A9
:1028F0000C00000002003000726D61780000004B97
:1029000000079065000C1892000F6C706C646F31BA
:1029100000000000010000000000000000000000B6
:1029200000000000020000000000000001000000A4
:102930000000000004000000000000000300000090
:10294000000000000800000000000000000000007F
:102950000000000010000000000000000700000060
:1029600000000000200000000000000057110000DF
:1029700000000000400000000000000017010000FF
:10298000000000008000000000000000570100006F
:102990000000000000010000000000000300000033
:1029A0000000000000020000000000000000000025
:1029B0000000000000040000000000000300000010
:1029C00000000000000800000000000007040000F4
:1029D000000000000010000000000000570100008F
:1029E000000000000020000000000000D7150000DB
:1029F000000000000040000000000000F7BDC20E13
:102A0000000000000080000000000000F73DC20E42
:102A100000000000000001000000000000000000B5
:102A2000000000000000020000000000F73DC00EA2
:102A3000000000000000040000000000F73DC20E8E
:102A4000000000000000080000000000F73DC20E7A
:102A5000000000000000100000000000F73DC0066C
:102A6000000000000000200000000000F73DDA0E2A
:102A7000000000000000400000000000F73D0006DC
:102A8000000000000000800000000000F73D40064C
:102A90000000000000000001000000000000000035
:102AA000000000000000000200000000D70100004C
:102AB000000000000000000400000000D70D00002E
:102AC000000000000000000800000000F73DC00604
:102AD000000000000000001000000000F73DCA0EDA
:102AE000000000000000002000000000F73DCA1EAA
:102AF000000000000000004000000000F73DFA3E2A
:102B000000000000726567256400636C646F5F708D
:102B1000776D006368697063256400626F61726439
:102B2000747970650070726F6469640073776465AE
:102B30006E61626C65006770646E00626F617264E2
:102B4000666C6167730062746378776172666C614A
:102B50006773007874616C6672657100626F617290
:102B600064726576006465766964006D7578656E7B
:102B7000616200776C30696400776C25643A2042AA
:102B8000726F6164636F6D2042434D25732038304E
:102B9000322E313120576972656C65737320436F33
:102BA0006E74726F6C6C65722025730A0074656DAB
:102BB000705F74686F72745F6D6F6E69746F725F4F
:102BC00074696D650074785F6D696E696D756D5FB0
:102BD000647574795F6379636C650074785F64759C
:102BE00074795F6379636C655F63636B00616762CF
:102BF0006730006167626731006167626732007445
:102C0000656D7062617365645F647574795F637923
:102C1000636C655F656E006161300074785F647538
:102C200074795F6379636C655F6F66646D00000043
:102C300011338200253482000000000000000000F3
:102C40004E5652414D526576007361723267006193
:102C50006132670020432543034321432443184343
:102C600019431A43114313431243144315431643A4
:102C70001B431C431D43284329432A432B432C4316
:102C80002D434143404350435143524353435743E1
:102C90009DA9760554435F433F434F432F4334433D
:102CA0003543364337433843394316474847274768
:102CB00043436043464347434843314332433343EE
:102CC000AA43584359435A43A94355435643634380
:102CD000804381438243644365436643744367434F
:102CE000A043A143A243AE43AF43B043AB43AC4385
:102CF000AD43E343E443E543E243D043D143D2430E
:102D0000BA43BB43BC43B143B243B343A343A4431D
:102D1000A543B743B843B943C043C143C243D343B8
:102D2000D443D543D643D743D843D943DA43DB43CF
:102D3000DF43E043E143EC43ED43EE43E943EA4341
:102D4000EB432243D6A867A868A89CA9D8A89DA948
:102D50001343144386A83143A7A9DBA8D1A8DCA854
:102D6000A4A952AAC6A902AA31AA32AA74785F7489
:102D7000656D705F74687265736800646576696418
:102D80000031316E5F64697361626C650061673048
:102D900000616B6D00000000299483005DB7830023
:102DA000059283000000000045338400DD39840073
:102DB00000000000000000007A62637867636967C2
:102DC00070696F00616E74737763746C3267006151
:102DD0006E74737763746C356700776C25643A643E
:102DE0006D6125640061613267006C7465637866AB
:102DF0006E73656C006274635F6D6F646500626F13
:102E0000617264666C616773006D616361646472B2
:102E1000006C746563787061646E756D0076656EC4
:102E2000646964007A626378666E73656C006274CC
:102E300063786C657363616E007A62637870616455
:102E40006E756D00637573746F6D766172310063BA
:102E50007573746F6D76617232006274635F706156
:102E600072616D732564006274635F666C61677381
:102E70000062746378776172666C61677300626F79
:102E8000617264666C61677332006C746563786745
:102E900063696770696F00626F617264666C616715
:102EA000733400626F61726472657600646576697E
:102EB000640073726F6D7265760062745F6465663C
:102EC00061756C745F616E74006D6F6E69746F72A2
:102ED0005F74696D655F6F75740062746364796EA9
:102EE0005F64656661756C745F6274635F6D6F6467
:102EF000650070726F7465637465645F74696D6595
:102F00005F6F75740062746364796E5F6D73775F71
:102F1000726F77300062746364796E5F6D73775F90
:102F2000726F77310062746364796E5F6D73775F7F
:102F3000726F77320062746364796E5F64736E736C
:102F40005F726F77730062746364796E5F636F653D
:102F5000785F74776F5F616E74007478635F647517
:102F6000725F7468726573680062746364796E5F1F
:102F70006D73775F726F77330062746364796E5F2D
:102F80006D73775F726F77730062746364796E5FDD
:102F900064666C745F64736E735F6C6576656C00F9
:102FA00062746364796E5F6274727373695F687967
:102FB000737465720070726F745F62747273736998
:102FC0005F746872657368006374733273656C66EE
:102FD0005F6475725F74687265736800616C6572B6
:102FE000745F74696D655F6F757400627463647992
:102FF0006E5F686967685F64736E735F6C65766542
:103000006C007266615F636F756E745F7468726581
:1030100073680062746364796E5F6D69645F647382
:103020006E735F6C6576656C0062746364796E5F65
:103030006C6F775F64736E735F6C6576656C00624E
:10304000746364796E5F666C616773006274636455
:10305000796E5F64736E735F726F77300062746352
:1030600064796E5F64736E735F726F773100627440
:103070006364796E5F64736E735F726F7732006240
:10308000746364796E5F64736E735F726F7733001D
:1030900073636F5F727373695F74687265736800DE
:1030A00063636F64650063630072656772657600D1
:1030B0006576656E7471006873323000B196860073
:1030C000F196860061848600B1848600B196860000
:1030D000F196860061848600B1848600B1968600F0
:1030E000F19686002D8586009986860000000000F6
:1030F0000000000000000000000000002D85860098
:10310000998686000000000000000000B19686004D
:10311000F1968600B1968600F1968600B1968600FB
:10312000F1968600000000000D060F000000000070
:103130000406300400000000020640067273736942
:10314000636F72726E6F726D00676C616369616C40
:1031500074696D65720063616C5F706572696F643C
:10316000006C64706300747373696C696D75636F70
:10317000640025732E6661622E25640074656D708F
:10318000746872657368002E6661622E00747870D0
:10319000777262636B6F6600696E746572666572E2
:1031A000656E636500676C697463685F626173650F
:1031B000645F6372736D696E0032675F636761009D
:1031C00072737369636F7272617474656E00706894
:1031D0007963616C5F74656D7064656C74610074B3
:1031E000656D70735F687973746572657369730078
:1031F00072737369636F727270657272673267009F
:1032000074737369666C6F6F723267007662617493
:103210005F616464007061706476616C6964746598
:1032200073740073776469765F6770696F5F3100EC
:103230006D63733267706F300073707572636F6E99
:10324000666967006D63733267706F310063636B2B
:1032500064696766696C74747970650065755F652B
:10326000647468726573683267007265645F72784F
:10327000626C6F636B696E67000001006C094B0044
:1032800076011300323016000300417E0006000A6A
:10329000D903270025000000910900006C090000F7
:1032A000000005035BE708003F5812122F141F1F90
:1032B0001F1F20512761000009603F700200710943
:1032C0004B0076011300323016000300417E0006E9
:1032D000000AD903270025000000910900007109A8
:1032E0000000000007030D8208003F5812122F143F
:1032F0001F1F1F1F20512761000009603F7003003E
:1033000076094B0076011300323016000300417E2F
:103310000006000AD90327002500000091090000DB
:103320007609000000000903BF1C08003F58121274
:103330002F141F1F1F1F20512761000009603F70BD
:1033400004007B094B0076011300323016000300A5
:10335000417E0006000AD9032700250000009109DC
:1033600000007B09000000000A0371B708003F5805
:1033700012122F141F1F1F1F205127610000096008
:103380003F70050080094B007601130032301600B3
:103390000300417E0006000AD90327002500000033
:1033A000910900008009000000000C03235208006E
:1033B0003F5812122F141F1F1F1F21512761000099
:1033C00009603F70060085094B007601130032301A
:1033D00016000300417E0006000AD90327002500DD
:1033E0000000910900008509000000000D03D5ECE4
:1033F00008003F5812122F141F1F1F1F2151276151
:10340000000009603F7007008A094B007601130035
:10341000323016000300417E0006000AD90327005F
:1034200025000000910900008A09000000000F0338
:10343000878708003F5812122F141F1F1F1F21518A
:103440002761000008603F7008008F094B0076017B
:103450001300323016000300417E0006000AD90333
:10346000270025000000910900008F0900000000DE
:103470001103392208003F5812122F141F1F1F1F5B
:1034800021512761000008603F70090094094B003A
:1034900076011300323016000300417E0006000A58
:1034A000D9032700250000009109000094090000BD
:1034B00000001203EBBC08003F5812122F141F1F0C
:1034C0001F1F21512761000008603F600A00990911
:1034D0004B0076011300323016000300417E0006D7
:1034E000000AD9032700250000009109000099096E
:1034F0000000000014039D5708003F5812122F14BB
:103500001F1F1F1F21512761000008603F600B0033
:103510009E094B0076011300323016000300417EF5
:103520000006000AD90327002500000091090000C9
:103530009E090000000015034FF208003F581212C8
:103540002F141F1F1F1F21512761000007603F60BC
:103550000C00A3094B007601130032301600030063
:10356000417E0006000AD9032700250000009109CA
:103570000000A309000000001703018D08003F5858
:1035800012122F141F1F1F1F2151276100000760F7
:103590003F600D00A8094B00760113003230160081
:1035A0000300417E0006000AD90327002500000021
:1035B00091090000A809000000001903B3270800C2
:1035C0003F5812122F141F1F1F1F21512861000086
:1035D00007603F600E00B4094B00760113003230E3
:1035E00016000300417E0006000AD90327002500CB
:1035F000000091090000B409000000001D035E01F5
:1036000008003F5812122F141F1F1F1F215128613D
:10361000000007603F606D617870326761300000C4
:1036200001006C09340004010D0023304F00030039
:10363000417E0006000AD90327001A000000A209F3
:1036400000006C0900000000B208277608003F580F
:1036500017173C191F1F1F1F3B51196100000960FC
:103660003F7002007109340004010D0023304F0047
:103670000300417E0006000AD90327001A0000005B
:10368000A2090000710900000000B708B11308008A
:103690003F5817173C191F1F1F1F3B51196100008E
:1036A00009603F7003007609340004010D002330E7
:1036B0004F000300417E0006000AD90327001A00CC
:1036C0000000A2090000760900000000BB083BB121
:1036D00008003F5817173C191F1F1F1F3C51196145
:1036E000000009603F7004007B09340004010D00F4
:1036F00023304F000300417E0006000AD903270053
:103700001A000000A20900007B0900000000C008A8
:10371000C44E08003F5817173C191F1F1F1F3C516C
:103720001961000009603F70050080093400040140
:103730000D0023304F000300417E0006000AD9032C
:1037400027001A000000A209000080090000000004
:10375000C4084EEC08003F5817173C191F1F1F1FC5
:103760003C511961000009603F7006008509340072
:1037700004010D0023304F000300417E0006000AC3
:10378000D90327001A000000A209000085090000E3
:103790000000C908D88908003F5817173C191F1F97
:1037A0001F1F3C511961000009603F7007008A0922
:1037B000340004010D0023304F000300417E000659
:1037C000000AD90327001A000000A20900008A0994
:1037D00000000000CE08622708003F5817173C1968
:1037E0001F1F1F1F3C511961000008603F70080037
:1037F0008F09340004010D0023304F000300417E87
:103800000006000AD90327001A000000A2090000E0
:103810008F0900000000D208ECC408003F581717B9
:103820003C191F1F1F1F3C511961000008603F70A9
:1038300009009409340004010D0023304F000300F7
:10384000417E0006000AD90327001A000000A209E1
:103850000000940900000000D708766208003F5875
:1038600017173C191F1F1F1F3C51196100000860EA
:103870003F600A009909340004010D0023304F0015
:103880000300417E0006000AD90327001A00000049
:10389000A2090000990900000000DC0800000800EF
:1038A0003F5817173C191F1F1F1F3C51196100007B
:1038B00008603F600B009E09340004010D002330B6
:1038C0004F000300417E0006000AD90327001A00BA
:1038D0000000A20900009E0900000000E008899D88
:1038E00008003F5817173C191F1F1F1F3D51196132
:1038F000000007603F600C00A309340004010D00C4
:1039000023304F000300417E0006000AD903270040
:103910001A000000A2090000A30900000000E50849
:10392000133B08003F5817173C191F1F1F1F3D511D
:103930001961000007603F600D00A8093400040110
:103940000D0023304F000300417E0006000AD9031A
:1039500027001A000000A2090000A80900000000CA
:10396000E9089DD808003F5817173C191F1F1F1F53
:103970003D511961000007603F600E00B40934003A
:1039800004010D0023304F000300417E0006000AB1
:10399000D90327001A000000A2090000B4090000A2
:1039A0000000F4084EEC08003F5817173C191F1F81
:1039B0001F1F3D511961000007603F6070726F70FA
:1039C000627732303267706F0072636F725F61636B
:1039D0006900706D696E00706170646D6F64650080
:1039E00063616C696478657374746172676574325D
:1039F000670063616C6964786573746261736532D2
:103A000067007061326761305F6C6F0063636B32B7
:103A100067706F0063636B7363616C650074656DE1
:103A2000705F6D756C7400706170646570736F6643
:103A300066736574006F66646D3267706F007061E5
:103A400063616C69647832670073776469765F7369
:103A5000776374726C5F656E006F66646D6469672E
:103A600066696C74747970656265004176566D693B
:103A700064495163616C0063636B69647870636867
:103A80006F6666730074656D705F61646400737760
:103A90006469765F6770696F006D63736277323057
:103AA0003267706F0070617064656E64696478007D
:103AB00001006C092600C0000A001A3080000300D3
:103AC000417E0006000AD903270013000000B00958
:103AD00000006C0900000000C70B000008003F5800
:103AE00017173C191F1F1F1F505119610000096053
:103AF0003F70020071092600C0000A001A308000E1
:103B00000300417E0006000AD903270013000000CD
:103B1000B0090000710900000000CD0B0040080052
:103B20003F5817173C191F1F1F1F515119610000E3
:103B300009603F70030076092600C0000A001A30B1
:103B400080000300417E0006000AD903270013000D
:103B50000000B0090000760900000000D30B0080CF
:103B600008003F5817173C191F1F1F1F515119619B
:103B7000000009603F7004007B092600C0000A00B5
:103B80001A3080000300417E0006000AD903270096
:103B900013000000B00900007B0900000000D90BF1
:103BA00000C008003F5817173C191F1F1F1F515115
:103BB0001961000009603F70050080092600C000FF
:103BC0000A001A3080000300417E0006000AD90373
:103BD000270013000000B009000080090000000069
:103BE000E00B000008003F5817173C191F1F1F1F4C
:103BF00051511961000009603F70060085092600D7
:103C0000C0000A001A3080000300417E0006000A4E
:103C1000D903270013000000B00900008509000047
:103C20000000E60B004008003F5817173C191F1F03
:103C30001F1F51511961000009603F7007008A0978
:103C40002600C0000A001A3080000300417E0006F2
:103C5000000AD903270013000000B00900008A09F8
:103C600000000000EC0B008008003F5817173C19BB
:103C70001F1F1F1F51511961000008603F7008008D
:103C80008F092600C0000A001A3080000300417E20
:103C90000006000AD903270013000000B009000045
:103CA0008F0900000000F20B00C008003F581717F2
:103CB0003C191F1F1F1F52511961000008603F70FF
:103CC000090094092600C0000A001A308000030091
:103CD000417E0006000AD903270013000000B00946
:103CE0000000940900000000F90B000008003F5894
:103CF00017173C191F1F1F1F525119610000086040
:103D00003F600A0099092600C0000A001A308000AE
:103D10000300417E0006000AD903270013000000BB
:103D2000B0090000990900000000FF0B00400800E6
:103D30003F5817173C191F1F1F1F525119610000D0
:103D400008603F600B009E092600C0000A001A3080
:103D500080000300417E0006000AD90327001300FB
:103D60000000B00900009E0900000000050C008062
:103D700008003F5817173C191F1F1F1F5251196188
:103D8000000007603F600C00A3092600C0000A0085
:103D90001A3080000300417E0006000AD903270084
:103DA00013000000B0090000A309000000000B0C84
:103DB00000C008003F5817173C191F1F1F1F525102
:103DC0001961000007603F600D00A8092600C000CF
:103DD0000A001A3080000300417E0006000AD90361
:103DE000270013000000B0090000A809000000002F
:103DF000120C000008003F5817173C191F1F1F1F07
:103E000052511961000007603F600E00B40926009E
:103E1000C0000A001A3080000300417E0006000A3C
:103E2000D903270013000000B0090000B409000006
:103E30000000210C000008003F5817173C191F1FF5
:103E40001F1F53511961000007603F60697473734D
:103E500069636F72720073776469765F656E00657F
:103E6000646F66667468643230756C00696E69747C
:103E7000786964787063680064737366746800744A
:103E800073736974696D650063636B627732303296
:103E900067706F007061706474656D70007061327E
:103EA0006761305F3270777200696E697478696437
:103EB000780063636B7077726F6666736574300049
:103EC0004176566D69645F63300074656D705F7133
:103ED00000766261745F6D756C740063636B696E0C
:103EE0006974786964780073726F6D726576006FBB
:103EF00066646D64696766696C7474797065007076
:103F000061706474656D7062696173006C636E32B8
:103F1000305F6E6F69736563616C5F74626C5F655F
:103F20006E0065646F6E74686432306C006C656737
:103F30006F66646D627732303267706F0070613225
:103F40006761300074787077726F6666736574327B
:103F50006700706D617800766261745F71000607BA
:103F60003F038A00000006073F03840000000607A5
:103F70003F038000000006073F037B0000000607A8
:103F80003F037700000006073F03720000000607AA
:103F90003F036E00000006073F036A0000000607AB
:103FA0003F036700000006073F03630000000607A9
:103FB0003F036100000006073F035C0000000607A6
:103FC0003F035A00000006073F03570000000607A2
:103FD0003F035400000006073F035100000006079E
:103FE0003F034F00000006073F034D000000060797
:103FF0003F034B00000006073F0348000000060790
:104000003F034600000006073F0344000000060788
:104010003F034200000006073F0340000000060780
:104020003F033F00000006073F033D000000060776
:104030003F033B00000006073F033A00000006076D
:104040003F033800000006073F0336000000060764
:104050003F033500000006073F0334000000060759
:104060003F033200000006073F033100000006074F
:104070003F033000000006073E032F000000060744
:104080003C032F00000006073B032F00000006073B
:104090003B032D00000006073A032D000000060731
:1040A0003A032C00000006073A032B000000060725
:1040B0003A0329000000060739032900000006071B
:1040C0003803280000000607380327000000060711
:1040D0003803260000000607380325000000060705
:1040E00038032400000006073703240000000607F9
:1040F00037032300000006073703220000000607ED
:1041000037032100000006073503210000000607E1
:1041100035032000000006073403200000000607D6
:1041200034031F000000060732031F0000000607CB
:1041300033031E000000060733031D0000000607BE
:1041400031031D000000060732031C0000000607B3
:1041500030031C00000006072F031C0000000607A8
:104160002D031C00000006072B031C00000006079F
:104170002A031C000000060729031C000000060794
:1041800028031C000000060728031B000000060788
:1041900027031B000000060727031A00000006077C
:1041A00026031A000000060724031A000000060771
:1041B00023031A000000060722031A000000060766
:1041C00021031A000000060721031900000006075A
:1041D00020031900000006071F031900000006074E
:1041E0001E031900000006071E0319000000060741
:1041F0001E031900000006071E0319000000060731
:104200001E031900000006071E0319000000060720
:104210001E031900000006071E0319000000060710
:104220001E031900000006071E0319000000060700
:104230001E031900000006071E03190000000607F0
:104240001E031900000006071E03190000000607E0
:104250001E031900000006071E03190000000607D0
:104260001E031900000006071E03190000000607C0
:104270001E031900000006071E03190000000607B0
:104280001E031900000006071E03190000000607A0
:104290001E031900000006071E0319000000060790
:1042A0001E031900000006071E0319000000060780
:1042B0001E031900000006071E0319000000060770
:1042C0001E031900000006071E0319000000060760
:1042D0001E031900000006071E0319000000060750
:1042E0001E031900000006071E0319000000060740
:1042F0001E031900000006071E0319000000060730
:104300001E031900000006071E031900000006071F
:104310001E031900000006071E031900000006070F
:104320001E031900000006071E03190000000607FF
:104330001E031900000006071E03190000000607EF
:104340001E031900000006071E03190000000607DF
:104350001E031900000006071E0319000000060FC7
:104360003FFF62000000060F3FFF5E000000060FE7
:104370003FFF59000000060F3FFF55000000060FE9
:104380003FFF51000000060F3FFF4D000000060FE9
:104390003FFF4A000000060F3FFF47000000060FE6
:1043A0003FFF44000000060F3FFF41000000060FE2
:1043B0003FFF3E000000060F3FFF3C000000060FDD
:1043C0003FFF3A000000060F3FFF37000000060FD6
:1043D0003FFF35000000060F3FFF33000000060FCF
:1043E0003FFF32000000060F3FFF30000000060FC5
:1043F0003FFF2E000000060F3DFF2E000000060FBD
:1044000039FF2F000000060F3AFF2D000000060FB5
:1044100039FF2C000000060F37FF2C000000060FAC
:1044200036FF2B000000060F36FF2A000000060FA3
:1044300035FF29000000060F35FF28000000060F99
:1044400033FF28000000060F31FF28000000060F90
:1044500030FF27000000060F2FFF27000000060F87
:104460002DFF27000000060F2EFF25000000060F7D
:104470002CFF25000000060F2BFF25000000060F73
:1044800029FF25000000060F28FF24000000060F6A
:1044900026FF25000000060F24FF26000000060F5F
:1044A00022FF26000000060F21FF26000000060F55
:1044B00021FF25000000060F22FF23000000060F49
:1044C00020FF23000000060F1FFF23000000060F3F
:1044D0001FFF22000000060F1FFF21000000060F33
:1044E0001CFF22000000060F1CFF21000000060F29
:1044F0001CFF20000000060F1CFF1F000000060F1D
:104500001CFF1E000000060F1AFF1F000000060F10
:104510001AFF1E000000060F19FF1E000000060F04
:1045200019FF1D000000060F18FF1D000000060FF8
:1045300018FF1C000000060F16FF1D000000060FEC
:1045400016FF1C000000060F17FF1B000000060FDF
:1045500017FF1A000000060F17FF19000000060FD2
:1045600016FF19000000060F15FF19000000060FC6
:1045700014FF19000000060F16FF17000000060FB9
:1045800015FF17000000060F17FF15000000060FAB
:1045900016FF15000000060F15FF15000000060F9E
:1045A00014FF15000000060F15FF14000000060F91
:1045B00014FF14000000060F14FF13000000060F84
:1045C00015FF12000000060F12FF13000000060F77
:1045D00013FF12000000060F12FF12000000060F6A
:1045E00011FF12000000060F10FF12000000060F5E
:1045F0000DFF14000000060F0FFF12000000060F51
:104600000EFF12000000060F0CFF13000000060F43
:104610000DFF12000000060F0CFF12000000060F35
:104620000BFF13000000060F0CFF11000000060F27
:1046300008FF14000000060F09FF13000000060F1A
:1046400008FF13000000060F0AFF11000000060F0C
:1046500008FF12000000060F07FF13000000060FFE
:1046600008FF11000000060F07FF12000000060FF0
:1046700007FF11000000060F05FF13000000060FE2
:1046800008FF0F000000060F09FF0E000000060FD4
:1046900008FF0E000000060F07FF0F000000060FC6
:1046A00004FF11000000060F05FF10000000060FB8
:1046B00003FF12000000060F04FF10000000060FA9
:1046C00001FF14000000060F02FF12000000060F99
:1046D00001FF13000000060F02FF11000000060F8B
:1046E00001FF12000000060F02FF10000000060F7D
:1046F00001FF11000000060F01FF10000000060F6F
:1047000001FF10000000060F01FF10000000060F5F
:1047100001FF10000000060F01FF10000000060F4F
:1047200001FF10000000060F01FF10000000060F3F
:1047300001FF10000000060F01FF10000000060F2F
:1047400001FF10000000060F01FF10000000060F1F
:1047500001FF10000000060F01FF10000000726151
:10476000746573656C007374660063636B5F6F6E72
:1047700065636F72655F74780074656D70735F70E8
:104780006572696F64007478636861696E0072783D
:10479000636861696E0073776469765F736E7274C3
:1047A00068726573680073776469765F74785F77A1
:1047B00065696768740073776469765F736E726C9D
:1047C000696D0073776469765F73776374726C5F89
:1047D0006D61736B0073776469765F63636B736E8F
:1047E00072636F72720073776469765F7377637454
:1047F000726C5F616E74300073776469765F737793
:104800006374726C5F616E74310073776469765F94
:104810007765696768740073776469765F73657438
:10482000746C650073776469765F656E0073776496
:1048300069765F72785F706F6C6963790073776413
:1048400069765F63656C6C5F706F6C696379007328
:10485000776469765F73776374726C5F656E0073FB
:10486000776469765F7468726573680073776469EA
:10487000765F6770696F5F310073776469765F6335
:10488000636B6E6F6973656573746C696D007377C4
:104890006469765F6C6F673261766700737764690D
:1048A000765F6770696F0073776469765F74785FAD
:1048B000706F6C6963790073776469765F74696D92
:1048C000656F757400616E746469765F7273736985
:1048D0006469666674687265736800776F776C5F89
:1048E0006770696F00776F776C5F6770696F706F63
:1048F0006C00000073B54369164600222F2B044656
:104900000D46019208DD332B06D013460121E2F358
:10491000D9F183059B0D07E0002120460A46E2F30A
:1049200031F2064B03401B0C1B022046336001A9E9
:104930002A4600F005F801987CBD00BF0000FF0387
:10494000F8B504460E461546E5F380F540F612012B
:10495000002207462046E6F31BF32046E5F37EF5EA
:1049600020463946E6F322F3024B33604FF4C86326
:104970002B60F8BD4C6403000B46C06F11461A460D
:10498000FFF7B8BF10B501210446C06FE2F35CF237
:10499000E06FE6F337F3002010BD37B50024694619
:1049A00001AA054600940194FFF7E6FF9DE8060082
:1049B0000346284624F052DC20463EBD38B5044666
:1049C000C06FE2F3D3F148B12046FFF7E6FF05469A
:1049D00038B92046FFF7D6FF284638BD4FF0FF30E4
:1049E00038BD002038BD2DE9FF4107464FF4B670B1
:1049F0000E4615469846E0F36BF40446002832D084
:104A000000214FF4B672DBF34DF40A9B3846009355
:104A100004F18003019304F18403029331462A4692
:104A20004346F2F7F1FBE067C0B10123637440F63F
:104A300012010022E6F3ACF20C210022C4F8880037
:104A4000E06FE5F3F7F42046F5F722FF2046FFF785
:104A5000B5FFE06FF2F780F9002500E00B25204656
:104A6000E0F348F400E01E25284604B0BDE8F081DC
:104A7000CDAB000001BC600300104E03BFDE02F0AE
:104A80000E5C0280C12700000403BFDE02F0105953
:104A900003A85E02F0001203A65E02F0001202827A
:104AA0005E5300001202855EAF000012020200BFDA
:104AB00000000F03A85E02F000120282DEBB0000BD
:104AC000120282DEB300001202845EB700001202FE
:104AD000845EB3000012028600C7000012028480C8
:104AE000C300001201BC63FF1FF040000080000003
:104AF0000000035B5E02F0001401BC601300104371
:104B000000015E02F0000000025E02F0182C0202BA
:104B100000BF0000B402045EFF00001B006B446590
:104B200056801B01846002F7F7BF01BC6003000AD6
:104B3000A600025E02F012370202DEFF0000200033
:104B40006B44655520200182E002F7F7BF03BFDE0A
:104B500002F006C30201AC7B00002500E844656159
:104B600077A101BC607F0817A2006D5E86F4402526
:104B700000A82C7B010B1E00682B4F00002A02802E
:104B8000DEFF0000B4006B44655A60B40184E006A7
:104B9000F577AB00025E02F0159B020480C70000AF
:104BA0002C028180C700002E01806002F7F7BF0150
:104BB000BC6003000ADA00902BE300D7A200E02BD0
:104BC000DEF457A3006D446AF4603200B02BD700C6
:104BD0000AF001876002F7F7BF00682BBF00003AB8
:104BE00000E944655DF7A300E8C4695E77A2006848
:104BF000DE8B00003A006DDE8D5E003A0286ABD39C
:104C000000003A01876006F7F7BF0207DEFF0000E9
:104C10003F00E844655A37A2006D5E895A003F01A3
:104C200087E002F7F7BF01BC6003000AD100682CDF
:104C30006F00004501BC61F70017A100E8446563FF
:104C400077A2006D5E8AF4204501BC6003000B1B57
:104C500000A82C7B002B1E00682AE700005100E80A
:104C600044655737A1006DDE8556404C00682B2304
:104C700000005100E844655917A1006DDE855640DB
:104C80004E03BFDE02F0005101BC6003000ABA010E
:104C9000BC6003000AB901BC6003000AC801BC6023
:104CA00003000AC000A82C7B004B1E0202DEB300EA
:104CB00000540200420300005400025E02F00D2F77
:104CC0000203C57300005702845EB30000B400689D
:104CD000AAEF0000B40284DEB7000059020180C7C9
:104CE00000007900B02AAB0017A202802BD300008D
:104CF0006000B02B030017A1006DDE855BE0AB0008
:104D0000685E8700006000682BE700006000B02B41
:104D1000E70017A200682AEB00006600E844655728
:104D200057A101856006F5D7AE006DDE86F440AB75
:104D300000E05E8554F7A1006DDE86F440AB01858E
:104D40006002F5D7AE0202DEBB00007900682A9B44
:104D500000007900E8446555D7A100E02A9B01577F
:104D6000A2006EDE86F440720182E002F5D7AE0149
:104D700081600163CB1E01BC6003000AEA01BC60D4
:104D800003000AA601BC6003000AE503BFDE02F0CF
:104D90000079006EAA9AF4207800E82A9AF437A1E4
:104DA00000902A9B0037A2006E2A9EF4407700B044
:104DB0002A9F0017A20069DE86F4407903BFDE0255
:104DC000F000AB0284DEB700009E028881AB0000D9
:104DD0009C02045EB70000B4020480C70000850096
:104DE000682AF700208500682AF700808500682A75
:104DF000DF00008400682AF702E0820068AAF70852
:104E0000608400E844655637A1006D5E8556E0B4C5
:104E100002005EFF00009C028080BF00009C0068D2
:104E20002B2300008B02802BD300008B00B02B2B98
:104E30000017BB006E2B02F760B403BFDE02F00068
:104E40009C0205DEB700008E00682AF70860B403F4
:104E5000BFDE02F0009C028400C7000090028600C2
:104E6000C700009200682AEB00009C02812C2700FA
:104E7000009C00E844655637A10206ABD3000096BB
:104E800000E845C95AF7A203BFDE02F0009700E828
:104E900045895AF7A20286ABD300009A00E85E86E5
:104EA000F457A10069DE8557009C006CC46556600C
:104EB000B402855EB70000B400025E02F015BE03C6
:104EC000BFDE02F000B40285ABD30000A50206AB42
:104ED000D30000A301BC63FF1FF7A1006845C6F41F
:104EE000209C03BFDE02F000A501BC63FF1FF7A1F9
:104EF00000684586F4209C0203C5730000AB028560
:104F00005EB70000AB020100C70000B4006B44654F
:104F10005680B40020E3FE1460B40282DEBB0000C1
:104F2000B402022C270000AE0282DEBB0000AE03FA
:104F3000BFDE02F0009C028881AB0000B40282DE7A
:104F4000B30000B4028080BF0000B40284DEAF0072
:104F500000B402825EBB0000B400025E02F015EEF7
:104F6000018060020D906C03595E02F000B603D818
:104F70005E02F000B703D8DE02F000B801BC618326
:104F800000112900B0007B00112B01BC630300114C
:104F90002303125E02F00CB003975E02F00D430390
:104FA000D05E02F0039403D0DE02F0063D03D5DEAE
:104FB00002F00C6203915E02F006980396DE02F0A6
:104FC0000C5D0288C17300012303C45E02F0081067
:104FD00003C75E02F0083403DCDE02F0163503AAD4
:104FE0005E02F008A40386DE02F00CA10287C0373F
:104FF000000CA103835E02F00A50020680C7000085
:10500000D00202B0E70000D0006C30EE2320D001C7
:1050100082E001872C3901BC607F1FF7A201E05EAE
:105020008A1070830391DE02F00720020680C70019
:105030000107020601AB0000E3020030E70000E3D5
:105040000068DE4B0620E3020042030000E3028416
:1050500045230000E30280B0E70000E3006E45173F
:105060000020E301BC600300108000A8412300F091
:105070004803D0DE02F000DC03D05E02F000DD0366
:10508000D5DE02F000DE00E001DF0020770180E0E5
:1050900005872C3901BC6003000C3A00025E02F067
:1050A000180700025E02F0181B020E01AB0000F0B0
:1050B000028445230000F0020130E70000F000E028
:1050C00001E300207801816001872C390180E00133
:1050D000872C39010C81430017A60068DE9B006015
:1050E000ED01BC6003004C3A03BFDE02F000EF00AC
:1050F00068DE9B0040EF01BC6003002C3A00025EBA
:1051000002F01807020681AB000107020230E70037
:1051100000FB028042030000FB028445230000FBE9
:1051200003915E02F0069800E001EB00207A018016
:10513000E005872C3901826001872C3901BC6003AE
:10514000000C3A00025E02F0180700025E02F0183E
:105150001B0201B0E70000FE006C30F22320FE01CC
:1051600081E001872C39020330E7000107006C3031
:10517000F623210701836001872C390200420300D6
:10518000010700685E4B04410500685E4B00410565
:1051900003BFDE02F001070182600609104801BC6E
:1051A000600300114503C2DE02F00D0A00025E0238
:1051B000F0123603D4DE02F007B903A3DE02F000DA
:1051C0000203C85E02F005FB0204DEB30001100218
:1051D0000145230001100184E002F597AC00025E56
:1051E00002F006370201C5230001120187E002F533
:1051F00077AB00025E02F00EAF00025E02F01177A4
:1052000002182E2700011600025E02F0118A03A286
:105210005E02F0012003565E02F0011D0186600669
:10522000091048031F5E02F0011D006A5E230001A1
:105230001C00B0002700178800E85E2300378803B1
:10524000A65E02F0018E00025E02F011F8002860F6
:105250000E08E1B403C4DE02F00D7A0020C20300A0
:1052600021BC03BFDE02F0020D03815E02F00125C6
:105270000300DE02F000C30188E0020B905C03BF74
:10528000DE02F0039102874063000127018EE00EE9
:10529000F43018028740630001290002DE02F000AA
:1052A000000287406300012B00B05E8B00101901E3
:1052B0008EE00AF430180002DE02F0000001BC604B
:1052C0006300107B01BC601B00107A01AC607EF4AF
:1052D0007075028741D70001320002DE02F0000043
:1052E00001BC606300107B01BC601B00107A01AC44
:1052F00060BEF47075028741D70001370002DE02FC
:10530000F0000001BC606300107B00B05E8B0010F9
:105310007A01AC607EF43075028741D700013C0011
:1053200002DE02F0000001BC606300107B00B05E92
:105330008B00107A01AC60BEF43075028741D70053
:1053400001410002DE02F0000001BC6003028006A1
:105350000280DE0700014D01DA6002F017800208CA
:105360005E0700016101BC60031E17A100E05E0240
:10537000F4306501BC60031C17A100E05E02F4304C
:105380006401BC600300281103BFDE02F001670165
:10539000105E030017A101035E030017A200E05E88
:1053A00086F457A100885E870037A200E05E86F48D
:1053B00057A100E0015AF43063028600C30001588F
:1053C00000B0560B00106200B0540300106201BC24
:1053D000600300281103BFDE02F0016900B0418FB5
:1053E0000010620109DE030017A10068DE8700419A
:1053F0005C00E05E870037A100885E870057A1004F
:10540000E05E8504B7A100E05E8703C00601BC60D2
:105410000300481103BFDE02F0016901BC6007020E
:1054200017A100E05E02F4306501BC60070017A11F
:1054300000E05E02F4306401BC600318000601BCA9
:10544000600300081100B05A0300106200B0580356
:105450000010630002DE02F0000001BC60030637AA
:105460009201BC63FF1FF0C301BC60031890E3010D
:10547000BC60FB1C10E501BC600300501000B04094
:105480004300180000B040470010E70002DE02F0C1
:10549000000000E840330097A100B0400B0017A3C4
:1054A000006D5E86F4617700905E8F0037A303BFC6
:1054B000DE02F0017800905E870037A301BC601B1C
:1054C0000437A100E05E8EF437A301F04197001786
:1054D000A1006DDE86F4618C0287C1970001800116
:1054E000385A030017A1013C5A030017A203BFDE7C
:1054F00002F00182013C5A030017A101385A07004B
:1055000017A200685E86F4818700D85E8B0037A200
:1055100000E14196F4506500E1C19700306503BF9A
:10552000DE02F0017A00D85E8B0037A200E14196DE
:10553000F457A100E1DE870037A101F05E87001774
:10554000A1006EDE86F4618D01BC63FF1FF7A4002D
:1055500002DE02F00000020681AB000190018260D1
:1055600001872C390020E38E090002031EDE02F0C1
:105570000196039F5E02F0019601BC60430117A1F2
:1055800000A84122F4304803BFDE02F00002020806
:10559000411F00019301816005610B0800025E025A
:1055A000F00D2F00B000AB00108600B001630010BA
:1055B0008A00025E02F0107301BC600304179200BF
:1055C000B0003B00111D0190600609104803A1DEE8
:1055D00002F001AE0181E00609104801BC60030041
:1055E000904201BC600300112D039EDE02F001B168
:1055F00001846002F2979400B0451700178F00B045
:105600005E170017900200441F0001AA0185600286
:105610000910480181600700104701F0DE0F0037D4
:10562000A1020400BF0001AD01F084C70037A10052
:10563000A044B6F43145039EDE02F001B101BC6125
:105640003712B08003BFDE02F0000200A044B42A8B
:10565000314501BC612712708003BFDE02F00002F9
:105660000020E082090002010CDE530017A101882E
:105670005E8700104701BC60030050420108411FD3
:105680000017A1018CDE86F2979403BFDE02F000C2
:10569000020002DE02F000000020E07E09000200AD
:1056A000025E02F012020283C21F000002020280A8
:1056B000F30001C600B044670017A1017C5E862399
:1056C00057A302835EFF0001C500E000FAF46829D9
:1056D00001836006F7F7BF006BDE8D0521CA020665
:1056E000D0030001CE00E950862337A100E8D08A1C
:1056F0002357A20069DE8B0001CE00025E02F00D8E
:105700002F0191601684F42700E020A70088290368
:10571000BFDE02F0036E00025E02F00371020400BD
:10572000BF0001D603945E02F000020020C28F0683
:10573000000200A0428F01F78000685E002DC002C9
:1057400000025E02F00D2F03BFDE02F00012020124
:10575000C28F000002011400630017A100685E8779
:1057600000600200025E02F00D2F0194600F000045
:105770001800025E02F001DD03BFDE02F00012013C
:105780001400630017A100B05E870010A501BC6083
:10579000131B906000685E870001E400E04183060F
:1057A000D06000E85E870037A103BFDE02F001E0B1
:1057B000028050C30001F2018760040310A000B012
:1057C00000630010B400B042D30018000088418389
:1057D0000030B601BC60030B10B500B0006300B030
:1057E000B40317DE02F001EB0397DE02F001EC01D7
:1057F0008060068614300068D0D30001F20068D0C3
:10580000D70001F200B0446700143400B0446B00CC
:1058100014350002DE02F000000020E01280420C8D
:10582000018760040310A000B000630010B401BC45
:1058300060030E10B500B0006300F0B401BC605707
:105840000310B600B000630010B401BC600302D0C6
:10585000B50207500B00020901BC600303D0B5017B
:105860008E6002F297940204500B0002020204D0F0
:105870000B00020201866006F2979400E042D70016
:10588000D0B500A0500B1117A10068DE87110208E7
:105890000186E006F2979400E042D70050B5020777
:1058A000D00B00020800E042D70090B500B042D70C
:1058B0000011E100B0006300B0B40317DE02F00293
:1058C0000A0397DE02F0020B0002DE02F000000085
:1058D0006820C3000210006CC46506001201BC60A1
:1058E00003000830006820BB00021600B0446700C7
:1058F00017A2006C446988A215006B446988A01245
:10590000006EDE8905E01201BC600300082E002055
:10591000E0BE090002020681AB00021A0281B0E774
:105920000000020280B0E700000203905E02F00077
:105930001203A25E02F0022C00025E02F01163026A
:105940000200BF00022B0284DEAF00022302045ECD
:10595000B700022B00025E02F0156902045EB70078
:10596000022B03BFDE02F0000202045EB700022633
:10597000020480C700022B02805EFF00022B00029F
:105980005E02F0150D0206ABD300022A02052C239D
:1059900000022A03BFDE02F0022B03BFDE02F0008A
:1059A0000200025E02F012020200421F00024300E7
:1059B0006842F300022F006D42F3006243011400BD
:1059C000630017A100B05E870017A203A25E02F079
:1059D000023703145E02F00245006EC45680624531
:1059E00002814523000245006E5E8700624301BCD0
:1059F00060030077A200886006F457A300885E8BDE
:105A000001001800E85E8B0037A20020C28EF4620D
:105A10003D006ADE86F4423703BFDE02F002430235
:105A20000400BF00026F00900063010165008085E3
:105A3000970217A100E064820DA16600025E02F0E9
:105A400011DF03BFDE02F0026F018260020910481D
:105A500003BFDE02F0000201BC600300111500B0BC
:105A6000017F0017A6031F5E02F00254020300C369
:105A700000024A0020C28F02024E03255E02F0029D
:105A8000540020C28F02024E00688153FFE01203CF
:105A9000BFDE02F002500194601300001803BFDE65
:105AA00002F0026F039EDE02F002530068DE980BE4
:105AB000C2530201411F000F2501856002091048F1
:105AC00000685E980BC25800695E9F00627202987F
:105AD000428F00025803BFDE02F002720201411F32
:105AE000000F25020400BF00025F0218428F000F62
:105AF0002500025E02F011C100025E02F011DF011A
:105B000094058700001803BFDE02F0026F02001543
:105B10000B000268020016BB00026B00B014970075
:105B200017A10068DE84B2226800B0149B0017A1A0
:105B30000068DE84B2426800B0149F0017A10068BC
:105B4000DE84B26268029E14E700026B0201C28F1B
:105B500000026D0194600F00001803BFDE02F00226
:105B60006F0201C28F00026D018060060D906C0211
:105B700000C28F000F250194600700001800025E2C
:105B800002F001DD020400BF0002A103BFDE02F04B
:105B900002A101BC60031810600129500B0017928C
:105BA00000B0017B001065006800EB00027A0088FD
:105BB0005A130117A100E84466F437A1006EDE8491
:105BC00007427A03BFDE02F007B2019060120910AB
:105BD000480194601F00001801085A0F0017810146
:105BE000885E0681540A01345A0F00178000025E55
:105BF00002F0014300B0017B00106500B0562300A5
:105C000017A100E05E86A097A100E85E8400F4037F
:105C100000E85E8400F41600B05A0300141300B0CC
:105C20005A0700141400B05A0B0014150068DE0760
:105C300000429200E800970057A101BC5E86F01474
:105C40001B017C5E8700F41C00B020470017810018
:105C5000025E02F0108400B0017B00106501085A5A
:105C60000F00178100B05E8700141E03BFDE02F034
:105C7000029500B0561700141B00B0561B00141CF0
:105C800000B0541300141E00B05013001086006DB5
:105C900000A700829B0190016300108A00B0418F31
:105CA00000106200025E02F0160200B0422B0014E7
:105CB0000601BC60031817A1006DC18C20029E0173
:105CC000BC60030297A100E05E840377A100E05E60
:105CD00086B0111D03BFDE02F00337020300C700C8
:105CE00002B1020CD0030002B1011400630017A13D
:105CF000028500630002B10080DE8701F7A201BCCB
:105D0000601B1857A200E05E8A0DB06500B0419795
:105D10000014320080DE8700B7A201BC601B15D7DB
:105D2000A200E05E8A0DB06400B04193001433001D
:105D300068D8130002BF02005A1B0002B301806042
:105D40000684F42703BFDE02F006C30201D003007D
:105D500002B300B0509B00142F0281D0C700036B28
:105D600000025E02F00371010BD0030017A1013C99
:105D7000502B0017A2018C5E86F457A10148014305
:105D80000017A2010C81430017A300685E8F002258
:105D9000BC018CE0000A17A200685E86F442BF01D5
:105DA00091601284F42703BFDE02F0036E00025EEE
:105DB00002F001F300B0501300108600B05017003D
:105DC000108A03A25E02F0030B020CD0030002DE75
:105DD000020300C70002DD00B050CB0010650002D6
:105DE0005E02F01698020350C70002CB01BC60238C
:105DF0000097A100A85002F4340003BFDE02F002B5
:105E0000E2020481AB0002CD006D4246C080120068
:105E1000B05A1300178000025E02F0014D00B0542A
:105E20000F00141E00B05A070017A100B05A13004B
:105E3000178001875A16F0178000B0418F00106557
:105E400000025E02F0160B00E05E86A0740302877B
:105E50005E030002DC0109DE030017A300E05E8B95
:105E60000077A200E05E8AF477A200885E8B00379C
:105E7000A100E05E86F4508903BFDE02F002E2007A
:105E80006D424A848012010650070017A1028CD08F
:105E9000030002E100685E870002E20182DE86867E
:105EA0003431018260028634310020D0030402E8DC
:105EB00000B0504F0011F200B050530011F300B089
:105EC00050570011F401BC60030091F0020601ABD1
:105ED00000030402015003000304020601AB0003A7
:105EE0000403A25E02F00304028030E70003040111
:105EF000806005872C3900E001E700207901BC6053
:105F0000430890E600025E02F0016A01BC600319DA
:105F100010E401BC600300000601BC600301D782ED
:105F200001D2DE0877F0E000B00F030010E100B00E
:105F3000004700108600B00F1F00108A01BC6003EC
:105F400000378100025E02F0107000B0059B001067
:105F50006400E8581A28F14500B0058B0010640071
:105F60006A4516C082FF00025E02F01095006E4581
:105F70001700430101BC600300514501BC600300F0
:105F800010BB01BC610303B08003BFDE02F000124E
:105F900003945E02F0030B0206500300030702871E
:105FA000DEAF00030B028150030005DC0202D0C704
:105FB00000030A0208502B00030B0285D0030005E2
:105FC000F301906012863431011050070017A600CB
:105FD00068DE9B004317013A500700178000885E77
:105FE0000300778000E000AEF0106400B05E0700B0
:105FF000081301BC602306D78100E0418301706370
:1060000000E0418F00B06500025E02F010AB00B00E
:10601000204F00178103A25E02F0032300B0500F4F
:106020000011160202D0C700031B00B0505B001124
:10603000160282D003000323028147C300031C021F
:1060400080504F000321002047C73F83230020C713
:10605000DB00C36D03BFDE02F0032303A55E02F085
:1060600003230280C7DF00036D028850C700033F8F
:106070000129500B001792020300C7000330020CE5
:10608000D003000330028350C700033000B050CB70
:1060900000106501385A1300178001825A17005703
:1060A00081010E5A130017A1018E5E86F03781021E
:1060B00002D0C700033F00B0501B00108A03BFDEB0
:1060C00002F0033F0282D0C7000337013850270097
:1060D000178001085013001781010250130017A107
:1060E00001825E86F0378100B0507F00108903BFC7
:1060F000DE02F0033F0138506F0017800108502B7B
:106100000017810106D0070017A101825E86F037D3
:106110008100B0501B00108A00B05083001089012C
:106120000E50730017A1018E5E86F0378100025E6B
:1061300002F0014300025E02F010700102421B00F7
:10614000178101825E0502378100025E02F0108431
:10615000020680C700034B010C81430017A60068AC
:10616000DE9B00634900885E870057A103BFDE0203
:10617000F0034B0068DE9B00434B00885E870037CE
:10618000A100E05E840117A101D9DE870010830120
:10619000BC613703B79100685E4B02837F02040045
:1061A000BF0003520287500300035203945E02F0C3
:1061B000035303225E02F00360020681AB00035E1C
:1061C00000685E4B04435700685E4B00435703BFB3
:1061D000DE02F0035E00E001EF00207B01BC600303
:1061E00002914501836005872C3900E044670A0C61
:1061F0003D018C600E1770BB01BC6103023080034F
:10620000BFDE02F0000201BC610300308003BFDE8C
:1062100002F0000201BC613303B791028500630004
:106220000366009000630097A100E06482F430658B
:10623000006E5A130023660188E006F237910206C9
:1062400001AB00036A0068DE4B05A36A01BC610371
:1062500000308003BFDE02F0000203BFDE02F00365
:106260007F0191600E84F42703BFDE02F0036E010C
:1062700091600684F42701BC60030010B40181E042
:106280000686343103BFDE02F006C3011C508F00C6
:1062900017A10080DE870197A200E0015E0DB065C6
:1062A00002805A7F00037E02815A7F00037A020334
:1062B000DA7F00037E00685A8700037E008860064C
:1062C000F437A100201CBAF4237E00025E02F00D18
:1062D0002F0191601E84F42700015E02F00000038C
:1062E000BFDE02F0036E0002DE02F0000003C4DE37
:1062F00002F00D7A020650030003870207DEAF00AA
:10630000038701BC61030037910207500300038536
:1063100001BC620300F79100E0010B00204203BFC3
:10632000DE02F0038801BC600300204200B05E473B
:10633000001080020400BF00039000B0058B001025
:1063400064006E45170000020068DE4B02838F0078
:10635000A044B42A314503BFDE02F0000200025E11
:1063600002F010950068C51700000203D05E02F02D
:10637000039400025E02F0109503BFDE02F00002FB
:10638000020601AB0003970068DE4B05A39701806E
:106390006001872C39020E01AB00039A0200B0E7BE
:1063A00000039A01816005872C3900E10DB228E3D2
:1063B0006C00E08DB700036D01836002F7F7BF0149
:1063C000BC600300900400A8412330104801BC6267
:1063D0000F0011E001816002F5D7AE020200BF009C
:1063E00003B80068DE4B0203A400025E02F017BA95
:1063F0000068DE4B0623B802045EB30003B8020651
:10640000ABD30003A90204C5AF0003B803BFDE028B
:10641000F003AA0200456F0003B800E84465563750
:10642000A100E82A96F437A100695E870823B80224
:1064300006ABD30003B2006BAC422323B100E044AF
:1064400067014B100183E0022B915C03BFDE02F079
:1064500003B80183E0022B915C01BC600318517802
:1064600000B045E3001800018360022F317900A8D5
:106470004138F9D7A100B05E84FE704E0187E0027A
:10648000F577AB0068810B0023BB00B044670000C8
:10649000430182E00609104800A841B310906C0146
:1064A0008260062891440188E0020B905C00025E45
:1064B00002F012360185E002F7F7BF0288421B00A6
:1064C00003C30185E006F7F7BF035B5E02F003C577
:1064D00001BC601300104301BC600300108501BCC7
:1064E00060030010B8008850770090B90208502B64
:1064F0000003CC013850730017A1017C506EF437B3
:10650000A100885E870090B9020047A30003D00174
:10651000BC60030011EA009042E70091EB00B04735
:10652000A300D1E8020047B30003D201B0E08E3DE2
:1065300091EC01D2E00210908403A95E02F004FD08
:1065400001BC600300108400E001C300207000B0B3
:106550004467000C0D00B0446B000C0E0320DE02FB
:10656000F0044B00685E4B18A3E30068DE4B078322
:10657000EC01BC63FF1F708401BC600300F0850167
:106580003813630010B500E042D700D0B501BC60FD
:10659000030010A601BC602314D0B400E013570020
:1065A00024D503BFDE02F004930184E006F597AC26
:1065B00001BC60FF1FF08400025E02F0042801BCF1
:1065C00060030010B401BC60030010A601BC6003AE
:1065D00002D0B501BC602304D0B400E0135B0024FA
:1065E000D603BFDE02F0049301816006F5B7AD006B
:1065F00068DE4B04A3FF0203DEBB0003F100E02EC4
:106600000B00106503BFDE02F003F201BC60230142
:10661000106500A05E7FFE10EC00B05A030010ED84
:1066200000B05A070010EE00B05A0B0010EF00B097
:106630005A0F0010F001BC63FF1EF08401BC600320
:1066400000308501BC60030010B401BC600301D0C0
:10665000A601BC60030450B501BC602304D0B400A3
:10666000E002AF0020AB03BFDE02F0049301BC6187
:10667000FF1FF08401BC60030010850068DE4B053D
:10668000240701BC60030010B401BC600B0B50A6D2
:1066900001BC600302D0B501BC602304D0B403BFC9
:1066A000DE02F004130068DE4B02441E00B03067C7
:1066B0000010840285C38F00040B00E05E270037C2
:1066C0008901DA5E270010EE01BC63FF1FF0CE01E6
:1066D000BC60030010B40080E02183180000E06972
:1066E000820DB0A601BC600303D0B501BC602304D9
:1066F000D0B400E001D3002074018460070011E0F1
:106700000282DEB30005BC02045EB30005BC018159
:10671000E006F5D7AE0183E00609104800B041233A
:1067200000180001BC600306B78E0188204610D710
:106730008100025E02F0108400885E87007083038F
:10674000BFDE02F005BC01BC60031FF0840103DE64
:10675000530017A200680ECF00042300B00ECF0034
:1067600017A200901CBAF457A202005EFF00042595
:1067700001BC60030037A200682B4F00042701BC56
:1067800060030037A201865E8A1C70E3006AC3932F
:1067900000043100E8439000D0E40202421B0004F0
:1067A0002F0090001B0037A10020421B00442E0048
:1067B000B020970017A100E04392F430E40069C3D1
:1067C0009300043101BC60030010E400682B4F000B
:1067D000043300E043915B30E401BC60030010B47B
:1067E00001BC60030010A601BC60030210B501BC2F
:1067F000602304D0B400685E4B06A44900E001CBDE
:10680000002072020681AB0004930280B0E700040E
:10681000930203B0E700049301BC600704F7A602EB
:1068200088421B00044101BC600F0017A60282428F
:106830001B00044101BC60170017A6010C81430036
:1068400017A50068DE9700644400885E9B0037A6A9
:1068500000E04466F4CC3C0181E005872C390182DC
:106860006005872C390183E001872C3903BFDE02E4
:10687000F0049300E001CF00207303BFDE02F004B8
:106880009303205E02F0049A0181E002091048009F
:10689000E001D7002075031EDE02F0047A01BC601F
:1068A000030017A2006A5E230004530102428F0016
:1068B00017A201855E8A0910480180E00610308128
:1068C0000284DE5300045A00B000770017A100E0F4
:1068D0005E840437A100885E870057A100E05E87D0
:1068E0000D57A103BFDE02F0045B01BC60030D572E
:1068F000A10068002700047A00E05E8401F7A1018E
:10690000BC6023009065008841970030B601BC60F0
:10691000030010B400905E870050A601BC60030124
:1069200010B501BC602300B0B40317DE02F00463AD
:106930000397DE02F004640020DE8700446D00202F
:10694000DE8700246A01B85E22D0168001805E8A4C
:10695000D0368103BFDE02F0047301BC5E22D01684
:106960008001845E8AD0368103BFDE02F0047300AA
:1069700020DE8700247101B85E22D0368101805E5E
:106980008AD0568203BFDE02F0047301BC5E22D0BF
:10699000368101845E8AD0568201886002F430A874
:1069A00000B05A030010B000B05A070010B10280C6
:1069B00042A300047600E042A30090A800B05A0B66
:1069C0000010B000B05A0F0010B10187600610909F
:1069D0008400E05E2700378901DA5E270010EE01AF
:1069E000BC60030010B401BC60030350A600B000FB
:1069F000330010B50284DE5300048400E0606803B5
:106A0000B0A600E042980430A600B000370010B5F0
:106A100001BC602304D0B401846006F2979401861F
:106A20006002091048039EDE02F0048E0280441FBB
:106A300000049100B05E3F00114501BC60030017E7
:106A40008F00B05E4300178500B05E0F0017900303
:106A5000BFDE02F0049100B05E0F00178502804493
:106A60001F00049100A044B6F0B14501BC600301D1
:106A7000104201836006F29794018460070011E0E0
:106A800003A05E02F005BA02065EAF0005BC0186F7
:106A9000E006F577AB01BC600300108000025E02E7
:106AA000F00D3703BFDE02F0072003A15E02F00500
:106AB00027011400630017A10068DE8700E49F012E
:106AC00081600609104803BFDE02F0052702850039
:106AD000630004A10183E0060D906C01816006F55E
:106AE000D7AE011C508F0003BD0206508F0004A9D1
:106AF00000B044670010F300B0446B0010F401BC18
:106B000063FF1FF0D301BC63FF1FF0D400B0421736
:106B10000310850020600E8624D0018760040310D6
:106B2000A000B000630010B401BC60030B10B500FE
:106B3000B0006300F0B4020300C70004BB020CD035
:106B4000030004BB028050C70004B300B05413001C
:106B500017A100E05E8680741A00B0506B0010E44C
:106B600000B042130210840209502B0004BB00B095
:106B7000421300308401D2E03AA030E0028050C7D6
:106B80000004C101D2E052A030E003BFDE02F004F5
:106B9000C10202D0C70004C100B0505F0010E00085
:106BA000B050630010E100B050670010E200B05038
:106BB0006B0010E400B0421302F084020050C700E2
:106BC00004CB018AE00E10908401BC60FB1C10E530
:106BD00001BC60030890E600B000630010B401BC83
:106BE00060030210B500B0006304D0B401846007F4
:106BF0000011E001BC600300178E03BFDE02F00548
:106C0000C700E001C700207100B000630010B401AC
:106C1000BC600302D0B500B0006304D0B403BFDE93
:106C200002F0055403225E02F004D200E002A70045
:106C300020A9010350030017A100B85E870037A107
:106C400001875E86101080020400BF0004E0032B61
:106C5000DE02F004E0020000F30004DA00E80023A2
:106C600000514201BC600A28514203945E02F004C4
:106C7000E000B0058B00106400E0582300360800E7
:106C80006858030004E000B0446700111200B058D7
:106C900003001115020CD003000526020300C700F3
:106CA00004F300B050CB00106501BC6003001685F2
:106CB00000E05A3300368C020350C70004E800E0BD
:106CC0005A2700368903BFDE02F0052701BC6003A6
:106CD0000017B200B05A0B000B8301385A1300178B
:106CE000A101BC5A06F430E0013C5A130017A1017F
:106CF0007C5A06F430E10181E0061090840185E0C1
:106D0000070010E30185E0070010C30282D0C7002E
:106D100004F803BFDE02F004FB0202D0C70004FD4A
:106D200000B02A330017A101B8506EF430E000B073
:106D300050730017A101B82A36F430E102824213E1
:106D40000004FB00B0507B0010E400B042130210BE
:106D5000840185E0061C30E100B04213007084011C
:106D60008760040310A0020300C700051300B050A1
:106D7000CB001065006D5ECAD1C5030185E0021825
:106D800070C300E05ECB00368E01BC601B1FD06577
:106D900000E04196F6506500B050970016800068FC
:106DA000DECB00050B01BC60230150B800E001F30D
:106DB00000207C00682E0F00251103BFDE02F005C5
:106DC0001E00B05ECB0010B500B000630870B402C6
:106DD0008342D300050D01BC60030170B80068AEAA
:106DE0000F00251E01BC60030170B802BC50670093
:106DF000051D03BFDE02F0051C010CD0030017A126
:106E000003A95E02F0051901BC60230150B800E03F
:106E100001F300207C00685E8700651C03BFDE0272
:106E2000F0051E01BC60030170B800685E87004574
:106E30001E01BC60030170B80181E0021710B801A7
:106E4000BC600300F0A501BC60030E10B500E001BA
:106E5000F700207D00B000630010B400B0006300B4
:106E6000F0B400B042D3001800018860080310B4E9
:106E7000018160060D906C03BFDE02F00554020232
:106E8000D0C700052D00B0506F0010E000B0507367
:106E90000010E100B050770010E2028242130005BA
:106EA0002C00B0507B0010E400B0421302F08400CC
:106EB000E05E9F0037A703A15E02F0053601BC60CB
:106EC000030017A7018760040310A000B00063004F
:106ED00010B401BC60030E10B500B0006300F0B444
:106EE000018860080310B403BFDE02F0054900B05A
:106EF000017B00106500B05A030010E500B05A078E
:106F00000010E600B05A0B0010E70068A04B000527
:106F10003C00E05E270037890068204B00054001F7
:106F200085E0070010E30185E0070010C300B042D0
:106F30001301108401DA5E270010EE01876006104D
:106F4000908400B042131C108401BC60030010B494
:106F500000E0606803B0A600B000970010B501BC67
:106F6000602304D0B4018460070011E003BFDE0297
:106F7000F005A901085E4B0017A100685E87002597
:106F80005402025003000553029E509F0005500218
:106F900001D00300055000E05E2700378901585EEC
:106FA0002700142D01DA50B70010EE01876006109B
:106FB000908403BFDE02F0055401BC600300142D71
:106FC0000104C1070017A100680EF700055900B0C1
:106FD0000EF70017A100901CBAF437A103BFDE0220
:106FE000F0055B03225E02F0055B0103DE53001730
:106FF000A100B05E870017A202005EFF00055E01DF
:10700000BC60030037A200682B4F00056001BC6024
:10701000030037A202885E4B00056300685E4B06E2
:10702000856301BC60030017A200688EF700056548
:107030000183DE86F297940183DE8684F427028141
:10704000C21300056B01865E8B0010E301866007AA
:107050000010C30181E00610908403BFDE02F0053A
:107060006D01865E8A1C70E3018660061870C3029B
:10707000B847A70005A502A047B70005A703A95E6A
:1070800002F0057501085E4B0017A100685E8700DD
:1070900025A6021E509F0005750185E0061C70E3C1
:1070A0000185E0061870C3011400630017A1006891
:1070B000DE8700857E00B001530017A20068DE8BDA
:1070C000FFE57A0068424700257B0068DE8A84C5B8
:1070D0007E018560020910480186E0021C70E30110
:1070E00086E0061870C3011050070017A600685EFE
:1070F0009B0005A601BC60030011E4013A500700A3
:10710000178000885E0300778000E000AEF0106416
:107110000068DE9B00458B0207D00300058901BC97
:10712000602B11F7A200E05E000B37A300025E02A5
:10713000F010D601BC602306906401BC60470017C4
:10714000A200025E02F010FE00685E9B0045A701EF
:10715000A46046F471E00068DE9B00C59901BC6143
:107160001300B7A1020600F300059201BC601300F2
:10717000B7A10192C21AF437A203295E02F0059763
:1071800001BC60030011EE009042E70091EF019214
:10719000E00EF437A200B05E8B0011EC03BFDE02FC
:1071A000F005A700685E9B00659E00685E9B00A5D9
:1071B0009E00B0502F0011E200B050330011E203E6
:1071C000BFDE02F005A7018760023D11E80068DE1E
:1071D0009B00A5A1018760063D11E801BC6003008A
:1071E00011EA009042E70091EB0192C21B00B7A2A6
:1071F00001B85E8A3D11E803BFDE02F005A70184F5
:1072000060070011E001BC600300112D00B0448351
:1072100000142C03A3DE02F005BD01BC60030017BF
:107220008E00685E4B05A5AD020050030005B70156
:1072300083E00609104800B0412300180001BC603B
:107240000306378E00685E4B05A5BC00E002A30074
:1072500020A801BC600304B78E03A95E02F005BC40
:1072600000685E4B0425BC01BC600306B78E03BFFB
:10727000DE02F005BC01816006F577AB00B05E0F61
:1072800000178500025E02F0109501BC6003001734
:107290008C01BC600300178D0323DE02F005C702DA
:1072A0000680C70005C6010C81430017A10068DEF7
:1072B000870065C60108421B0017A10068DE870031
:1072C00005C601BC607F1FF7A101E05E86107083D8
:1072D0000182E005872C3900E04467258C3B01875B
:1072E000E006107083006D00A70085D903295E02B7
:1072F000F005D9020300C70005D600B050CB00103E
:10730000650282D0C70005CE00E05A23003688030C
:10731000BFDE02F005CF00E05A2700368900682E54
:107320000F0025D600E05ECB0037B2010A5ECB002D
:1073300017A100E050CAF4306500D06006F657A2ED
:1073400000205A1AF445D603BFDE02F005D0000231
:107350005E02F012360350DE02F005D603BFDE02F5
:10736000F0063D02055EAF0005DB0187E0062671F1
:107370003303BFDE02F000020190600A863431025E
:1073800082D0C70005E5013C502700178001095055
:107390002B001781010750070017A101825E86F0BC
:1073A000378100B0501F00108A00B0500F00111636
:1073B00003BFDE02F005EB0138505F001780010AC1
:1073C000502B0017810107D0070017A101825E86AC
:1073D000F0378100B0502300108A00B0505B0011DC
:1073E00016020300C70005F0020CD0030005F002EE
:1073F000085E070005F0013854070017800190422D
:107400002AA1308A028050C70005F901BC6003053B
:10741000B79203BFDE02F0031B0190600686343191
:10742000020300C70005DD020CD0030005DD00B03B
:10743000001F0017A100E05E8680741A03BFDE0201
:10744000F005DD01BC600306379203BFDE02F003E6
:107450001B00E0135F0024D70204DEB3000002002B
:10746000B0130B001065011998870017A101095A84
:10747000130017A201895E86D0968400B01307001E
:1074800017A3006DDE8498260400B05E870017A362
:1074900001885E8ED096840068DE8AF4210E01BCDD
:1074A00063FF1FF0D000B05A130010F001BC60035E
:1074B0000017A501825E961E10F001BC63FF1FF04D
:1074C000CF01BC601B00F0EF01BC63FF1FF0D100D7
:1074D000B044670010F101BC63FF1FF0D200B0445C
:1074E0006B0010F201BC60030404D801BC63FF1FF1
:1074F000F0C301BC60031C10E301BC63FF1FF0C4B8
:1075000000B052130010E401BC63FF1FF0C500B0CF
:10751000522F0010E501BC63FF1FF0C600B05233CC
:107520000010E601BC63FF1FF0C700B05237001027
:10753000E701BC63FF1FF0C800B052170010E8015C
:10754000BC63FF1FF0C900B0521B0010E901BC630F
:10755000FF1FF0CA00B0521F0010EA01BC63FF1FFA
:10756000F0CB00B013470010EB01BC63FF1FF0CC61
:1075700000B0134B0010EC01BC63FF1FF0CD00B056
:10758000134F0010ED00B0136700106201BC6003E0
:1075900000281100025E02F0107400025E02F00D7D
:1075A0002F01BC602B1877A100025E02F0012701B9
:1075B0006040670011C000E040649B17A100E05EDE
:1075C000870097A101BC63FF1FF0C001BC600301ED
:1075D000550101D2DE86A030E000905E870177A1E0
:1075E00001BC60030797920190600A09104803BF2D
:1075F000DE02F0035301BC60070011C101BC602B27
:107600001817A101BC60030017A200025E02F0017E
:107610002B01BC60030011C10002DE02F000000279
:1076200001C2E3000665020300C700064200682E9F
:107630000F002652006E4246F6465203BFDE02F0AD
:107640000644006E4247002652020300C700064F60
:107650000355DE02F00644018060028614300138D2
:1076600050830017A100B050CB001065006DDA32D6
:10767000F42C6200A8412314104801140063001088
:107680006500E041970ED06500E05A0300368001A6
:10769000BC621F0011E003BFDE02F000120181E0B6
:1076A000068634310191600E84F42703BFDE02F0B8
:1076B0000665013C50670017A101AC5E861750BA01
:1076C00001BC60030190B8020300C700065F0068B8
:1076D000AE0F00265A0181E0021710B80350DE02F7
:1076E000F0065803BFDE02F0066500E82E0F002BFF
:1076F0008300B05ECB0010B500B000630870B40228
:107700008342D300065D03BFDE02F006600186E01F
:10771000040310A000025E02F001E603D5DE02F0D1
:107720000C6203D6DE02F00C7A0350DE02F0066132
:1077300003BFDE02F003C301BC600300F0A50182B9
:10774000E00209104801BC621F0011E001BC6003A7
:107750000011EC01BC600F0011E80285500B00061F
:107760006C0182600209104803A0DE02F00670037B
:10777000D5DE02F00C6203D6DE02F00C7A03205E46
:1077800002F006760188600209104801BC6003001F
:10779000083100685E4B18A0020068DE4B07867552
:1077A00000025E02F0063703BFDE02F0001201BCE9
:1077B00060030037A100025E02F00E9603A3DE0212
:1077C000F00012020050C700068201BC60030010E6
:1077D0008001826006091048018060028634310011
:1077E000688EF70006800104C1070017A10183DE3F
:1077F00086F2979400E001CB00207203BFDE02F016
:10780000020D00B0010B0017A1006DDE840806C355
:1078100000E844640877A1006E5E840826C30187EF
:10782000E006F577AB020200BF000697028881AB45
:10783000000697028400C70006970129500B001725
:10784000A10068DE870206970282DEBB000697026F
:1078500003C5730006960283DEB30006960286AB6C
:10786000D30006920282DEBB00069200682AE7007F
:107870000697006DDE2F01E6970182E006F7F7BF5D
:1078800001BC613B0417A100E04466F42AA903BFD0
:10789000DE02F0001203BFDE02F006C301BC60038B
:1078A00000114902825EAF0006B201826006F577E0
:1078B000AB00B0446700081C020400BF0006A30030
:1078C00068451F0006A30185E002F577AB032BDEB8
:1078D00002F006A10185E006F577AB00B0058B004C
:1078E000106400025E02F0119700B0014B0017A275
:1078F0000208421B0006A600B0016B0017A2006838
:107900005E8B0006AE0090452B0097A10080DE86BE
:10791000F457A1006E20BA0DA6AE00B041B7000822
:107920002E00E120BA23282F00E0DE86234C4500FC
:10793000B041B6F4282E02055EAF0006B001BC616E
:107940000300113300E10D8229436000E08D8700C0
:10795000036100E844650397A5006D5E970100C1CF
:10796000020200BF0006C00068DE4B06A6B7018415
:10797000E002F7F7BF0068DE4B0406BA0282DEB30E
:107980000006BA01BC6003000B0A02045EB30006E5
:10799000BD0068DE4B0626BD00025E02F0158F00BA
:1079A000025E02F0123703A3DE02F006C00183E09C
:1079B00002F597AC00025E02F017C001826002F58A
:1079C00077AB03D15E02F00002020050C30007193A
:1079D0000325DE02F006C70183600684F42703BF97
:1079E000DE02F006F9020CD0030006F7020300C71E
:1079F0000006E6011400630017A1006DDE87008613
:107A0000F701BC600300178000B050CB0010650088
:107A1000B050CF001064018160060D906C0182604F
:107A20000686343100B05A230017A101BC60030060
:107A3000168801BC5A2AF437A101BC600300168ADB
:107A400000B05E8700148F00B05A270017A101BC58
:107A5000600300168901BC5A2EF437A101BC6003F3
:107A600000168B00B05E8700149000B05A1B001403
:107A70008D00B05A1F00148E01BC60030016040074
:107A800068DE030006E3020350C70006E20100506F
:107A90009F00178001805E0291B48D01BC5E02924E
:107AA000149001BC600300378000025E02F016E40F
:107AB00000B05E0300148C03BFDE02F006F2006823
:107AC000C2470006EB0181E0068634310191600E69
:107AD00084F42701BC600300143003BFDE02F00011
:107AE0000200B0509F0017A100025E02F001E50005
:107AF000B05E870014270186E0040310A000B042A6
:107B000083001800010CD0030017A10068DE870075
:107B100066E6010250C70017A101805E8684F42743
:107B2000018AE00E84F42700B050BF00142603BF82
:107B3000DE02F006F90186E0040310A00200509F67
:107B40000006F90286C10700071403295E02F00649
:107B5000FE00B0523300142D00B052370017A101BF
:107B60009E5E8684F42700B0509F0017A10180DE3E
:107B700086F437A1020580C300070500B0303B0042
:107B8000108F00B0303700108E00B050D700108D2D
:107B900000B050D300308C00B050BB00108F00B04C
:107BA00050B700108E00B0509B00108D0180600611
:107BB000F4308C020250C700071100B0524300108D
:107BC0008F00B0523F00108E00B0523B00108D016C
:107BD0001A52370017A10198DE870437A101B85E59
:107BE0008691B08C01826002863431018160020D81
:107BF000906C01BC600300143401BC6003001435B8
:107C00000325DE02F00717019C600284F42703BFFE
:107C1000DE02F0071B0285500B00071900A850C7B1
:107C20000D143101BC600300143001816002F5D7EE
:107C3000AE0183600284F4270185E0020910480147
:107C4000BC600300142E03A25E02F0020D03BFDE2F
:107C500002F000120323DE02F0079103A35E02F09C
:107C6000079103A2DE02F0079101816006F577AB70
:107C700003AA5E02F007910183E002091048035154
:107C8000DE02F0072C020680C70007290182E0010E
:107C9000872C3900E0026B00209A0180E006F5771E
:107CA000AB03BFDE02F007310301DE02F0072F0055
:107CB000685E4F06272F01BC60030017A803A45E6F
:107CC00002F0073103C1DE02F0079402045EB30044
:107CD000073A01846002F597AC0183E0020910487D
:107CE00000B02B3F0017A1006D2AEEF4200200E047
:107CF000027B00209E01BC6003000ABB00025E0202
:107D0000F0159203BFDE02F000020203DEB30007AB
:107D10004A0183E002F597AC00E020CF002833024F
:107D2000015EBB00074A00B02A830017A1006D2046
:107D3000CEF4274501BC600300083300E0027F0059
:107D4000209F03A95E02F007480191601A84F4277E
:107D500003BFDE02F0036E01BC63FF1FF7A1000248
:107D60005E02F00E9603295E02F0074A0191601A46
:107D700084F42703BFDE02F0074A01846002091081
:107D80004800E10DC229437000E08DC70003710275
:107D90000400BF00075101BC60030011150114006D
:107DA000630017A100E06602F4306500025E02F095
:107DB000109A0182600209104800685E3B18A755BE
:107DC0000068DE3B07075603BFDE02F0000203290E
:107DD0005E02F007590201500300075900685E3B3C
:107DE00004A76001F0DE1700378500A05E16F0974B
:107DF0008500685E3B0627600201500300075F02B2
:107E00008780BF00075F0185E0060910480280D027
:107E10000300077000B05E1B0017A300B0008B00CA
:107E200017A4020400BF000766006E419730676622
:107E300001185A030017A3011A5A030017A4006877
:107E4000C18318076900E002930020A403BFDE028B
:107E5000F0076B006D5E2EF4876B0182E0068634BE
:107E60003100E05E3300378C0068DE32F4676E006C
:107E7000B05E0F001785006DDE2EF4677C03BFDE59
:107E800002F0078C00B05E1F0017A300B0008F0047
:107E900017A4020400BF000776006E419730677692
:107EA000011C5A030017A3011E5A030017A4006DFA
:107EB0005E2EF487780182E00686343100E05E377A
:107EC00000378D0068DE36F4677B00B05E0F001768
:107ED00085006D5E2EF4678C0185E0020910480371
:107EE000D1DE02F0077E03295E02F0078002030064
:107EF000C700078100B05E0F00178500025E02F028
:107F00001095006841831807B2020300C700078874
:107F1000020CD003000788028350C700078800685E
:107F2000DE4B05A78803BFDE02F016640181E00680
:107F30008634310068DE3B06278B00E0029F00207C
:107F4000A703BFDE02F006C300025E02F010950137
:107F500081600209104803295E02F0079102830044
:107F6000C700166403BFDE02F006C303D1DE02F0D1
:107F7000079203A5DE02F006C303BFDE02F0001283
:107F800000E10DBA29436E00E08DBF00036F0206C9
:107F9000500300079C00B001030017A1006D810A87
:107FA000F4279C00E844640877A1006E5E840827EB
:107FB0009C0187E006F577AB01085E4B0017A10036
:107FC000685E4B05279F00685E870027A000B05EB3
:107FD0000F00178500025E02F0109500685E3B06F8
:107FE00027A601BC600300178C0200D0030007AB7A
:107FF00001BC600300178D03BFDE02F007AB01BCBC
:10800000600300178C020300C700020D020CD003AE
:1080100000020D019C600284F42703BFDE02F0021F
:108020000D006841831807B10180600684F42703BE
:10803000295E02F006C301826006863431028300A5
:10804000C700166403BFDE02F006C300E00297001B
:1080500020A50181600209104801BC6003000812DC
:1080600000E0017B00A05E01BC60131417A1006D4D
:10807000017AF4201201BC60130C805E03BFDE02A3
:10808000F0001200025E02F00D2F0338DE02F00055
:1080900012039EDE02F0001200E8444C00F7A1003B
:1080A000E85E840117A1006ADE840107C200E85E71
:1080B0008401118701BC600300118801A5E0223012
:1080C000118001BC600300111301BC600300111496
:1080D00000B044670017A100B0446B0017A200B0C5
:1080E0005E8700110400B05E8B00110503B8DE024C
:1080F000F007C403BFDE02F0001201BC600304B746
:108100009201BC60030417A101BC63FF1FF0CE0005
:10811000B052170010E800B0521B0010E900B05236
:108120001F0010EA01BC60030010E4028600C300D7
:1081300007E200B0540F0017A20069DE8A9087D5CD
:1081400000E85212F450E40068A0470007E201BCC6
:1081500060030010E400B054270010E000B0542F7A
:108160000010E103BFDE02F007EB01BC60030297E1
:10817000A101BC60031890E801BC60030010E90194
:10818000BC60030010EA03BFDE02F007E203A4DED6
:1081900002F00A5003A9DE02F00A5001BC6003019C
:1081A000D7A1020600C30007E40280DE5F0007E9F2
:1081B00000B054070010E0006820470007E701D234
:1081C000DE86A030E000B0540B0010E103BFDE02F9
:1081D000F007EB01BC5E869010E001BC601F001050
:1081E000E101BC60030010E200B052230010E50082
:1081F000B052270010E600B0522B0010E700025EDC
:1082000002F0107403A9DE02F00AB100685E4F04A8
:10821000280701BC63FF1FF0C300685E4F16A7F973
:1082200000685E4F05A7FC01BC60031A90E301BC27
:10823000600306B79200685E4F05280703BFDE02A1
:10824000F0080101BC600318B79201BC60030E90F6
:10825000E303BFDE02F007FE01BC600306379201B4
:10826000BC60031890E3028E01AB00080102984441
:1082700007000BB502804607000BB500B020470091
:10828000178100025E02F0108400E85E8400D7A12E
:10829000006A5E8690880700E85212F430E403BF5B
:1082A000DE02F0080A01BC60030010E40338DE02BD
:1082B000F0080A0187E0061C90E40190600A0910AA
:1082C0004801BC610304379100685E4F16AC400062
:1082D000685E4F05ABB503835E02F00A5003BFDE54
:1082E00002F000020204416300081D01876002F5EC
:1082F00077AB01BC600300114901BC6003010B892D
:1083000000E10DB228E36C00E08DB700036D01843D
:1083100060020B105802055EAF0008190187E006E5
:10832000267133020400BF00081C0185E002F577C6
:10833000AB00025E02F0119703BFDE02F000020301
:10834000A35E02F0081F00025E02F017C00285C59E
:1083500023000002018460060B10580200DEFF00BB
:1083600008250180E002F7F7BF00682B4F000825C1
:1083700000E044655A4AD302055EAF00082701BCFD
:108380006103001133020580BF00082D01BC60139A
:108390001157A100025E02F001270196600E033022
:1083A0001900B040670017A200025E02F0012B0224
:1083B00003C03700082F03BFDE02F0001202875E01
:1083C000AF00083100E0021F00208701826006280C
:1083D000914401BC6003010B8903BFDE02F000126F
:1083E000020601AB00083601806001872C390206C5
:1083F00081AB0008380183E001872C390183E0025A
:108400000F107802814013000002020042030008AE
:108410003D01846002F597AC01BC6003000ABB011A
:10842000BC600300108003A3DE02F00840019060EE
:108430000209104800B0446700179E00B0446B006A
:10844000179D00B0446F00179C00B0447300179B49
:108450000068DE7A23284000E0022300208801150E
:10846000403B001797006D80A700884B00A05E5F1F
:10847000003797006880A700084B01BC60030037F5
:108480009700B001430017A1010C81430017A3001E
:10849000685E8F00284F018CE0000A17A101C9DE39
:1084A000840527FF01BC60031077950191E0020D60
:1084B000906C0286403700085500E002BB0020AEF9
:1084C00003BFDE02F00CA401BC600300148001BCF9
:1084D000600300148101B8600A04902401BC6003A9
:1084E00004082401BC600300482301BC600300D0E1
:1084F0002A01B3600700100401BC600300080801F2
:10850000BC600300080901BC600300080A01BC60EC
:108510000300080B0183E002F5D7AE00E044671FBB
:108520004C1F0287C037000C9E00025E02F012361C
:108530000286403700086703C35E02F0087903BF74
:10854000DE02F00C9F0068C033004877006B446582
:1085500083E87700B041270017A100B0412701D080
:108560004900B05E870017A100B05E870017A10028
:10857000B05E870017A100B05E870017A100B05E53
:10858000870017A100B05E870017A100B05E8700CA
:1085900017A100B05E870017A100B05E870017A189
:1085A00000B05E870017A100B05E8700104903BFCE
:1085B000DE02F00D1303435E02F0086202864037CC
:1085C00000088500685E5F000C9F00685E5F004CDD
:1085D0009F0152D2030017A10185D206F437A203EE
:1085E000BFDE02F00880013C52030017A101BC521B
:1085F00006F437A20323DE02F008830068DE8B0155
:10860000CC9F03BFDE02F0088500685E8B02888580
:108610000068DE8B038C9F006D403300CCA40068A3
:108620005E5F00489800685E5F002895006800A7BC
:1086300000C88A006880A700A88B00E044669028E4
:108640003001BC62C30017A10280520300088E01F2
:108650009652030017A10080DE8690379A020352DB
:108660000300089300E05E6A90379A0207D2030085
:10867000089300E85E6B00379A029E5E6B000CA4C4
:1086800003BFDE02F0089C0152D2030017A101854E
:10869000D206F4379A03BFDE02F0089C013C520375
:1086A0000017A101BC5206F4379A006E5E680BAC4D
:1086B000A400685E6B000D130204C03B0008AE010D
:1086C00081E0060D906C0207C0AF0008A4020740CD
:1086D000370008A200E0027300209C03BFDE02F016
:1086E0000CA400025E02F0123603BFDE02F0089E08
:1086F00000B02023000C1100B02027000C1200B0A5
:10870000202B000C1300B0202F000C1400B05E7F53
:10871000000C150287C0AF000C9E0282403B000C8B
:108720009E015840AF00179A01BC603F1E17A10080
:108730006DDE6AF42C9E035B5E02F008B001BC6043
:108740001300104301BC60FF1E17A1006E5E6AF4A7
:108750002C9E00B0412328104801806002F29794BB
:108760000184E002091048015840AF00102A006857
:1087700040AB002C9E01BB5E5600900402035E5786
:108780000008C1020047A30008BE01BC621E3C11E4
:10879000E001BC60030011EA00B05E6B0011EB0168
:1087A00098601E3D11E8020047B30008C100B05EAA
:1087B0006B0011EF01B0E0CE3D91EC03835E02F05F
:1087C00008C400025E02F01236006D403304C8C1D6
:1087D00003AADE02F008E001BC63FF1FE3B301BCA3
:1087E000601F10D06401BC600300B7A101BC63FF2F
:1087F0001FE79300E04186F4306501BC63FF1FF67C
:108800000000E05E870077A100025E02F00F1F0209
:1088100000C0770008D6012940770017A2006D5EDE
:108820008B04C8D400E85E8B04D60001BC601F0531
:10883000F06300E0418EC01063010C56030003B3E7
:108840000068DE870168D600B05E8B000793006D7C
:10885000DE8701C8D900E0419300306403BFDE0227
:10886000F008C903B05E02F008DF018360020D90DA
:108870006C00681E1BFFE8E001BC601F05F065008E
:10888000E04194F0D06502005A030008E0018360E3
:10889000060D906C0020402F08A8E201BC60030088
:1088A00003B301BC60030007FC0188E00F0007FD73
:1088B000006D4033020A4A0129520F001793010943
:1088C000520F0017AA0068DE4F03A8EA01295223BD
:1088D00000179301A95E4F00379301966002F2974B
:1088E0009400E0418701F06501BC600F0017A10012
:1088F00028DE869068F101866006F2979400E041D8
:108900009700706500E0209300C82401065E5300C4
:1089100017A200A05E4F0477A10068DE870448FF1D
:108920000186E006F2979400B85E8B0037A200B093
:108930005A030017A0020ADA030008F9018760064B
:10894000F297940284C03B0008FF0203DA03000898
:10895000FF03AB5E02F008FD020441070008FF01BF
:10896000806004FFA7FD01065E530017A20182DEAE
:108970008A00900403AADE02F0094503AB5E02F010
:108980000917018460020D906C01BC63FF1FF79909
:1089900000B01E230017A20068DEAB00290900A06A
:1089A0005E4FFF77A10068DE8707291503BFDE024F
:1089B000F0090B0284520F0009150204D20F0009BE
:1089C0000E03B15E02F0091400B01E1F0017A203CF
:1089D000BFDE02F0090F03B35E02F0091402005279
:1089E0001700091500685E8BFFE91500E0015EF4D1
:1089F000506502015A4700091500B01E4F00179933
:108A0000018460060D906C02005217000943033187
:108A10005E02F00943020200BF0009430180E00149
:108A2000610B080200521700091E0068DE4F04099E
:108A30001D00B02AD70017A2006DDE89550931024A
:108A400002AB2F00093E02832B2F00092000685E35
:108A50005F00092B01BC60030017A301385203001B
:108A600017A30283AB2F0009270068DE5F002927C8
:108A700001085E8F0017A300695E8F00693E03BF87
:108A8000DE02F0092B006DDE5F00492903BFDE0224
:108A9000F0093E02842B2F00093E0068DE8F00099A
:108AA0003E00682A9B00093E00B02B930017A200ED
:108AB0006DAA9AF4493E00685EAB00493100685ED9
:108AC0004F06893103BFDE02F0093A00B02B9B004C
:108AD00017A200B02A9B0017A10283AC2700093619
:108AE00000682C87000937006D5E8564293700B067
:108AF0002C7F0017A2006D5E895CA93900B02C4B59
:108B0000000B110184E006F7F7BF0068DE4F028911
:108B10003E00025E02F017BA0206DEFF00093E00C8
:108B2000E02BC7002AF10068DE5F0009410068DE23
:108B3000AB0049410180E005610B0800682B4F0044
:108B400009430180E006F7F7BF01BC63FF1FF7A5EB
:108B5000032B5E02F0094600B01E4F0017A5020766
:108B6000520F0009C2028047A30009BF028047B329
:108B70000009BF00E0209300882400E8208F0088CF
:108B80002301BC60030011E401BC600303D1E102D6
:108B9000065E5300094F01BC60030491E10206DE4A
:108BA0005300095300E047870051E10207D20F004C
:108BB000095300E047870091E1006D403302CA4A43
:108BC00000685E4F0589560068DEAB0049C203AB02
:108BD0005E02F00959020052170009C2020580F333
:108BE00000095E00685E97FFE95B00E05E97009712
:108BF000A50068DE97FFE95E028052170009C202F5
:108C00000700BF0009C201BC601B0437A2009047E7
:108C10008700306500E04196F4506500E047870129
:108C2000081A03835E02F0096500025E02F0123644
:108C3000006D4031034962006D4031034A4A01BC76
:108C4000600B1D57A10068DE97FFE975010F5A07F9
:108C50000017A5031EDE02F0097502005217000975
:108C600075032C5E02F009C200685E67FFE97500BB
:108C7000E05E6700979900E05E66F43064012A5870
:108C8000030017990100DE970017A500E05E66F467
:108C9000B79900E05E67003799011558030017A6E1
:108CA00003BFDE02F0098500E05E96F43064012A1D
:108CB0005803001799020580F30009840182E0023D
:108CC000F33799020052170009840116D8030017E0
:108CD000A6010F5A070017A4010CD8030017A10022
:108CE00068DE92F4298000E05E6702179903BFDE18
:108CF00002F00989010DD8030017A10068DE92F483
:108D000029C200E05E6704179903BFDE02F00989FB
:108D1000011058030017A60068DE9B00C989018175
:108D2000DA030017A100B85E86C017A10281DE87B2
:108D30000009C200885E6700778000E000AEF01096
:108D40006401AADE64FF87FC0068DE9B0049A30281
:108D5000078187000996006DDE030C099602855293
:108D60000F0009960298523B0009960181E004FF2A
:108D7000A7FD00E05E000B37A300E05E8F0097A325
:108D800000E041870077A200025E02F010D600E802
:108D9000208F01082301BC602306D78100885E97DD
:108DA0000077A100E85E86F4B06301BC60070E178F
:108DB000A100E0418EF4306300B056170017A10007
:108DC000B0561B0017A20068DE86D049C20068DEDC
:108DD0008AD069C200025E02F010AB01BC602306BB
:108DE000906401BC624F0017A200025E02F010FE08
:108DF00000E047870217A103835E02F009A7006E17
:108E0000C032F429A5006EC032F42C9E00685E9B2F
:108E10000049BF01BC621EF471E00068DE9B00C91E
:108E2000B201BC611300B7A1020600F30009AE0154
:108E3000BC601300B7A101BC60030011EE00B05E7E
:108E40006B0011EF0192E00EF431EC03BFDE02F093
:108E500009BF00685E9B0069B40068DE9B00A9BF83
:108E6000019860063D11E800E0209300882400E8A6
:108E7000208F00882301BC60030011EA0068DE5FD8
:108E80000049BA00B05E6B0011EB0192DE5E3D114D
:108E9000E8018760023D11E80068DE9B00A9BE0181
:108EA0008760063D11E8019860163D11E80181E0F8
:108EB00004FF87FC01AADE64FF87FC03BFDE02F02B
:108EC00009C701BC620F0011E001BC60030011E49E
:108ED0000181E000FFA7FD01BC600F0011E801BCAB
:108EE00060030011EC02001FF70009CE00E0208EA5
:108EF000F3482300B0209300102500E8208E04A83A
:108F000023006AA08F01C9CE01B860060490240135
:108F100082E006F297940188600A00900401BC6028
:108F20000318779503A0DE02F009DB00685E4F06A8
:108F3000A9E00138520300178000B05E5F0017817E
:108F40000204DEB70009DA00685E070009D901BC37
:108F5000600301778001BC600300378103BFDE023C
:108F6000F009DA01BC600301578000025E02F001E3
:108F7000430068DEAB0049E000A05E4F0477A1002B
:108F8000685E87004C2D00685E87044C2D03BFDEB1
:108F900002F00E350180600186EC37006EB0830070
:108FA0002A1C0068DE4F040A1C03335E02F00A1C10
:108FB0000180600184AC2500E030B3002C2C0392CA
:108FC000DE02F00A1C00E03093002C2400B0308355
:108FD0000017A1006D3092F429EB03BFDE02F00A06
:108FE0001A0180600584AC2501BC60270897A100A8
:108FF000025E02F001270187E006032C2A00B0017F
:1090000043000C2B03835E02F00A18006DC0330589
:10901000C9FB00E860BA0197A60080DE9B0117A596
:1090200000685E5F0009F60080DE9B0057A500B077
:1090300041B7000C360080B0DB0C8C3600B041B775
:10904000000C3600B030DB00104000008000000053
:109050000001BC601B06D06501BC600300B7A40022
:10906000025E02F0017200685E9300AA0303835E51
:1090700002F00A18006DC031842A1801BC60030692
:109080004C3603BFDE02F009F70207C197000A065B
:1090900001385A070017BB03BFDE02F00A07013C84
:1090A0005A030017BB01BC601B0437A600E84196B9
:1090B000F4D7A300885E8F0037A300E05E8EF777B9
:1090C000A500E05E970057A503835E02F00A180032
:1090D0006DC031842A18006DC032F4AA1800E85E11
:1090E000960197A60080DE9B0117A400685E5F00D2
:1090F0000A130080DE9B0057A400B041B70017A4FC
:109100000080DE930C97A400B041B700104000002F
:10911000800000000003BFDE02F00A0C0386DE02BE
:10912000F00CA103BFDE02F00D8B0180600184AC66
:109130002501BC6003000C240386DE02F00CA102B2
:1091400087C037000C9E00025E02F0123603035EF9
:1091500002F00A1C03A9DE02F00A2600025E02F0F9
:10916000123602074037000A210386DE02F00CA106
:109170000287C037000C9E00025E02F00EA3006E54
:109180004030020A500301DE02F00A500068DEABF4
:10919000000A37032B5E02F00A2C00E0022B0020AD
:1091A0008A03BFDE02F00A3002805217000A2F0045
:1091B000E0024300209003BFDE02F00A3000E0022C
:1091C0005700209500685E4F040D8500685E4F02D1
:1091D0008D8500685E4F020BC100685E4F050E254D
:1091E00000685E4F060E2500685E4F068E2F03BF97
:1091F000DE02F00E350068DEAB002A49032B5E026A
:10920000F00A3B00E0022F00208B03BFDE02F00AD1
:109210003F02805217000A3E00E0024700209103FF
:10922000BFDE02F00A3F00E0025B00209600685EAD
:109230004F06AB8E00685E4F042E4D00685E4F04F3
:10924000AE4D00685E4F05AC3200685E4F062B8E57
:1092500000685E4F052E2300A05E4FFF77A10068D7
:109260005E87072E4000685E4F16AC3D03BFDE02EE
:10927000F00BB503BFDE02F00BB900E0020F0020D7
:109280008301BC60030011EC01BC600F0011E80217
:1092900084C03B0009C20184E00609104803BFDE18
:1092A00002F009C20200C09300000203A35E02F0B4
:1092B0000A5403C35E02F00A5303BFDE02F00D112D
:1092C00000025E02F012360207C0AF000A57020722
:1092D0004037000A540107C0AF0017A100B85E87ED
:1092E0000037A101825E860D906C00B0447F0007BC
:1092F000FE018360020910480287C037000C9E03FC
:1093000086DE02F00CA100025E02F0123603435E1C
:1093100002F00A5C0287C037000C9E0301DE02F0F7
:109320000A7B03305E02F00A7B01BC601F155065AA
:1093300000E04194F530650138402B001680012D86
:10934000406B0017A200885E8B0137A2028840277D
:10935000000A6A01846006D0168000B05A02F456F2
:10936000800205C027000A6D0187E006D016800143
:10937000BC601B0DD7A100025E02F0012700B040C7
:109380006700168101BC601B0DF7A100025E02F0B0
:10939000012700B0406700168200B05A0B0017A1E9
:1093A00000E85A06F437A200E15E8AF457A100E013
:1093B000DE86F457A100985E8700B7A100E01EA7E3
:1093C0000067A900691EA7018A7B01BC6003000732
:1093D000A902801FF7000A7D006E4030020B89034E
:1093E00081DE02F00A8A00E002170020850329DEF0
:1093F00002F00A8102902E27000A8201BC6003005D
:109400002B8903A9DE02F00A860184E006091048D0
:109410000180E0020910480184E002F7F7BF0386EB
:10942000DE02F00CA101806004FF87FC0180600671
:10943000F2979403BFDE02F00B370068DE4F040A98
:109440008D03335E02F00A8D01BC6003000C240121
:10945000836002F7F7BF0329DE02F00A910288AEAB
:1094600027000AA301BC6003000B8903AB5E02F076
:109470000A9E00685EAB002AA200685EAB000A9CF0
:10948000010C520F0017A100685E87002A9800683F
:109490005E87004A9A03BFDE02F00AA203B0DE0232
:1094A000F00A9E03BFDE02F00AA003B15E02F00ADA
:1094B0009E03BFDE02F00AA003B35E02F00A9E0321
:1094C000BFDE02F00AA001BC6003004B8903BFDECF
:1094D00002F00AA301BC6003008B8903BFDE02F027
:1094E0000AA301BC6003002B890386DE02F00CA1F5
:1094F00003AB5E02F00AA801F0521300118601A529
:10950000E00A30118003BFDE02F00ACA03A9DE02BE
:10951000F00AAE0068DEAB004ACA00B0523B00174A
:109520009F00B0523B0017BE01BC60030028080337
:10953000BFDE02F00ACA02875E53000AD703A0DE2C
:1095400002F00AB903BFDE02F007CA0190600A09FF
:10955000104800B0523B00179F00B0523B0017BEAE
:10956000019E5E8300B0EB0106520F0017A100B808
:109570005E870037A10182DE86F577AB01BC61030F
:1095800000308000E8523AF3F7A2006BD23AF3EAD7
:10959000BC00E85E7E91D7A200905E8B0097A1018F
:1095A000BC6023011064006B523AF3EAC701185EF5
:1095B000870017A2010A5E870017A300886006F4DF
:1095C00057A200E04192F4706400B05802F45600D3
:1095D000006BDEFA91CACA00B0523B0017BE03BF4F
:1095E000DE02F00ACA00025E02F0164F00B020232D
:1095F00000280800B0523B00179F0320DE02F00A4B
:10960000D702075E53000ACE0180E002091048032A
:10961000BFDE02F00AD70068DE5F000AD4021A54E7
:1096200007000AD20103C0270017A101825E86103D
:10963000D0860102C0270017A100E0422AF4308A38
:109640000180E004FF87FC03A9DE02F00AD700B026
:109650005E4700108001085E4F0017A100685E871A
:10966000002B0503AB5E02F00B0902005217000A43
:10967000EF0068DEAB004ADD00E0025300209402F8
:10968000865E53000B370284520F000D130284D202
:109690000F000AE203AC5E02F00AED03BFDE02F047
:1096A0000AF8032C5E02F00AF800685E4F040AED27
:1096B0000106D20F0017A100808ECF0197A200E013
:1096C000015E0DB0640181DE86C3F61F0187DE8670
:1096D00024912400683077FFEAED00B04467000C65
:1096E0001E02005E87000AED00E0446583AC1E00A8
:1096F000685E4F020B3703BFDE02F00B24031EDE51
:1097000002F00AF503315E02F00AF50068DEAB00F4
:109710004AF500808ECF0197A200E0015E0DB06493
:109720000181E002C3F61F0068DEAB004AFA00E0E8
:10973000023F00208F03BFDE02F00AFD00685EAB2F
:10974000004AFD0280522F000B3702024107000A37
:10975000FD00685E4F040B3700685E4F028B3702D6
:1097600006DE53000B020028E01EF40B0200A044AA
:10977000B703E14500B005130017A100E05E84289F
:10978000A14602844107000B3701806006F29794DE
:1097900003BFDE02F00B37032B5E02F00B370068CD
:1097A0005E4F05AB2400685E4F052B2403BFDE022D
:1097B000F00B370068DEAB004B12006D8ECF002B34
:1097C0001201BC6003000AB501826002F5D7AE0247
:1097D000805EFF000B1000682B4F000B1200E0446E
:1097E000655A4AD300682B6BFFCB1200E02B6B004D
:1097F0002ADA02065E53000B1500E002630020988F
:1098000003BFDE02F00B370323DE02F00B1F01293A
:10981000500B0017A30068DE8F052B1F020680C7C0
:10982000000B1A0182E001872C390187E0021070D9
:10983000830184600209104800B05E870017A10010
:109840006EE003002B1E03D1DE02F00B1F0068DE6A
:10985000AB004B2100E0022700208900685E4F002A
:109860000B3700685E4F010B3700685E4F058B3782
:1098700000808ECF0197A200E0015E0DB065002050
:10988000DA7F140B37028047C7000B870329DE02FB
:10989000F00B2D0102DEAF0017A10106520F0017D9
:1098A000A200385E86F44B370182DE8AF577AB0082
:1098B000B052230011F200B052270011F300B05251
:1098C0002B0011F40106520F0017A100E05E870083
:1098D00031F500B0005B0011F000B047C300180084
:1098E0000134C7C70017A1006EDE8402AB3701BC8C
:1098F00060030810420283C107000B3B0301DE0234
:10990000F00B3A03B55E02F00B3B02805E53000D94
:109910001300B040330017A101089FF70017A20001
:10992000685E8B006B4300E840310497A102811F01
:10993000F7000B4300B020930017A102809FF700AF
:109940000B4300B05E630017A1006E5E84020B89BA
:1099500000B05E870007F401816000FF87FC02020F
:10996000C013000B4900E05E840347F401816004EA
:10997000FF87FC02011FF7000B8201035E530017F3
:10998000A10187DE84FF87FC0386DE02F00CA100C4
:10999000025E02F0123603855E02F00B4C018E600F
:1099A000023D11E80107C7830017A101825E84FF11
:1099B00087FC02019FF7000B550103C7970017A111
:1099C00001825E84FFA7FD00B020330017A1018E45
:1099D0005E84FFA7FD032A5E02F00B5D00025E02BB
:1099E000F00E870329DE02F00B5C0301DE02F00BB0
:1099F0005C0182E0060D906C03BFDE02F008A4015A
:109A0000BC60030011EC01BC600F0011E801846030
:109A100004FFA7FD01075EAF0017A10185DE84FFEB
:109A200087FC00B040270007F600B0406B0007F845
:109A300000B0406F0007F900B0402B0007F701BCF1
:109A4000601B0DD7A100025E02F0012700B0406745
:109A50000017A201BC601B0DF7A100025E02F0011D
:109A60002700B040670017A100E85E8AF437A20023
:109A7000E15E8AF457A100E0DE86F457A100985E0B
:109A80008700B7A101BC5E860147F700681F33005D
:109A90000B7C018F60060127F600681F33002B79CD
:109AA00000B01FC70017A100025E02F0012700A04E
:109AB0004064F9D7A200B85E88FE17A103BFDE029A
:109AC000F00B7A00A04138FE17A10068DE87000B7A
:109AD0007C018F60020127F601846004FFA7FD016D
:109AE000075EAF0017A10185DE84FF87FC00025EE0
:109AF00002F00EA301BC63FF1FD7A800025E02F0B4
:109B0000109A00025E02F00E8701A8600A0090041D
:109B100002011FF700163B00A8401300500403BFCA
:109B2000DE02F0072000E002870020A103BFDE0272
:109B3000F00B8A00E0020B00208203A9DE02F00D88
:109B400013018460060910480184E00609104803E7
:109B5000BFDE02F00D13032B5E02F00BB10068DED6
:109B60004F06AB9200E0023B00208E03BFDE02F006
:109B70000B9300E0023700208D0323DE02F00BB5CB
:109B80000068DE4EF1CBB5020680C7000B9701825C
:109B9000E001872C390187E00210708301846002A4
:109BA00009104800B05E870017A1006EE003002B8B
:109BB0009B03D1DE02F00B9C00685E4F062BAF01C9
:109BC000BC600300083303295E02F00BA10203DE30
:109BD000B3000BA20191601A84F4270183E002F51F
:109BE00097AC020200BF000BAE0206ABD3000BA77E
:109BF000020345AF000BA90185E0062D716B03BF81
:109C0000DE02F00BA90203456F000BA90185E006F7
:109C10002B715B02045EB3000BAE0187E002107093
:109C2000830183E00209104800025E02F0159303ED
:109C3000BFDE02F00BB50205500B000BB5018260D0
:109C40000609104803BFDE02F00BB500025E02F009
:109C50000BBC0068DE4F062BB500E0024F002093DE
:109C600003BFDE02F00BB503AB5E02F00BB70204DC
:109C70004107000BBA02834107000A5003BFDE020E
:109C8000F00BBA02844107000A5001806006F29787
:109C90009403BFDE02F00A50028700C3000BC0002D
:109CA00068D213000BC001BC600300118301BC60CB
:109CB000030011820002DE02F00000039F5E02F04A
:109CC0000BC4039EDE02F00E3502035E53000E3518
:109CD000010C81430017A10068DE87002BC9010039
:109CE00001630017A10102C0270017A20038DE8619
:109CF000F44BB903AB5E02F00BCB02005217000B22
:109D0000B90280522F000BCD03335E02F00E3502F4
:109D1000181DF3000BF101BC601B06106501BC604F
:109D2000031BB7A400025E02F0017200B05E8F0058
:109D300017A60068DE931BABED0207C197000BDA94
:109D400001385A070017A1013C5A070017A201BCAD
:109D50005A0AF457A2013C5A0B0017A301BC5A0E31
:109D6000F477A303BFDE02F00BDD013C5A030017BA
:109D7000A100B05A070017A200B05A0B0017A300A9
:109D80006D5E87008BE701BC61BF0A17A50068DE26
:109D90008AF4ABE201BC60271357A500685E8EF41D
:109DA000ABE601BC605F0017A50068DE8AF4ABE794
:109DB00001BC60171E57A50068DE8EF4ABE703BF39
:109DC000DE02F00C2900D85E870037A100E1419641
:109DD000F4306500E1C19700306501F0419700174C
:109DE000A200E05E8B0077A2006D5E8AF4CBD0000B
:109DF000E840330097A5006E5E96004C2900B01D28
:109E0000EF0017A10068DE840A0E35023C523F00C5
:109E10000C02013C523F0017A10068DE84048C272D
:109E200001BC600316106401BC601B06306500684D
:109E30005E87002BFE00B05A030017A20068DE8A7E
:109E4000C00C2700E0419700306500E041930030EE
:109E50006400E85E870057A1006A5E87002BF70068
:109E6000685E87000C0301385A030017A1013858B7
:109E7000030017A20068DE86F44C2703BFDE02F061
:109E80000C030285C107000E3501BC601B0610657E
:109E900001BC600305B7A400025E02F001720280FB
:109EA00000C3000C2701BC60131417A600E0017F5B
:109EB00000B7A5006D5E96F4CC0B01BC60130C9747
:109EC000A500685E940BCC2B00B0017B00106500F0
:109ED000B052270017A200B0522B0017A300684110
:109EE000940BEC160068DE8ED04C1200685E8AD0AF
:109EF0002C2700E0419700B065006D4196F4CC0F2F
:109F000001BC60130C906503BFDE02F00C0F00E093
:109F1000028B0020A200B0017F00106500B0522328
:109F200000168000B0522700168100B0522B001698
:109F30008200808ECF0197A200E0015E0DB0640226
:109F400003587F000C2001BC602F0037A103BFDE47
:109F500002F00C2101BC5202F2F7A101A95E02F449
:109F6000368300904467011684020281AB000C2501
:109F70000068DE9305AC2601846006D0968400B0AC
:109F80005E9700005F020781AB000C29018060062C
:109F9000F2979403AB5E02F007DF03BFDE02F00A24
:109FA0005000E0028F0020A303BFDE02F00BB903D4
:109FB000835E02F00C2F006D4033038C2D006D404A
:109FC00033038BB9032B5E02F00E3903BFDE02F0C0
:109FD00007DF032B5E02F00C3700E0023300208C19
:109FE000020681AB000C360183E005872C3903BFE4
:109FF000DE02F007E100E0024B002092008800231F
:10A000000037A200E05E8800F7A200E0001AF451D9
:10A01000890186E00630118003BFDE02F00BB50334
:10A020002B5E02F00C3800E013530024D403BFDE93
:10A0300002F007DA02045247000BB501BC601F10A2
:10A04000F06401BC60030177A101BC63FF1FE793CB
:10A0500000E04186F4306501BC63FF1FF60000E0BC
:10A060005E870077A100025E02F00F1F0200C0773A
:10A07000000BB5012940770017A2006D5E8B04CB61
:10A08000B500E85E8B04D60001BC601F05F06300DC
:10A09000E0418EC010630200D603000BB5020656E5
:10A0A00003000BB50184E006F597AC0116D603005A
:10A0B00017A200885E8B0077A200E0019EF4506535
:10A0C00000B041970004C201BC602B1817A100B07A
:10A0D0005A0F0017A200025E02F0012B01BC602B98
:10A0E0001837A100B05A130017A200025E02F00157
:10A0F0002B00B0418B0004D903BFDE02F00BB50387
:10A10000A2DE02F000C203A3DE02F00C7A00E0013E
:10A11000FF00207F01BC60030017A303BFDE02F035
:10A120000C7C018760040310A001BC60030051E4B3
:10A1300000B0479300180001BC600302900401BC0A
:10A14000620F0011E001BC600F0131E800B047A3CD
:10A1500000180001BC600F0011E801BC6003013170
:10A16000EC00B047B300180001BC60030011EC0123
:10A170008460060910480020601E090C7100E0018F
:10A18000FB00207E03BFDE02F00C8501BC60030EE5
:10A19000D7A1011400630017A200E05E86F45065A9
:10A1A00000E05A03003680020300C7000C7703A9C1
:10A1B0005E02F00C7C0291509F000C7B0191601AB2
:10A1C00084F42703BFDE02F00C7B00E001FF0020D7
:10A1D0007F01BC60030037A30323DE02F00C85017E
:10A1E00083E00209104801846002F597AC01BC606D
:10A1F00003000ABB01BC600300178E020680C70083
:10A200000C830182E001872C390187E00210708302
:10A210000182600209104803D0DE02F00C8603D0F0
:10A220005E02F00C870182E00209104803D5DE02CD
:10A23000F00C8901BC60030010B401BC600300F79E
:10A24000A1006800A7000C8D0185421AF437A10017
:10A25000025E02F0012700B040670017A501BC6351
:10A26000FF1FF7A200025E02F0012B0088600701C9
:10A2700057A400B85E86F497A100025E02F0012B9D
:10A280000283C21F000C9400025E02F0114C028493
:10A290004523000C9603D0DE02F00C9800685E8F18
:10A2A0000000020020E01E090C9C00B05E97001424
:10A2B0002E03BFDE02F0036E00A8412300F0480326
:10A2C000BFDE02F000020183600209104800E002D4
:10A2D0001300208403BFDE02F00CA401BC60070061
:10A2E0001042006E4030020CA400E0027700209D76
:10A2F00000025E02F0170A03A35E02F00A5003C6D2
:10A30000DE02F00CA7032ADE02F00CAE00B03047EC
:10A3100000080800B0304B00080900B0304F0008BA
:10A320000A00B0305300080B00B0305700179F03ED
:10A33000BFDE02F00D130184E00609104803BFDE02
:10A3400002F00D13020681AB000CB30281B0E700EE
:10A3500000BD028330E70000BD028445230000BD3C
:10A360000320DE02F00CBB0068A0C7000CB801BCE3
:10A37000609F0217A100E04466F42831006B446539
:10A38000062CBC0020E1020900BD00025E02F00DB7
:10A390002F01BC60030008310020E38A0900BD02E0
:10A3A0008445230000BD00B05E870017A103915EC5
:10A3B00002F000BD0396DE02F000BD03965E02F0DF
:10A3C00000BD00025E02F00D2F00E10DB228E36C2B
:10A3D00000E08DB700036D01BC600300114701BCB4
:10A3E000600300602000680173000CD701BC60139B
:10A3F0000890E600025E02F0016A00B001730010EE
:10A40000E401BC600300000601BC600300005C01C5
:10A41000BC600301D78201D2DE0877F0E000B00F04
:10A42000030010E100B0004700108600B00F1F00CD
:10A43000108A01BC600300378100025E02F01070D8
:10A440000190600A09104801BC610300308003BF1D
:10A45000DE02F0000201BC60030030420187E0022E
:10A4600024712300025E02F014DB03975E02F00DFC
:10A470004303125E02F00CDA01BC600300402001CD
:10A48000BC6003000B8901BC600300114901BC6181
:10A490008300112500B0007B00112701BC60130C64
:10A4A000805E01BC60130C805F0180E006F5D7AED2
:10A4B0000107C1070017A101805E86F577AB01BCDB
:10A4C000600F0011E801BC620F0011E000025E02A3
:10A4D000F00CF701BC61CF0C105C01BC60030010F4
:10A4E0005D01BC61CF01F05E01BC603B0AF05F0121
:10A4F000866005610B0800025E02F0145C01866054
:10A5000001610B0801BC600300082E020300C700B4
:10A51000001201BC60030006B201BC60030006B774
:10A5200001BC60030006BC01BC60030006C103BFA0
:10A53000DE02F0001201BC60430017BB00A0412204
:10A54000F7704801BC63FF1FF05401BC63FF1FF0AC
:10A550005501BC63BF1FF05601BC63FF0FF05700ED
:10A56000025E02F0170A0187E00624712301BC6035
:10A570000300105401BC600300105501BC600300CF
:10A58000105601BC600300105701BC600F0020177B
:10A590000106C1070017A101825E8402E0170107CE
:10A5A00041070017A100B85E870037A10180DE8750
:10A5B0000000160002DE02F000000285C037000035
:10A5C0000200025E02F0123602864037000D0A00D9
:10A5D000E0021B00208601BC6003010B890386DEBC
:10A5E00002F00CA10287C037000CA100025E02F04D
:10A5F00017D003BFDE02F0001201B8600A049024F5
:10A6000003AA5E02F00D160158600300102A01BC77
:10A61000600302900400B040130018000183600240
:10A6200009104801806000FFA7FD00025E02F012E1
:10A630003603855E02F00D1A01BC620F0011E001C5
:10A64000BC600F0131E800B047A300180001BC60F6
:10A650000F0011E801BC60030157A100E85E87000C
:10A6600037A10068DE87000D2101BC600302900461
:10A6700000B0401300180001BC60030131EC00B0D1
:10A6800047B300180001BC60030011EC0324DE0294
:10A69000F0072001866006F577AB00025E02F00D40
:10A6A0002F0180600610308100B05E870017A10185
:10A6B00080600210308103BFDE02F0072002060135
:10A6C000AB000D3101806001872C3901BC610300B2
:10A6D000108000B04203001800006EE003002D342B
:10A6E00003505E02F00D3700015E02F0000003BF70
:10A6F000DE02F0039401846002F597AC01BC6003B4
:10A70000000ABB00A8412304F0480182600209103E
:10A71000480206DEAF000D3E03D5DE02F00D3E031B
:10A7200050DE02F00D3C01BC60030010B40284C78F
:10A7300083000D4101BC600B0011E0018E6002F549
:10A7400077AB0002DE02F0000003A2DE02F000BDE3
:10A7500002BC4287000D4A01BC60030037A401BC63
:10A7600060031FF7A3011400630017A200886006AE
:10A77000F457A203BFDE02F00D4F008860070117F7
:10A78000A401BC63FF0017A3011400630017A2001B
:10A79000E05E8B0117A200886006F457A201BC603E
:10A7A000131B906501BC601B18506401BC60030062
:10A7B00017A50020C286F48D5900E0419706D065A8
:10A7C00000E0419301F06400E05E970037A5008847
:10A7D0005E930037A400205E92F46D7803BFDE0222
:10A7E000F00D520068DE92F44D5E00680083006D4B
:10A7F0005E03A0DE02F00D5E0020C123160D5300A3
:10A80000025E02F00D2F006DDE93200D7402030036
:10A81000C7000D68006DDE97008D6801BC60030005
:10A82000160801BC600300160901BC600300160A8B
:10A8300001BC600300160B01BC600300160C01BCD8
:10A84000600300160D01BC600300160E02005AC31F
:10A85000000D73023C5A9F000D7300680083006D69
:10A86000730385DE02F000BD03855E02F000BD03C8
:10A87000A2DE02F000BD03A3DE02F000BD0397DEFE
:10A8800002F000BD00B041970010600191600A84A1
:10A89000F42703BFDE02F0036E01806002D616B01B
:10A8A00000B05E930010A101836002F7F7BF01BC06
:10A8B000600300304303BFDE02F00D530068808365
:10A8C0000060BD03BFDE02F00CDB0283C21F00008C
:10A8D0000200B05E870017A103D0DE02F0063D0142
:10A8E000BC6003041042039EDE02F0001200B05E62
:10A8F0003F00114501BC600300178F00B05E4300AC
:10A90000178500B05E0F00179000025E02F00D2F59
:10A9100003BFDE02F00012006D4033058BBA03ACBA
:10A920005E02F00D8A00685E4F028DEB00E0026768
:10A9300000209903BFDE02F00DEB00685E4F028D30
:10A94000EB028030DF000D8E00E0025F00209701F7
:10A9500080600586EC3700025E02F00EAF01866073
:10A9600002F5B7AD01826002F5D7AE01BC6003000D
:10A970000AB5039EDE02F00DA00321DE02F00DA059
:10A9800000E0026F00209B00025E02F00D2F0186A6
:10A99000600209104800A8412301304801BC60034F
:10A9A0000210420280441F000D9F00B05E3F001164
:10A9B0004501BC600300178F00B05E43001785009F
:10A9C000B05E0F00179003BFDE02F00DA000A044A0
:10A9D000B6F07145028200C3000DEB00B0007300B9
:10A9E00017A100E05E86B017A100E15E7AF4379E01
:10A9F00000E1DE7700179D00E1DE7300179C00E0A8
:10AA0000DE6F00179B039EDE02F00DAF006E5E6EE0
:10AA1000924E21006D5E6E924DAF006E5E72922E70
:10AA200021006D5E72922DAF006E5E76920E210057
:10AA30006D5E76920DAF006DDE7A91EE21020030F0
:10AA400097000DB400B05E7B000C3200B05E770062
:10AA50000C3300B05E73000C3400B05E6F000C3538
:10AA6000028201AB000DC500B0446700082D00B0A4
:10AA7000446B00082C00B0446F00082B00B04473F6
:10AA800000082A0068A0B6232DAF00E920B6F3D74E
:10AA90009E00E9A0B2F3B79D00E9A0AEF3979C0039
:10AAA000E8A0AAF3779B00E15E7A91F7A100B05E7F
:10AAB0008700111900E1DE7692111A00E1DE729230
:10AAC000311B00E0DE6E92511C0068DE86232DBE35
:10AAD00003BFDE02F00DEB00E9523EF3D7A100E91F
:10AAE000D242F3B7A200E9D246F397A300E8D24AD4
:10AAF000F377A400880ECF0057A500E0015EF4B004
:10AB00006400E95E86C9A78100E9DE8AC9C78200C0
:10AB1000E9DE8EC9E78300E8DE92CA078400808EF2
:10AB2000CF0197A501BC601F07778000E05E020D92
:10AB3000B06500885A0F00F7A500B05E970817A50A
:10AB40000134DA0F0017A600E95E94F037A500E89B
:10AB5000DE98F057A6017BDE96F4D7A500685E96D6
:10AB6000D06DEB00E85E96D077A600B05E97001639
:10AB70008300685A13000DDD00E05A16F4D68500F4
:10AB8000685A1B000DDF00E05A1EF4D68700885E6D
:10AB90009B00F7A10134DE9B0017A201BC600300FB
:10ABA00017A301BC60030017A40069DE9B000DE73A
:10ABB00001BC63FF1FF7A301BC63FF1FF7A401C320
:10ABC000DE8EF457A200E95936F4364D00E9D93A41
:10ABD000F4564E00E9D93EF4764F00E8D942F49697
:10ABE00050031EDE02F00E21039F5E02F00E2100D4
:10ABF000685E4F028E21032C5E02F00E2101BC60C4
:10AC00001B06D06501BC600300B7A400025E02F021
:10AC1000017202003097000DF600685E9300ADF6F9
:10AC200000E030C7002C3103BFDE02F0188400685A
:10AC3000DE9300AE210207C197000DFC013C5A07CC
:10AC40000017BB013C5A0B0017A101385A07000C32
:10AC50002603BFDE02F00DFF01385A070017BB01C3
:10AC6000385A0B0017A1013C5A03000C2600B05EB5
:10AC700087000C2700808ECF0197A200E0015E0DB7
:10AC8000B06400B05EEF0016280181DE86C3F61FB7
:10AC900000683073FFEE0802005E87000E0800882F
:10ACA00030730071260090307301B128006830774E
:10ACB000FFEE0C00B04467000C1E02005E87000E21
:10ACC0000C00E0446583AC1E0187DE8624912402DB
:10ACD0000680F3000E100181E002C3F61F0187E039
:10ACE0000224912402003097000E2100E030B700CA
:10ACF0002C2D028680F3000E140281D87F000E1FD7
:10AD000000B0309F0017A100025E02F00F08028021
:10AD10005E8B000E1F00E85E6984D7A100685E8527
:10AD2000846E1B00E030BF002C2F03BFDE02F00E4C
:10AD30001F00E030BB002C2E01BC6003000C25017D
:10AD4000BC600700104303BFDE02F00D1300E85E95
:10AD50006984CC2303BFDE02F0188403AB5E02F0EB
:10AD600007DF03BFDE02F00A50032B5E02F00BB9CF
:10AD700003BFDE02F007DF03AB5E02F00E28032CF8
:10AD80005E02F00BB903BFDE02F00E3900B05223B1
:10AD90000011F200B052270011F300B0522B001145
:10ADA000F401BC60030091F501BC6003081042008F
:10ADB000B0005B0011F003BFDE02F007DF01385284
:10ADC0003F0017A102065E53000E320138524B00BD
:10ADD00017A10068DE87008E3503AB5E02F007DF47
:10ADE00003BFDE02F00A500068DE4F020E38020791
:10ADF00081AB000E3801806006F2979403AB5E02CF
:10AE0000F007DF020000F3000E3E0206DE53000EE4
:10AE10003E01185E830017A10068DE8700AE3E0188
:10AE2000BC600B02514202005217000BB903BFDE97
:10AE300002F00A5001BC600300118301BC600300F2
:10AE40001182032C5E02F00E450199E006201100EC
:10AE500003BFDE02F00E490119402F0017A1006860
:10AE60005E87000BB50199DE8620110003315E027A
:10AE7000F00BB500A05E3B0097A200205E4EF44BA5
:10AE8000B50184600209104803BFDE02F00BB50370
:10AE9000AB5E02F00E5000025E02F00BBC03BFDEA0
:10AEA00002F00BB50068DE4F042E5400B0523300A0
:10AEB000179F00B0522F0010EB0281522F0007CADB
:10AEC00000E002AB0020AA0281522F000B9303295D
:10AED0005E02F00E5A0203DEB3000E5A0191601AB0
:10AEE00084F4270183E002F597AC0208522F000793
:10AEF000DF03BFDE02F00A5001BC600300106701EF
:10AF0000BC60030010460180E0060930490282C19E
:10AF10001F000E6401BC603F1FF06501BC600300B0
:10AF2000168000E841970030650069C197000E6106
:10AF300001BC600B00179401BC60030017AB01BC9F
:10AF400060030017AC01BC60030017AD01BC6003D7
:10AF50000017AE01BC60030017BF01BC63FF1FF701
:10AF6000B501BC600300202001BC60030017A100F4
:10AF7000025E02F0012701384067000028011C40F2
:10AF80006700002901BC600300504901BC60030058
:10AF900017A701BC60030017A801BC60030017A934
:10AFA00001BC60030017AC01BC60030017AD018257
:10AFB000E0060F10780206C1E3000E77006880A754
:10AFC000000E7A03BFDE02F00E7B006880A7008EC1
:10AFD0007B01BC601302600001BC60230E400101D4
:10AFE000BC63F318600201BC614B15600301BC60D7
:10AFF0000300000401BC604305200501BC601B0484
:10B00000306101BC601702506001BC60030008227F
:10B0100000B05E0F00178500A044B6F0714503BF75
:10B02000DE02F00CC30183E0060F107801885E5C3D
:10B03000FEC7F601BC601F1E900701BC60030190B3
:10B0400008018860060090040386DE02F00CA1036C
:10B0500005DE02F00E8C0386DE02F00CA10385DE15
:10B0600002F00E8E00B05E870017A1006EE00300B4
:10B070002E920386DE02F00CA1006EC0146FEE95D6
:10B0800001BC60070010420002DE02F00000032154
:10B090005E02F00E9A00E0204AF4281200B0204B25
:10B0A00000178B03BFDE02F00EA2028150C7000E14
:10B0B0009F011C509F00178B00E05E2EF4378B0120
:10B0C0009C5E2E84F42703BFDE02F00EA2011E5008
:10B0D0009F00178B00E05E2EF4378B019E5E2E845E
:10B0E000F4270002DE02F00000006800A7008EA82E
:10B0F0000102C027000821006880A700AEAE00E072
:10B1000020870028210002DE02F0000001BC60035D
:10B1100000282101BC402B0017A100985E87011771
:10B12000A10098402B0117A2006ADE8AF42EAE011E
:10B13000BC60030088210002DE02F0000002828071
:10B14000BF000F0700B0418F00081300B0418B0013
:10B15000081400B044670017A2017BDE8A2357A1C0
:10B1600001BC601F07706501BC60030017A201BC31
:10B17000601F03D06401BC601F11506300685A0354
:10B18000000EFE01BC601F0FB06200E0418AF45067
:10B19000620090540300F7A6006B5E86D06ED40068
:10B1A000B05A030017A300E05A0EF4D58000E05A0D
:10B1B0000EF4768300E85A2F00368B0069DA2F00F0
:10B1C0000EC300E85A0700368B006CDA0EF42EBE70
:10B1D00000E85A0EF437A400905A030077A5006ED9
:10B1E000DE92F4AECA01BC600300360001BC600B05
:10B1F00000104301BC600300278900205A0B080E91
:10B20000CD01BC600300279203BFDE02F00ED40024
:10B21000205A0B140ED400202C27080ED000205AE0
:10B220000B040ED401866006F5B7AD0088009B00C4
:10B23000D1260090009B01512801BC63030011241A
:10B24000006B5E86B00EDC00685A13000ED90188D0
:10B250006006D0568200B056030017A400E05E924C
:10B26000D0968500E05A0EF4D58000205A0B080EC7
:10B27000DC01BC600300079200685A13000EE40072
:10B280006B5E86D0AEE40188600AD0568200B0566C
:10B29000030017A400E05E92D0968501BC60030015
:10B2A000360101BC600B00104301BC60030027891C
:10B2B00000685A1B000EFE006B5E86D0EEFE020197
:10B2C0005A0B000EF300E85A1B00368600B05A27CE
:10B2D0000017A300E05A1EF4768701BC601F11D04E
:10B2E0006200E0418AF4506200B05A2B0017A300BC
:10B2F000E05402F475000203D403000EF100E05A9A
:10B300001F0036870130540300150001816002D010
:10B31000568203BFDE02F00EF600B05A230017A3D8
:10B3200000E05A1EF4768701816006D056820068DC
:10B330005A1B000EF8006CDA1EF42EE602015A0BBE
:10B34000000EFB01BC600300360203BFDE02F00EFC
:10B35000FC01BC600300360301BC600B001043011C
:10B36000BC600300278900E0419701906500E05E22
:10B370008B0037A200E0419300906400E0418F0011
:10B380003063006D5E8B008EB802981DF3000F05D0
:10B3900001BC600300079200B0204F00106300B0B2
:10B3A00020530010620002DE02F0000001BC6003C6
:10B3B0000017A20068018B000F1E0090018B007720
:10B3C000A201806002F437A1006E5E86F44F1E0277
:10B3D00007C197000F1001385A070017A303BFDEFB
:10B3E00002F00F11013C5A030017A300E85E8F0022
:10B3F00097A300E85E8AF437A2006A5E8AF46F1EA3
:10B4000000D0419700306400E05E8B00B7A300E0FD
:10B410004192F4706400D841930030640207C193F4
:10B42000000F1B013C58030017A103BFDE02F00F01
:10B430001C013858030017A100A0018B00F7A200DF
:10B44000905E86F457A20002DE02F0000000B05ABF
:10B450000300101F00B05A0700102000B05A0B0064
:10B4600010210180600700101D02804077000F232B
:10B470000002DE02F000000187E002F577AB0391E5
:10B480005E02F000020020E3FE0900020200421FFB
:10B490000000020068C2F30000020284452300009D
:10B4A000020068C0170000020068AB9700000200AD
:10B4B000025E02F00EAF00683073FFEF310207C486
:10B4C00093000F3C00683077FFE00200683077FFA0
:10B4D000EF350068307B000F3B006BC46583CF3CC9
:10B4E00003BFDE02F0000201BC601F07706400E0D1
:10B4F00041930617A20068D82F000F390281D80B9C
:10B5000000000200E04193019064006D4192F44F0D
:10B51000370287C49300000200689E4B00000202BD
:10B52000815E53000F4A0283411F000F400281DEFB
:10B5300053000F5B01BC600300115101BC600300AC
:10B54000115201BC620300115301BC600300515051
:10B5500001896006F2979401BC60E700107701BC96
:10B56000600300107601BC60031117A300025E02A5
:10B57000F0013403BFDE02F000020280C543000088
:10B580000201F0C5470011560107C5470017A10188
:10B59000F0C54AF4315500B0455700107700B0456A
:10B5A0005B00107601BC60030E97A300025E02F000
:10B5B000013400B04557000C1000B0455B000C0F83
:10B5C00001BC600300115501BC60030011560090DE
:10B5D000303F00CC0F00B030430017A101AD5E85B5
:10B5E00081EC0F0189600AF2979401BC6003081096
:10B5F000470392DE02F00FAF020480BF000F60012C
:10B60000BC63FF1FE7F301BC61FF1FE80E03BFDE51
:10B6100002F00FB101866002F597AC01BC601F0714
:10B62000706501BC601F0FB06401BC60030037A1EE
:10B6300001BC60030017A300685A03000F9D01BC02
:10B6400060030017A502035A0B000F6E02805A0B0D
:10B65000000FAF00E9440AC017BB00E8C40F001791
:10B66000A4017BDEEEF497A400685A13000F7C035C
:10B67000BFDE02F00F790068DE87002F700203DE64
:10B6800053000FAF0203DA0B000F8400B05A0F0013
:10B6900017A400685A07002F7500685A2F002F75ED
:10B6A00001BC60030037A500685A13000F79006CD5
:10B6B000DE92D0AF7900B05A170017A401BC600326
:10B6C0000037A500201CBAF42F7C00685A1B000F1D
:10B6D0009703BFDE02F00F7F00885E870097BB00F4
:10B6E000201CBAF76FAF02015A0B000FAF006CDEDF
:10B6F00092D0EF9700B05A1F0017A400201CBAF494
:10B700002F8301BC60030037A503BFDE02F00F9753
:10B710000202DA0B000F9D0204C107000FAF00B058
:10B720005A0F0017A400E85A2F0037BB0069DEEF5C
:10B73000000F8A00E85A070037BB013C016F001771
:10B74000800068DE03000F900138016F0017800051
:10B75000685E03000F9300E85E030037BB03BFDEA3
:10B7600002F00F9300E85E030037800080DE02D015
:10B77000378000E05EEE0DB7BB00685EEF000F970C
:10B7800000E05E92D017A400E85EEF0037BB03BF75
:10B79000DE02F00F9300685E8F000F9A006B5E92DE
:10B7A000F44F9B03BFDE02F00F9D01BC6003003726
:10B7B000A300B05E930017A200B05E970017A6002A
:10B7C000885E870037A100E0419701906500E04165
:10B7D00093003064006D5E87020F6500685E8F0025
:10B7E0000FAF00B044670017A5017BDE962357A575
:10B7F00000E85E8AF4B7A400885E9300E4DB009062
:10B800005E9301271D00B0012B0017A300689C77F1
:10B81000000FAA006E936EF46FAF03A65E02F00FE6
:10B82000AF00B05E9B00078500E9136EF467F3007C
:10B83000E89C7700080E03BFDE02F00FB100681E1F
:10B840001700000203BFDE02F0105901BC610300C3
:10B8500011230069203B000FB50180E006F29794A8
:10B8600003BFDE02F00FB70180E002F2979403BF3E
:10B87000DE02F0000200684127000FC60284452363
:10B88000000FB8006800A700AFBC006800A700CF99
:10B89000BC006880A7010FBF00B044670017A1007B
:10B8A000E84466F437A2006D5E8B004FBD0280C194
:10B8B00027000FC10392DE02F010590392DE02F05E
:10B8C0000CE700025E02F014E700025E02F0113D98
:10B8D00000025E02F0113800025E02F0114801BC65
:10B8E000600F0011E8031EDE02F00FCD01BC600303
:10B8F00000105C01BC600300905D01BC605304104B
:10B900005E01BC600300105F03BFDE02F00FD101D7
:10B91000BC600B00105C01BC600300905D01BC606A
:10B920004304105E01BC600300105F01BC600300B3
:10B930000C1E01BC6003008020028500BF00106067
:10B9400000B01FCF00115100B0203B001152006E1B
:10B950001FCE2A8FDA0068A03B000FDA00E01FCE6E
:10B9600023280F03BFDE02F00FFB00B0446700087E
:10B970000F00E91FCE2A915100E8A03B00115201AF
:10B98000BC61FF1F707701BC63FF1FF07601BC60D4
:10B99000031197A300025E02F0013400B0454B0092
:10B9A000107700B0454700107601BC60030F17A365
:10B9B00000025E02F0013401BC602F1AB06500B0D5
:10B9C000455700169100B0455B00169200B0440B3D
:10B9D00000169300B0440F00169401BC63FF1FF1E2
:10B9E0005201BC63FF1FF15101BC600300115501FE
:10B9F000BC600300115601AC607F02907502874164
:10BA0000D7000FEF00B041DB0003B100B041DF0011
:10BA100003B200B0446700082D00B0446B00082C4E
:10BA200000B0446F00082B00B0447300082A00E106
:10BA30004464FE6C1A00E0C46901CC1B01BC6003C5
:10BA400002315000B0454300180000686003000F49
:10BA5000FB01BC60030010400000800000000002F9
:10BA60000480BF000FFF0312DE02F00FFB0068C569
:10BA70005700100701BC602F1AB06500B05A47008C
:10BA8000115500B05A4B00115600B05A4F00110228
:10BA900000B05A5300110301BC60030017A701BC9A
:10BAA00060030017A801BC600300006601AC607F62
:10BAB0000F1075028741D700100900B041DB00115B
:10BAC0005100B041DF0011520068454700101000DE
:10BAD000E91FCE2A87F300E8A03B00080E0186602C
:10BAE00006F597AC01BC600300107701BC60030051
:10BAF000107601BC60030F17A300025E02F0013450
:10BB000001BC600300115002844543001015020778
:10BB1000C1E300101600B044670017A100685E86FC
:10BB20002330180182E0060F10780206C1E30010EE
:10BB30001A01BC600300402001BC600300006601E4
:10BB400086600620110001BC606300107B01BC60B0
:10BB50001B00107A01AC607F029075028741D7000C
:10BB6000102100E941D876379C00E8C1DC76579B6C
:10BB700000B0303F0017A10080DE72F4379D00B0A6
:10BB800041B700179E0080DE6EF4379C00E15E76C0
:10BB90000DB79D00E0DE7300179C017D5E7AF3B760
:10BBA000A1017D5E76F397A200905E730157A3001A
:10BBB000E120B6F4311900E1A0B2F4511A00E1A07D
:10BBC000AEF4711B00E0A0AB00111C00E10DAAF463
:10BBD000236A00E08DAEF4436B00B0441F001800F0
:10BBE000008844230157A30090442300D7A400B049
:10BBF000440B0017A100B0440F0017A200E95E86B5
:10BC00002337A100E8DE8A2357A20069DE8B0010EB
:10BC10004100E1440AF4710200E0C40EF491030013
:10BC2000E85E230037880069DE2300103600E80054
:10BC30002700378803BFDE02F0103601866002203D
:10BC4000110001BC600300402000E9306A2337A1E5
:10BC500000E8B06E2357A20068DE8B00105001BCD4
:10BC6000604F1117A3006DDE86F4705001BC6003B5
:10BC700000104001BC600300105D018260060BF003
:10BC80005F00D05E8700713401E1DE8A26913501C4
:10BC9000BC630300113300008000000000018260DB
:10BCA000020BF05F02865EB300105900681E170099
:10BCB000105901BC60430017A100E04466F43780CE
:10BCC00001BC600300078900025E02F00EAF006C49
:10BCD0004466F0105900681E2700105503BFDE02AD
:10BCE000F00F5B0200DE530010630180E002F29768
:10BCF0009400025E02F0113B01BC6003001040039F
:10BD0000BFDE02F0105E00E044640957A103BFDE0D
:10BD100002F0106301BC600300104000B0012F006E
:10BD200017A100E0012AF4310900B0012F00110928
:10BD300001BC61CF0C105C01BC600300105D01BC54
:10BD400061CF01F05E01BC603B0AF05F00025E0261
:10BD5000F0114400025E02F0114B00025E02F0118D
:10BD60004101BC6003000785006D80A7008CE700DF
:10BD7000E044670477A10068DE8623306E03BFDEEF
:10BD800002F00CE701885E0610D08601025E070013
:10BD900017A101825E8610D0860002DE02F000004C
:10BDA00000B00047001086010820470017810138C5
:10BDB00052030017800102C0270017A600025E028E
:10BDC000F015F80068204700507B00B054070017BA
:10BDD0008000025E02F0107000682047003083008F
:10BDE00068A04700107F021A54070010830103C0A7
:10BDF000270017A103BFDE02F010820106C03B003E
:10BE000017A101825E8610D0860002DE02F00000DB
:10BE100000B054130017A10068DE4F16B08700B0C1
:10BE200054130017A10200DE0700108F00B0418BF1
:10BE300000106501BC600301D7A10068DE4F16B099
:10BE40008C01BC60030297A100025E02F0160B0099
:10BE5000E05E8400F7A103BFDE02F01094020480CC
:10BE6000F300109402025E0700109402805E070047
:10BE700010940090001B0037A200E85412F457A160
:10BE80000002DE02F00000020400BF001098000271
:10BE90005E02F011E903BFDE02F0109900A044B683
:10BEA000F0B1450002DE02F00000020000BF001009
:10BEB000AA0068ABEF0010AA00E05EA30037A8005C
:10BEC0006D5EA005D0AA00B02E2F0017A100025E63
:10BED00002F0012700B040670017A20068DEA3FF50
:10BEE000F0A700B05E897197A2006D00A70090A630
:10BEF000006DA0870050A803BFDE02F010A7006805
:10BF0000A0870010A800B85E897197A200025E02A7
:10BF1000F0012B01BC60030017A80002DE02F00054
:10BF20000000D85A030117A201B85A06F457A2001C
:10BF3000B0560300083600B0560700083700B05668
:10BF40000B00083800B0560F00083900B056130037
:10BF5000083A00E05612F4483B00B05A0300083497
:10BF600001385E8B00083500B020EF0017A401BC3B
:10BF700060030017A200B0419300106500B85E9204
:10BF8000D017A400E05E06F4506300F05E93001743
:10BF9000A300F05E930077A400E05E8B0037A20060
:10BFA000B85E92F477A400E04192F4506500E05648
:10BFB00002F4958000B056030017A4006EDE8B00DB
:10BFC000B0B800B85E92C0D7A200D85E8B0037A28E
:10BFD00000E020DAF4483600B020DB0017A400B8F7
:10BFE0005E92C0F7A200D85E8B0037A200E020DE90
:10BFF000F4483700D820DF0037A200E020E2F44800
:10C000003800D820E30037A200E020E6F4483900E9
:10C01000D820E70037A200E020EAF4483A00D82010
:10C02000EB0037A200E020EEF4483B00B020EF0028
:10C0300017A200B85E8AC017A200905E8B0037A2DC
:10C0400001BC5E8906A8350002DE02F00000018016
:10C0500060063C91E4018760063CD1E601A86002DD
:10C060003CD1E6018B60023CD1E600B05E8F00104F
:10C070006300B056030011E700B056070011E70057
:10C08000B0560B0011E700B0560F0011E701A96090
:10C09000423C91E401A860023CD1E6018B60063C81
:10C0A000D1E600B05E8B00106301BC60030057A1B5
:10C0B000020456030010E601BC60030117A100E072
:10C0C000418EF4306300B056030011E700B056070C
:10C0D0000011E700B0560B0011E700B05E8B0010B6
:10C0E0006301BC600300B7A10204D6030010F00195
:10C0F000BC60030117A102065E530010F001BC6092
:10C10000030197A100E0418EF4306300B0560300B4
:10C1100011E700B056070011E700B0560B0011E719
:10C1200001BC60030017A10206DE530010FB00B043
:10C130005E8B00106302065E530010FA00A0563FAB
:10C1400001F7A103BFDE02F010FB00A0563301F798
:10C15000A100B05E870011E701BC60030011E70099
:10C1600002DE02F0000000685E9B00D11801BC6096
:10C17000070211E30068DE9B00510B00E8478701CE
:10C1800011E101BC60030011E201BC60030011E297
:10C1900001BC60030011E201BC60030011E201BCBC
:10C1A00060030011E201BC60030011E201BC600306
:10C1B0000011E201BC60030011E200B06142F451E1
:10C1C000E000B058030011E200B058070011E2008F
:10C1D000B0580B0011E200B0580F0011E200B05847
:10C1E000130011E200B058170011E200B0581B0014
:10C1F00011E200B0581F0011E200B05E9B0017A4CE
:10C200000068DE9B00B11601BC60030077A40192B8
:10C21000DE930217A30002DE02F0000001BC6007FB
:10C220000011E300B058030011E200B058070011FC
:10C23000E200B0580B0011E200B0580F0011E2000C
:10C24000B058130011E200B058170011E200B058C6
:10C250001B0011E200B0581F0011E200E00146F09F
:10C26000106401BC60070031E300B058030011E224
:10C2700000B058070011E200B0580B0011E200B006
:10C28000580F0011E200B058130011E200B0581727
:10C290000011E200B0581B0011E200B0581F00115D
:10C2A000E20192E01B0017A30002DE02F000000290
:10C2B0008740C300112D01866006F01030028640D1
:10C2C000C300112F00B040C70017810002DE02F04A
:10C2D0000000028740C300113200B05E0700103139
:10C2E0000186E006F010300002DE02F00000006877
:10C2F00000A701978C03BFDE02F0114A00025E0224
:10C30000F0113B00025E02F0114B0002DE02F00071
:10C3100000006800A701970F0002DE02F000000194
:10C32000816006093049006800A700914000025E64
:10C3300002F0114C0002DE02F0000000025E02F08A
:10C34000114C018160020930490002DE02F0000058
:10C350000188E00E09304900B0412700180000B004
:10C36000002B0010020002DE02F0000001BC60039E
:10C370000010020182E0020F10780002DE02F000DD
:10C3800000006800A701978B00B041270017A100AB
:10C39000B0412701D04900B05E870017A100B05E10
:10C3A000870017A100B05E870017A100B05E87006C
:10C3B00017A100B05E870017A100B05E870017A12B
:10C3C00000B05E870017A100B05E870017A100B023
:10C3D0005E870017A100B05E870017A100B05E87DE
:10C3E0000010490002DE02F000000100DE530017D9
:10C3F000A601BC60030037A103BFDE02F0115D009F
:10C40000025E02F00127018760060337A20068DEA2
:10C410009B001161018760020337A200025E02F0F7
:10C42000012B0002DE02F000000202411F00117623
:10C4300002825E5300116801826006F2979400B098
:10C44000446700180000B0446B00081B00B044674C
:10C4500000180000E844690377A4006800A7009171
:10C460006B006DDE9300517000E044670317A30377
:10C47000905E02F011730285C5230011730068DE1F
:10C480008E23316D01BC600302104701BC600300C4
:10C49000904301826002F2979401826002F5B7AD89
:10C4A000006800A7009176006800A700B17600023E
:10C4B000DE02F000000201C11F00118902855EAF9B
:10C4C00000117C01856006F577AB00B04467000879
:10C4D0001E00B0446B00081F00E9446503D7A100AB
:10C4E000E8C46903F7A200D05E870077A101E1DE0E
:10C4F0008AF437A200E95E862697A100E8DE8A2644
:10C50000B7A200695E8B00118901BC610300113381
:10C5100000E144DAF4313600E144DEF451370185BC
:10C520006002F577AB01BC600301104701BC6003FA
:10C530000050430002DE02F000000201AE270011AD
:10C540008C0284C52300119601BC600F0C1065009D
:10C55000E0419571306502002E2700119000E04106
:10C560009700B06501BC600F0D17A1006E4196F4F5
:10C57000319400E15A0229368000E0DA0700168182
:10C5800001BC6003000B8901BC600300114900027B
:10C59000DE02F0000000B0451F00178100B005B7B3
:10C5A0000017A601BC600704106401BC60131B9057
:10C5B0006501BC60030017A10205DEAF0011B100E8
:10C5C000B0580F0017800068DE842C31A100E058BD
:10C5D0002300360803BFDE02F011B902005E9B00A3
:10C5E00011B10280DA030011A70118581F00178249
:10C5F00000E05E0B00378201985E0AC0F60703BFB9
:10C60000DE02F011AA011A581F00178200E05E0B2B
:10C61000003782019A5E0AC0F60701F0DE03003798
:10C620008000A05E02C0578000B05E0300160300C9
:10C63000A044B6F0178200B05E0B00160500E05E65
:10C640000AC0960603BFDE02F011B900B05813000D
:10C65000178200E85E06F057A5006ADE970011B762
:10C6600000E85816F4B6050069D8170011B701BCE8
:10C67000600300160500B058170017A500E0581217
:10C68000F4B60600E0419302106400E0419706D042
:10C690006500E05E870037A100905E9B0037A60032
:10C6A00068DE8700919C01BC600300114701BC60FB
:10C6B0000300016D0002DE02F0000001BC60030017
:10C6C000016C01BC600300016D01BC60070A1064CD
:10C6D00001BC60030077A100B0428F00178000A06A
:10C6E0005E0301F78000B05E0300016E01BC63FFD2
:10C6F0001FF7A20068DE030011CB01BC6003001726
:10C70000A200886006F43781002005BAF031D0001D
:10C7100068DE8AC0D1D000E005B300216C00B0050E
:10C72000B6F0216D00685E030011D400205E06F0B3
:10C7300011DA006EDE8AC0D1DA03BFDE02F011D555
:10C74000006DDE8AC0D1DA00B05E870017A300B0AA
:10C75000419300016600B0581B0017A201BC6003A2
:10C7600000016C01BC600300016D00E84193021000
:10C770006400E85E870037A10069DE870011CB0006
:10C78000B05E8F0001650002DE02F0000000B0051F
:10C790009B00106400B0581B00114500B0059B00C1
:10C7A000016200B0059700016100B0580F001785C5
:10C7B00000B0580700178300B0580B001784011809
:10C7C000581F00178C011A581F00178D0002DE0237
:10C7D000F0000000B0058B001064006E41932A1138
:10C7E000F600A044B6F0B7A100B05E8700160500C1
:10C7F000E05812F4360600B0581B00114502000044
:10C80000F30011F3006D41932811F30200DEAF0035
:10C8100011F301BC600B02514200B05E8700016F52
:10C8200002015EAF0011F600B05E17001603018131
:10C830006002F577AB0002DE02F000000201452342
:10C840000012010287C49300120101826002F5D731
:10C85000AE02012C230011FE00E02C2B002B0A015C
:10C86000816001610B0802065EB700120100E02A38
:10C87000D7002AB501866002F5B7AD0002DE02F0EE
:10C880000000020200BF00120F00025E02F0123729
:10C890000202DEB30012070068428F000F2503BFBB
:10C8A000DE02F00002028881AB00120F02845EFFFC
:10C8B00000120502845EB30012050282DEFF001240
:10C8C0000502822B2F00120D00682A9B00120F0216
:10C8D00084DEAF00120502845EB700120500B05E70
:10C8E000870017A10002DE02F000000182E002F5DD
:10C8F00097AC0203DEFF00121902844523001219CF
:10C9000002012B2F0012190180E006F29794000219
:10C910005E02F0114C0180E002F2979400025E0288
:10C92000F0114C0180E002F297940201AC23001157
:10C93000360181E001610B0803BFDE02F01138020D
:10C940000400C70012270206ABD30012210284C5DF
:10C95000AF00123503BFDE02F012220284C56F0061
:10C9600012350284452300122402004203001235CE
:10C9700000685E4B04B23500685E4B06B235006855
:10C980005E4B0632350182E006F597AC0284452302
:10C9900000122A0323DE02F0122B0183E006F59732
:10C9A000AC0180E006F29794028400C700113600C3
:10C9B000B02AD70017A2006DDE8955113602872BE9
:10C9C0002F00123202005EFF0011360207AB2F006B
:10C9D00011360181E005610B0803BFDE02F011385A
:10C9E00003BFDE02F011360002DE02F00000020298
:10C9F00000BF00144D0206ABD30012440104C1076E
:10CA00000017A101855E85610B0802042C2300122A
:10CA10004401846001610B0801BC60370017A2016A
:10CA2000BC60031417A100B045E300180000B04536
:10CA3000E300180000B045E300180001BC620300E9
:10CA4000107701BC60031B507600025E02F0013ECD
:10CA500000682AEB00124900E844655757A101BC61
:10CA600063F71D17A2006D5E86F4524900E8446624
:10CA7000F44ABA006CC46556724B00E84467002A59
:10CA8000B30206ABD3001250006DC46701524E01D1
:10CA9000BC6003000B100284C5AF0012BD03BFDEF3
:10CAA00002F012510280456F0012BD020701AB0077
:10CAB00012530180600209D04E01BC63FF1FF7A131
:10CAC0000068C586F4325601BC6003000ABD02044A
:10CAD000DEB700144D0184E002F5B7AD0184E0013A
:10CAE000610B080202DEB30012740206ABD300121F
:10CAF000650068AAF700925D00682B0300125E03D0
:10CB0000BFDE02F01263018B600E2B915C0287ABDB
:10CB1000D30012620182600209D04E03BFDE02F030
:10CB200012630182600609D04E00025E02F012110B
:10CB300003BFDE02F01267018360062B915C0002E6
:10CB40005E02F012110204DEAF0012740282DEBB3C
:10CB50000012740068AAF700926C0106AB17001768
:10CB6000BB0068DEEF001270028480C70012740000
:10CB700068AAF700326F006CC4655672730068AA29
:10CB8000F700927400682B0300127400E845895A7C
:10CB9000F7A1006D5E856052740186E005610B08A7
:10CBA00002835EBB00127A0206ABD300127800E863
:10CBB00045C95AF7A103BFDE02F0127900E84589A2
:10CBC0005AF7A1006E5E8554B2970205DEB70012D7
:10CBD0009300E02B97002AE501BC6003000AE70000
:10CBE000682C4700127F00E82C47002B110186605B
:10CBF00002F5B7AD0204DEFF00128900B02B9B00E6
:10CC000017A200B02A9B0017A10283AC270012864E
:10CC100000682C87001287006D5E8564328700B043
:10CC20002C7F0017A2006D2B96F452890184E0023C
:10CC3000F7F7BF0206DEFF00129300E02BC7020ADF
:10CC4000F100B04467000AFC01182BC70017A101CE
:10CC50001A2BC70017A2006E5E87001291006DDECE
:10CC6000895E529103BFDE02F0129301BC600300A3
:10CC70000AF10186E002F7F7BF02025EFF00144DE1
:10CC80000068AAEB00144D00B02AC7000ABA03BF1F
:10CC9000DE02F0144D0182E002F7F7BF02862C237A
:10CCA00000129F0068B05B00129B0068305F0012AA
:10CCB0009F00E9446582D7A600E8C46982F7BB00FB
:10CCC000E10EE2F4C3B800E08EE6F763B902025E5B
:10CCD000FF0012A7020600C70012A402802BD30097
:10CCE00012A400B02B2B0017BB006E2B02F7744D63
:10CCF00002025EFF0012A700B04467000ABA03BF39
:10CD0000DE02F0144D0205DEB70012B500682AF706
:10CD10000872AA00E8446555CAB600682C4700129C
:10CD2000AC00E82C47002B1100E02B9F002AE70005
:10CD3000B02BA30017A100B02A9B0017A20283AC5E
:10CD4000270012B200682C870012B3006D5E896460
:10CD500032B300B02C830017A1006D2B9EF432B5C6
:10CD600001BC6003000AE50068AAF700B2B800B091
:10CD70004467000AEF00B0446B000AF30068AAF7AA
:10CD80000132BC00B04467000B0B02062BD300122B
:10CD9000BC00B02C7B010B1E03BFDE02F0144D0261
:10CDA0000701AB0012BF0180600609D04E0204DE0D
:10CDB000B70012C80283C5730012C201876006F56E
:10CDC00077AB0282DEB300144D0203C57300141C5E
:10CDD00000E844655637A1006D5E8555B44D01836A
:10CDE0006006F5D7AE03BFDE02F0144D00E10ED3AE
:10CDF0000023B400E08ED70003B502862C23001276
:10CE0000CD00B04467000C1600B0446B000C170254
:10CE100006AC230012D001846002F5B7AD0186E0B4
:10CE200001610B080206ABD30012D701BC600300FE
:10CE30000AD7006D45C71F52D400B045C7000AD7B6
:10CE400000E044655AF7BB00E85EEE2E2AB103BF4E
:10CE5000DE02F012DC01BC6003000AD7006D4587DA
:10CE60001F52DA00B04587000AD700E044655AF740
:10CE7000BB00E85EEE2C2AB101836002F5D7AE015B
:10CE800084E006F5B7AD0185E002F5B7AD0182603B
:10CE900002F7F7BF01856002F5B7AD01BC60030082
:10CEA0000B0500E844655637A1006D5E855DD2E252
:10CEB000006D5E8555B2E600E02B63002AD800B015
:10CEC0002A930017B30206ABD30012F501BC60032E
:10CED00001917800B045E300180000B045E7000A72
:10CEE000C401BC600301B17800B045E30018000044
:10CEF000B045E7000AC501BC600301D17800B04528
:10CF0000E300180000B045E7000AC601BC60030159
:10CF1000F17800B045E300180000B045E7000AC70B
:10CF200003BFDE02F0130101BC600300117800B002
:10CF300045E300180000B045E7000AC401BC6003E7
:10CF400000317800B045E300180000B045E7000A62
:10CF5000C501BC600300517800B045E30018000033
:10CF6000B045E7000AC601BC600300717800B04517
:10CF7000E300180000B045E7000AC70182E0016144
:10CF80000B080207AB1B0013040182E005610B08CC
:10CF900000B02B170017BB01285EEF000ABD01BCD3
:10CFA00060131C57BB02182B1B00130B01182B1B03
:10CFB0000017A60080DE9AF777BB00B041B70017D4
:10CFC000B301342B1B0017A201182B1B0017A30061
:10CFD000682AF70033180068AAF700931100685E0A
:10CFE0008F00731A03BFDE02F0131800682AF701DE
:10CFF00033170068AAF70053150068DE8B00731919
:10D0000003BFDE02F013170068AAF700731A006866
:10D01000DE8B00D31900685E8F00331A00685E8FC4
:10D0200000131A018760055E8AF402032BD30013F4
:10D030002200682AF702D31D0068AAF702B3220172
:10D04000BC60131C57BB0234AB170013220134AB76
:10D05000170017A60080DE9AF777BB00B041B70033
:10D0600017B302022C270013240186600560AB056C
:10D07000006E2AF701F3280088600557B7BB00202F
:10D08000DEED5C532B03BFDE02F0132E00E82AF71F
:10D090000217BB00886006F777BB00205EED5C736B
:10D0A0002E01856006F5B7AD020480C300132E0182
:10D0B00084E00560AB05006E2AF701F33500886057
:10D0C0000557B7BB00205EEF019333018660016016
:10D0D000AB050068AC470013390020DEED5A9338E9
:10D0E00003BFDE02F0133900E82AF70217BB0088FD
:10D0F0006006F777BB00205EED5AB3390184600506
:10D1000060AB050068AAF702F342010DAB170017E8
:10D11000A1010EAB170017A200685E870013420042
:10D12000E05E86F457A100E05E87080ABD018660D4
:10D130000160AB0500682C47001342018460016068
:10D14000AB0502032BD300134E018360015AAAD50D
:10D1500000682AF702D3490068AAF702B35E0068A4
:10D16000AAE700134C0068AB2300134C0282DEBB1D
:10D1700000134C02072B1B00134C0184600560ABAD
:10D180000503BFDE02F0135E0283C57300135E0069
:10D19000025E02F015BE0068AAF702B35E0183606A
:10D1A000055AAAD500E02C8F002B2301856002F5DB
:10D1B000B7AD0068AAE700135E0068AB2300135EFA
:10D1C0000282DEBB00135E00B02AC30017A2013446
:10D1D0002B1B0017A1006EDE8706135900B02ABF73
:10D1E0000017A2006E5E8964735E01BC6003000BD1
:10D1F0002301BC6003000ADA01856006F5B7AD01C2
:10D2000084E005610B080068AAF700B36802075EB6
:10D21000FF00136801342B1B0017A3006DDE8D6027
:10D22000336800685E8F0013680283AB17001366D3
:10D230000183600560AB0503BFDE02F0136800B038
:10D240002BDB000AF000B0446B000AF70068AAF775
:10D250000133770202AC2700136B0186E00560AB57
:10D26000050281ABD300137701BC6003000ADA002A
:10D27000682C2F00137700E844656177A1006D5E8C
:10D280008561937400B02C330017A200E05E8961C1
:10D29000B7A2006DDE86F453760200AC230013774C
:10D2A0000185600560AB0503BFDE02F013770180E6
:10D2B000E001610B080068AAF701137A00B02AC7E1
:10D2C000000AD10187E006F7F7BF0207DEFF00136F
:10D2D0007C0181E00560AB0500682AF7003381001E
:10D2E000682AF701F38102852BD300138000682A96
:10D2F000F70313810068AAF700939201826006F792
:10D30000F7BF00B02AC7000AB90068AAF70313885C
:10D3100000682B2300138800B00013000ABD00B082
:10D320002B7F000AC003BFDE02F013910068AAF74A
:10D33000009392011C2B17000AC00106AB170017BF
:10D34000BB00685EEF00138F01BC6003006AC3007E
:10D35000B02C7B004B1E03BFDE02F0139100A82C03
:10D360007B004B1E01BC6003008AC300B02AC700CB
:10D370000AC80202DEBB00139F0284DEFF00139581
:10D380000206DEFF00139F00B02AD70017A2006D2F
:10D39000DE8955139E00B02B9B0017A200B02A9B7C
:10D3A0000017A10283AC2700139C00682C87001390
:10D3B0009D006D5E8564339D00B02C7F0017A20038
:10D3C0006DAB96F4539F0182E00560AB050286AB1E
:10D3D000D30013AD0088600557B7A10020DE856338
:10D3E00093A500E82AF70217A100886006F437A188
:10D3F00000205E8563B3AB00682C6F0013AB013473
:10D400002B1B0017A2006E5E8B0293AA00B02C7B30
:10D41000002B1E03BFDE02F013AB00A82C7B002BF9
:10D420001E0068AAF702F3AD00B04467000B1B00B2
:10D43000E05ECD54B7B301826002F5D7AE00B02CE8
:10D440002B0017A100B02AD70017A2006D5E8955E6
:10D4500013B402865EB70013C503BFDE02F013B635
:10D46000006D5E855FF3CA02812C230013C501BCE9
:10D47000601F07706501BC601F11506401BC601F14
:10D4800011D7A400685A030013C10088580300F79D
:10D49000A30134D8030017A200E95E8E2337A3014D
:10D4A000C3E0022357A500E8DE8AF4B7A20068DED5
:10D4B0008B0013C1006EDE8EF673C500E041930051
:10D4C000306400E04197019065006D4192F493B99A
:10D4D00003BFDE02F013CA00682AF70093CA00688F
:10D4E0002AF70053CA00682AF70073CA018260064F
:10D4F000F5D7AE00025E02F015BE01BC60131C57EA
:10D50000BB01342B1B0017A20080DE8AF777BB001B
:10D51000B041B70017A200682AF70053D700682A65
:10D52000F70253D700682AF70273D700682AF7007A
:10D5300073D700682AF70853D700682AF70873D70B
:10D5400000682AF70893D700682AF703D3D703BFE8
:10D55000DE02F013E60185E006F5B7AD00685E8BEC
:10D560000013E100B05E8B000AA60182E006F5D749
:10D57000AE00682C8B0013DE006E5E896453DE0102
:10D5800081600563CB1E00E02BAB002AEA006E5ED3
:10D59000896013E10182600560AB0500E8446556CF
:10D5A00037A100B044670017A300682AF70893E585
:10D5B00000E85E8EF42AAE01846002F7F7BF0282B3
:10D5C000DEB300144D0203C57300141C00B02AAB77
:10D5D0000017A200B02AB30017A30068AAF70093AF
:10D5E000F602802BD30013F600B02B030017A10026
:10D5F0006D5E855873F20180E00560AB0500682B15
:10D600004F0013F201BC6003000ABC00025E02F08E
:10D61000159B00685E870013F600682BE70013F681
:10D6200000B02BE70017A200B02BEB0017A3006897
:10D630005E8F0013FF00682AEB0013FF00E84465CB
:10D640005757A100E05E8EF457A2006D5E86F4533A
:10D65000FF0181600560AB0500682B4F0013FF01DF
:10D66000BC6003000ABC00025E02F0159B0281ABA5
:10D670002F00140402005EFF00140402044523007E
:10D68000140403A0DE02F014040183E00560AB057E
:10D690000281AC2700141C02862C1700144D028650
:10D6A000AC1700144D028080BF00144D02825EBB97
:10D6B00000144D02822BD300141C0281AC170014FD
:10D6C0001C0280AC1700141C02812C1700141C02D1
:10D6D000822C1700141C028881AB00141C0282AC3F
:10D6E0001700141502832B1700141C02832C17003B
:10D6F000141502852C1700141502842C1700141C15
:10D700000284AC1700141C0283AC1700141C0284A2
:10D710005EB700141B0204DEAF00141B0281DEBBE7
:10D7200000141B0184E002F577AB00025E02F015E5
:10D730009F03BFDE02F0144D00E844655637A10098
:10D740006DDE8554B4280206ABD30014210183E0BA
:10D75000022B915C03BFDE02F0144D0183E0022B2B
:10D76000915C01BC600318517800B045E3001800DB
:10D77000018360022F317900A84138F9D7A100B0A8
:10D780005E84FE704E03BFDE02F0144D028101ABD9
:10D7900000142C020081AB00143702842C170014F3
:10D7A000370280AC170014370206ABD300143500E3
:10D7B0006BAC4223343000E04467014B10018B60B6
:10D7C000022B915C0287ABD30014330182600609FF
:10D7D000D04E03BFDE02F014340182600209D04E45
:10D7E00003BFDE02F01436018360022B915C03BF9D
:10D7F000DE02F0144D0206ABD3001440006BAC42C5
:10D8000023343B00E04467014B10018B60022B91F5
:10D810005C0287ABD300143E0182600609D04E0340
:10D82000BFDE02F0143F0182600209D04E03BFDE6A
:10D8300002F01446018B60022B915C01BC6003185E
:10D84000517800B045E3001800018360022F317960
:10D8500000A84138F9D7A100B05E84FE704E0002E6
:10D860005E02F0121D02845EB700144D02832BD3BA
:10D8700000144A00682AF702B44D0184E006F577E7
:10D88000AB00E02B27002AC903BFDE02F01587009A
:10D8900002DE02F000000185E002F5B7AD01836011
:10D8A00002F5D7AE0182E002F5D7AE0182E002F7C1
:10D8B000F7BF0184E002F7F7BF01BC6003000AD3A1
:10D8C00001BC6003000AC801BC6003000AC001BCBF
:10D8D0006003000AEA018760015F6AFB01BC600324
:10D8E000000C1601BC6003000C170181600163CBC2
:10D8F0001E0002DE02F00000020200BF0014B202AD
:10D9000083DEFF0014DA0183E006F7F7BF018560CC
:10D91000060B705B018560060BF05F0206ABD3005F
:10D92000146601BC600302116D00B02A9700116EED
:10D93000028045AB00147A03BFDE02F0146901BC1B
:10D94000600302115D00B02A9700115E0280456BF2
:10D9500000147A0206ABD3001473006BAC4223347C
:10D960006D00E04467014B10018B60022B915C025B
:10D9700087ABD30014700182600609D04E03BFDE6E
:10D9800002F014710182600209D04E0188600E2DF0
:10D99000516A03BFDE02F0147A018B60022B915CA6
:10D9A00001BC600318517800B045E3001800018302
:10D9B00060022F317900A84138F9D7A100B05E8408
:10D9C000FE704E0188600E2B515A00B0413F1FF08F
:10D9D0004F00682ABB00148001846006F7F7BF017E
:10D9E000BC602F1717A300E04466F46AB401BC6062
:10D9F00003000AAE00025E02F0144E00E844695FC4
:10DA0000D7A1006EDE8700348A00B02BD7000AF061
:10DA100001BC6003000AEF00682AEB00148A00B022
:10DA20004467000AB900E84465554ABA00B02AB311
:10DA30000017A100E82AEAF42ABA028080BF001485
:10DA4000970281DEBB0014A80206ABD300148F023C
:10DA500004C5AF00149703BFDE02F0149002004526
:10DA60006F0014970283C5730014970206ABD300AE
:10DA7000149501BC63FF1FF7A10068C5C6F434A864
:10DA800003BFDE02F0149701BC63FF1FF7A100681B
:10DA9000C586F434A80206ABD300149E018B600E39
:10DAA0002B915C0287ABD300149C0182600209D0E9
:10DAB0004E03BFDE02F0149D0182600609D04E03C2
:10DAC000BFDE02F014A4018B600E2B915C01BC60E0
:10DAD0000318517800B045E3001800018B2B2E2F5E
:10DAE000317900A84138F9D7A100B05E84F9B04E71
:10DAF0000184E002F5B7AD0184E002F577AB018562
:10DB0000E001610B0803BFDE02F015920206ABD301
:10DB10000014AB00025E02F0121D03BFDE02F0141F
:10DB2000AD018360022B915C00025E02F0121D01C8
:10DB300084E006F5B7AD0184E006F577AB0206ABED
:10DB4000D30014B101846005610B0803BFDE02F04D
:10DB50001592018D60020BF05F0206ABD30014B684
:10DB60000188600E2D516A03BFDE02F014B70188F0
:10DB7000600E2B515A028181AB0014C80206ABD350
:10DB80000014C1006BAC422334BC00E04467014B7D
:10DB900010018B60062B915C0287ABD30014BF0190
:10DBA00082600209D04E03BFDE02F014C001826021
:10DBB0000609D04E03BFDE02F014D7018B60062B9E
:10DBC000915C01BC600318517800B045E300180077
:10DBD000018360022F317900A84138F9D7A100B044
:10DBE0005E84FE704E03BFDE02F014D70206ABD394
:10DBF0000014D1006BAC422334CC00E04467014BED
:10DC000010018B60022B915C0287ABD30014CF0113
:10DC100082600609D04E03BFDE02F014D00182609C
:10DC20000209D04E03BFDE02F014D7018B60022B35
:10DC3000915C01BC600318517800B045E300180006
:10DC4000018360022F317900A84138F9D7A100B0D3
:10DC50005E84FE704E0184E002F5B7AD0184E002FF
:10DC6000F577AB00025E02F0144E0002DE02F00017
:10DC70000000B0446B000AFE0202DEB30014E702AB
:10DC800006ABD30014E5018360062B915C0287ABE1
:10DC9000D30014E20182600209D04E03BFDE02F01D
:10DCA00014E30182600609D04E00025E02F01211F8
:10DCB00003BFDE02F014E7018360062B915C0002D3
:10DCC0005E02F0121101866005610B08020200BFBE
:10DCD00000150C0183E002F7F7BF0203C5730014BF
:10DCE000FC020080BF0014FC0206ABD30014F50058
:10DCF0006BAC422334F000E04467014B10018B60B1
:10DD00000E2B915C0287ABD30014F30182600209F1
:10DD1000D04E03BFDE02F014F40182600609D04E3B
:10DD200003BFDE02F0150B018B600E2B915C01BC72
:10DD3000600318517800B045E3001800018B2B2ECA
:10DD40002F317900A84138F9D7A100B05E84F9B02D
:10DD50004E03BFDE02F0150B0206ABD30015050023
:10DD6000E0446700B7BB006CC466F774FE018B60CB
:10DD7000022B915C0287ABD3001503018260060978
:10DD8000D04E03BFDE02F015040182600209D04EBE
:10DD900003BFDE02F0150B018B60022B915C01BC0E
:10DDA000600318517800B045E30018000183600259
:10DDB0002F317900A84138F9D7A100B05E84FE70F8
:10DDC0004E0182E002F597AC0002DE02F000000195
:10DDD000BC60030037A20020E3FE0915680020E0C4
:10DDE000420D956802845EB300156802804203000C
:10DDF00015680284452300156803915E02F01568DA
:10DE00000068AB4F0015680282DEFF0015680068ED
:10DE10002ABB00151900E8446555D7B900E82A9ACD
:10DE2000F737B902805EFF00159B020180C700151D
:10DE30009200B02AD70017A1006DDE855515920219
:10DE400082DEB30015680203C57300154902048021
:10DE5000C700154900685E8B00152E0284AC2300B4
:10DE6000152E0203C5730015490202ABD300152518
:10DE700002855EBB0015260282DEBB00154900B09C
:10DE80002B830017A1006EAB6AF4352E0203C57315
:10DE900000154900682A9B00152D00682ABB001553
:10DEA0002E006ADEE554F549006ADEE55A55490060
:10DEB000682AE700154902941DF30015310203DEBC
:10DEC0005300153603BFDE02F0153401141DF300B4
:10DED00017A600901CBAF4D7A602005E9B00153668
:10DEE00000B02B87000AA703BFDE02F0159201BC29
:10DEF000600302579201BC63FF1FF0C301BC6003C3
:10DF00000910E301865E8A1C70E3018460061C70C0
:10DF1000E300682AEF00153D0185E0061C70E3016F
:10DF2000BC600303978200025E02F0157200B054D9
:10DF3000130010E400E043915B30E401BC60030097
:10DF400010EE01BC63FF1FF0CE00E02AEF002ABBF9
:10DF500001BC61030077A601141DF30017A200B0F5
:10DF60005E8B000C1801BC610303EC1903BFDE02D9
:10DF7000F0156202845EB700156801BC602308904A
:10DF8000E600025E02F0016A00B05ECF0010E4001D
:10DF900068AAF70035520205AC2300155200E82AA2
:10DFA000CE2337A3006DDE8E1C955200B05E8F002D
:10DFB00010E400682A9B00155A00B02ADB0010E428
:10DFC0000206ABD30015570284C5AF00155A03BF34
:10DFD000DE02F015580280456F00155A00695EE7B1
:10DFE00000155A00E05EE556D0E40282DEBB001563
:10DFF0005E00682AF700155E00E10EDA1C83B600A9
:10E00000E08EDF0003B701BC600301D78200025E2F
:10E0100002F0157201BC61030077A603BFDE02F0B7
:10E02000156200B0004700108600025E02F015F88D
:10E0300000025E02F010700190600A09104801842D
:10E040006006F597AC00B05E9B0010800002DE0217
:10E05000F0000002805EFF00156D0281DEBB00153E
:10E060006D020180C7001592020480C7001592015D
:10E07000806002F7F7BF0280C28F0015930201DEB5
:10E08000BB00159301BC60030017A203BFDE02F0C2
:10E09000150E00685E4B0635790285DEFF0015809F
:10E0A00000B02B370017A1006DAAEEF4358001BC3B
:10E0B000600301378000B02B3B0017A1006D2AEEF2
:10E0C000F4357B02812BD300157B01BC6003017703
:10E0D0008001BC600300378100025E02F001430151
:10E0E000D2DE0AA030E000B0540B0010E103BFDE26
:10E0F00002F015860280ABD300157901BC600301E4
:10E10000578001BC600300178100025E02F00143EA
:10E1100000B054070010E000885E0B0070E10002C0
:10E12000DE02F0000000682AF30015920204DEAF60
:10E1300000159200E844655797A4006E5E9154F56F
:10E140009200885E930037A4006D5E9154F59200B2
:10E15000025E02F015E303BFDE02F0159F00E84403
:10E16000655797A400885E930037A400025E02F012
:10E1700015E303BFDE02F0159F0284DEAF001596A3
:10E180000181E002F5D7AE03BFDE02F0159F006803
:10E190002B6700159B00E044655B2AD300682B6B5E
:10E1A00000159A00E044655A4AD30002DE02F000EE
:10E1B0000001806006F7F7BF00682AF300159F0092
:10E1C000E844655797A400025E02F015E3018460FD
:10E1D00002F597AC01BC6003000ABC01BC600300FF
:10E1E0000AD301BC6003000ABB0104DEAF0017A123
:10E1F00001845E86F5B7AD0284DEAF0015A801800C
:10E2000060060D906C0002DE02F000000285AC2377
:10E210000015BD0203C5730015BD00B02A8F00179D
:10E22000A30202AC230015AD00B02AAF0017A30271
:10E2300002DEBB0015AF00B02A8B0017A300E0443C
:10E2400066F46AB30185E005610B0800B04467001D
:10E250000B030206ABD30015B7006BAC422335B6F7
:10E2600000E04467014B100183E0022B915C03BF87
:10E27000DE02F015BD0183E0022B915C01BC60035E
:10E2800018517800B045E3001800018360022F3177
:10E290007900A84138F9D7A100B05E84FE704E0025
:10E2A00002DE02F000000202DEB30015C90206AB76
:10E2B000D30015C7018B600E2B915C0287ABD30096
:10E2C00015C40182600209D04E03BFDE02F015C5FD
:10E2D0000182600609D04E00025E02F0121103BFF7
:10E2E000DE02F015DB018360062B915C00025E020A
:10E2F000F012110203C5730015CE0284DEAF0015C3
:10E30000CE0281DEBB0015CE02805EFF0015CE027C
:10E31000045EB70015E20206ABD30015D5018B6091
:10E320000E2B915C0287ABD30015D30182600209EA
:10E33000D04E03BFDE02F015D40182600609D04E34
:10E3400003BFDE02F015DB018B600E2B915C01BC7C
:10E35000600318517800B045E3001800018B2B2EA4
:10E360002F317900A84138F9D7A100B05E84F9B007
:10E370004E0183E001610B0801846006F5B7AD0131
:10E3800084E002F577AB01BC6003000ABB01846046
:10E3900002F597AC0185E001610B080186E001619F
:10E3A0000B080002DE02F0000000682B5B0015E5A0
:10E3B00000B02B5B0017A4006D5E915555E700B0CF
:10E3C0002AAB0017A400882B070037A500E82B0A0A
:10E3D000F4AAC200885E930037A400E02B0AF48AF6
:10E3E000C200902B0B00AAC100B02B07000AA700A7
:10E3F00002DE02F0000003A0DE02F015F10200428E
:10E40000030015F100025E02F00D2F0183E00561AB
:10E410000B0801846002F5B7AD0184E006F577AB27
:10E4200001BC6003000ABB01846002F597AC00B038
:10E430004467000ABC0002DE02F00000010C8143C8
:10E440000017A101BC600300508A00685E07001637
:10E45000020068DE8700360201BC600300B08A005B
:10E46000685E070036020282DE0300160201BC600D
:10E470000300908A0283DE0300160200E0600AF4C3
:10E48000D08A00685E0700160A0190422AA1308AED
:10E4900000685E0700360A0190422AA0108A01092E
:10E4A000DE030017A2018F5E8A11508A00685E8B1E
:10E4B00000160A0191E00E11508A0002DE02F000FF
:10E4C000000109DE030017A400E05A06F497A50036
:10E4D000905E96F497A50203DE030016120282DE18
:10E4E0000300161201BC61EF0857A60080DE96F407
:10E4F000D7A50116DE870017A300885E870077A1E5
:10E5000000E15E8702D7A100E0DE8F0017A301BC07
:10E5100060030017A2020E5E0300161901BC60031F
:10E520000037A200905E96F457A50080DE96F4377F
:10E53000A100E141B7FFF7A600E1DE8701F7A100E6
:10E5400080DE96F477A300E1DE860DB7A100E0DE61
:10E550008F0017A3017A5E86F477A100885E86F4A7
:10E5600057A100B05E870017A20287DE03001626BF
:10E5700000885E870057A103BFDE02F016330287D2
:10E580005E0300162D01BC639B0CD7A50080DE86C0
:10E59000F4B7A100E141B7FFF7A500E0DE8700175F
:10E5A000A100885E870057A103BFDE02F01633008A
:10E5B000885E870057A101BC639B0CF7A50080DE35
:10E5C00086F4B7A101BC62030017A500E141B6F4CF
:10E5D000B7A500E0DE870017A100E05E8400D7A1A8
:10E5E0000002DE02F0000002001FF70000120282AB
:10E5F000DE5300163B0188600204902400E0209264
:10E60000F3082400E8208EF3082303BFDE02F00B9A
:10E610003701B8601604902401BC600301D02503C3
:10E62000055E02F0164C0287C037000C9E0386DEA2
:10E6300002F00CA100025E02F01236035CDE02F072
:10E64000163D00D8409B0117A100E05E8702379875
:10E6500000A85E630077980102DE530017A10182D3
:10E66000E002F297940188DE84FFA7FD006EA08E81
:10E67000F3164C00E85E6301D02501B860060490F3
:10E680002403BFDE02F0000201816004FFA7FD0148
:10E69000B8600A04902403BFDE02F0000202285E84
:10E6A0008700166200B041930017A400E041930078
:10E6B0007064010A5E870017A200E84192F450637B
:10E6C00001185E870017A100E86042F437A20088B5
:10E6D0005602F436000068418EF4965E00E8418FE1
:10E6E00000306300E8419300306400685E8B0216DE
:10E6F0005600905602F457A300B05806F476010372
:10E70000BFDE02F0165600684192F4966200E841BE
:10E710009300306401BC600300160003BFDE02F00A
:10E72000165E00B05E870017A10002DE02F0000056
:10E730000180600286143000B050CB0010650138B3
:10E7400050830017A10068DE3B06366A00E05A33AA
:10E7500000368C006EDA32F4201200B05A0B00172B
:10E76000A201BC63FF1FF7A300B050CF00106400EC
:10E770006EDA32F4366F00B05A370017A300B05883
:10E780001300178201BC600300160401BC601B1F4C
:10E79000D7B60102D0C70017A100E04196F430655A
:10E7A00000E050CB00D06401BC60030017B401BC92
:10E7B000600300178001BC6003003781018760049B
:10E7C0000310A0009052330097A400E0418701B7E6
:10E7D000B500685ED2F0569600E05EDAF69063000F
:10E7E00020D802F0368A020250C7001690009056D8
:10E7F000030097A100E85E86F497A1019E6002F4F1
:10E8000037A1006DDE87081690010A5E870017A207
:10E8100001DA6002F437A100E05ED6F450630088AC
:10E820006006F437A100205602F4369000B058027A
:10E83000F0360000E05A2B00368A006ADED2F47609
:10E840008C0068DED2F0169100E05E030037800095
:10E85000685E030036910186E0040310A003BFDE6A
:10E8600002F01691006ADED2F4768C00E05ED300EE
:10E8700037B400D05E0700378102985ED300167B64
:10E8800000E0419300306403BFDE02F0167B0068B5
:10E890005E0300001203BFDE02F006CC0282D0C786
:10E8A0000016A000B02A370017A101B82A32F436AA
:10E8B0008401025013001685013C50830017A1000B
:10E8C000B050A70017A4006D5A32F436A90182E0B7
:10E8D000068634310288502B0016A500B05A33004A
:10E8E00017A1019E5E8684F4270183600686343179
:10E8F0000002DE02F0000000B050730017A101B862
:10E90000506EF436840106D00700168500B050AB77
:10E910000017A400D06006C0978000E0419700D7A0
:10E92000B5010A58130017A100E05ED6F437B50010
:10E93000B0580F001063011656030017810068D805
:10E94000130016BE011400630017A10068DE8700E3
:10E9500016B40088013B01168003BFDE02F016B931
:10E960000068DE870076B700A0013BE0168003BF99
:10E97000DE02F016B900E05E870970620088540379
:10E9800001168000E85A0330168001BC60030016AF
:10E990008101BC600300168201BC60030016830382
:10E9A000BFDE02F016C300E0418EC09063006EC16E
:10E9B0008EC036C300E8418EC0306300E8580300C3
:10E9C00037A100E0418EF43063013850A30017A551
:10E9D0000068581303F6DE0068418EC056DE006DF5
:10E9E000DA0AF4B6DE011656030017A10068DE86C7
:10E9F000F036DE015856030017A100E05E870DD700
:10EA0000A200B05ED70010620020DE02A016D50082
:10EA1000E05E86D037A300E05E8ED077A3006D5A0B
:10EA200002F456DE006E5E8EF496DE00E86002F4BC
:10EA3000368300B05E8F00168100A05A0F007683E7
:10EA400000E05A0B00368200E85A02F4568000D0EB
:10EA50005E0300378000E0581300360400E0418F69
:10EA6000003063029858130016DB00E05ED70037D1
:10EA7000B5006EC18EC036C400B0580300106303E9
:10EA8000BFDE02F016C400B058130017A10068DA08
:10EA9000370016E100B05E8700168D006DDE86D16E
:10EAA000B6E300B05E8700168D0002DE02F00000C3
:10EAB00001BC60030017A1018760040310A001BC22
:10EAC00060030990B500B0006300F0B401BC60576A
:10EAD0000310B601BC60030090B500B0006300B045
:10EAE000B400B042D30018000317DE02F016EC03A6
:10EAF00097DE02F016ED00B02A3300142F018EE0ED
:10EB00000C0310A0006DDE02D1B6F300E85A36F017
:10EB1000168D03BFDE02F016F501BC600300168CF3
:10EB200001BC600300168D006E5A3AF016F801BC65
:10EB3000600300168E03BFDE02F016F900E85A3AB1
:10EB4000F0168E00B058070017A100E0580EF0161E
:10EB500003006ED80EF436FF00E85E86C017A100F1
:10EB6000E8580EF4360300E8580F00360301185E2B
:10EB7000030017A1006DDE0302170700E86042F4EE
:10EB800037A200905A1AF4368600885A1EF457A20B
:10EB900000905A1EF4368700B05A1AF4568603BF06
:10EBA000DE02F0170900905A1EF4368601BC60039D
:10EBB0000016870002DE02F000000158600300101A
:10EBC0002A01B8600A04902401BC60030290040189
:10EBD00089E0020D906C0002DE02F000000200DE0F
:10EBE0005300171901BC60170777A100025E02F0FD
:10EBF000012700B040670017A200B05E8B0057A24B
:10EC000000025E02F0012B01BC600303378001BCEF
:10EC1000600300178100025E02F011320002DE0282
:10EC2000F0000001BC600303378000025E02F011B7
:10EC30002D0183E006F037810181E006F037810085
:10EC4000025E02F0113200B05E070017A200E0443D
:10EC5000670B57A1006B4466F4372001BC600311B9
:10EC6000378000025E02F0112D01806006F03781CE
:10EC700000025E02F0113201BC60030097800002C6
:10EC80005E02F0112D01806006F0378100025E0205
:10EC9000F0113200E044670157A1006B4466F4377D
:10ECA0002A01BC600303378001A0607EF457810015
:10ECB000025E02F0113200E044670797A1006B4446
:10ECC00066F4372F01BC600311578000025E02F02A
:10ECD000112D01846006F0378100025E02F01132CE
:10ECE00000B05E070017A201BC60030A3780000273
:10ECF0005E02F0112D01806002F0378100025E0299
:10ED0000F0113200E044670037A1006B4466F4372D
:10ED10003A01806006F0378100025E02F011320194
:10ED2000BC600308578000025E02F0112D018A606A
:10ED300002F0378100025E02F0113200E044670009
:10ED400037A1006B4466F43742018A600EF03781C8
:10ED500000025E02F0113200E044670657A1006B2A
:10ED60004466F4374601BC60030CB78000025E02C3
:10ED7000F0112D0280DE0700173001BC600311572F
:10ED80008001846002F4578100025E02F0113201BA
:10ED9000BC60030037A30206ABD30017510284C541
:10EDA000AF00175903BFDE02F017520280456F0013
:10EDB000175901BC60030017A3018B600E2B915CF7
:10EDC00001BC600318517800B045E3001800018BC6
:10EDD0002B2E2F317900A84138F9D7A100B05E84DD
:10EDE000F9B04E01BC60170777A100025E02F00186
:10EDF0002700B040670017A200A85E8B0057A20052
:10EE0000025E02F0012B00E044670157A1006B4451
:10EE100066F4375F01BC600301B7A101BC60030465
:10EE200077A200025E02F0012B01BC60130AF7A179
:10EE300001BC60030017A200025E02F0012B01BCBE
:10EE400060030117A400E85E930037A401BC6003CF
:10EE500001D7A100B05E930017A200025E02F0018C
:10EE60002B01BC60130AD7A101BC60030017A200EC
:10EE7000025E02F0012B0068DE9300176700685EF7
:10EE80008F0017710002DE02F0000001BC60270C49
:10EE9000B7A101BC60030197A200025E02F0012B42
:10EEA00001BC60270EB7A101BC60030137A20002BC
:10EEB0005E02F0012B01BC60030657A401BC600395
:10EEC0000077A301BC60130957A100025E02F001A4
:10EED00027018060060337A200025E02F0012B01C9
:10EEE000806002F457A200025E02F0012B00E044B1
:10EEF00066F497A1006B4466F4378000E85E8F00EB
:10EF000037A300685E8F00178701BC60030317A456
:10EF100001BC60270F17A100025E02F00127006804
:10EF2000C0671FF77901BC60270EB7A101BC600361
:10EF300001F7A200025E02F0012B0002DE02F000E7
:10EF4000000002DE02F000000200DE5300179D0107
:10EF5000BC60130E77A100025E02F0012700A04002
:10EF6000673FEC4401BC60131497A100025E02F0FD
:10EF700001270196E0020337A200025E02F0012B96
:10EF800001BC601309B7A100025E02F001270187EE
:10EF900060020337A200025E02F0012B01BC601385
:10EFA0000997A100025E02F001270187600603377E
:10EFB000A200025E02F0012B0002DE02F00000015E
:10EFC000BC60730017A301BC60131497A100025E1C
:10EFD00002F0012700A04066F477A40196E01EF439
:10EFE00097A300B05E8D8897A200025E02F0012B0D
:10EFF00001BC601309B7A100025E02F0012701877E
:10F0000060060337A200025E02F0012B01BC601310
:10F010000997A100025E02F001270187600603370D
:10F02000A200025E02F0012B0002DE02F0000000EE
:10F0300068DE930017B100E05E030057A201095E8D
:10F040008B0017A103BFDE02F017B90068DE930042
:10F0500037B501105E030017A200E05E8B0097A198
:10F0600003BFDE02F017B901305E030017A200E013
:10F070005E8B0197A1006D5E870597B901BC6003A7
:10F080000597A10002DE02F0000000682BCB0017FC
:10F09000BF00B02BF30017A100E05E855FB7A100B1
:10F0A0006BDE862337BF0186E006F7F7BF0002DE7E
:10F0B00002F0000000681F330017CD020200BF00FD
:10F0C00017C3020345730017CD0285C5230017CD72
:10F0D00000681F330037CB00B01FC70017A1000224
:10F0E0005E02F0012700A84064F9D7A200B05E8854
:10F0F000F9B7A200025E02F0012B03BFDE02F01797
:10F10000CD00A84138F9D7A100B05E84F9B04E0017
:10F1100002DE02F00000020200BF0017C302034536
:10F12000730017CD0158600300102A0189E0020D19
:10F13000906C01BC600300900400B040130017A164
:10F140000002DE02F00000018260060F1078020764
:10F15000C1E30017D601BC60030C17A301BC600318
:10F1600000907601BC600300107700025E02F0019F
:10F170003401BC60030C97A300025E02F0012F0073
:10F180008860118757A101BC5E860EF07700025E91
:10F1900002F0013401BC60030C17A301BC60030042
:10F1A000B07601BC600300107700025E02F001340B
:10F1B00001BC60030C97A300025E02F0012F0088DF
:10F1C00060058757A101BC5E860ED07600025E0204
:10F1D000F0013401BC60030017A300025E02F001DD
:10F1E0002F018560060ED07600025E02F001340128
:10F1F000BC60030C17A301BC600300307601BC6047
:10F200000300107700025E02F0013401BC60030CC1
:10F2100097A300025E02F0012F01AC60A20EF0770E
:10F2200000025E02F0013401BC60030017A300027B
:10F230005E02F0012F018560060ED07600025E02AC
:10F24000F0013401BC60030C17A301BC6003003063
:10F250007601BC600300107700025E02F001340109
:10F26000BC60030C97A300025E02F0012F01AC60AA
:10F27000020EF07700025E02F0013401BC60030070
:10F2800017A300025E02F0012F018560060ED07602
:10F2900000025E02F00134018260020F1078000269
:10F2A000DE02F0000001BC60130817A100025E023C
:10F2B000F00127018060020337A200025E02F00124
:10F2C0002B01BC60030037A100025E02F0012701A0
:10F2D00088600E0337A20068B0EB00181001886048
:10F2E0000A0337A200025E02F0012B01BC601B067C
:10F2F00057A100025E02F00127018830EA0337A21D
:10F3000000025E02F0012B00025E02F017D501BC84
:10F3100060130817A100025E02F001270180600659
:10F320000337A200025E02F0012B0002DE02F000B1
:10F330000001BC60430890E600025E02F0016A0131
:10F34000BC604F1110E40190600A09104801BC60D4
:10F350000300000601BC600301D78201D2DE0877FA
:10F36000F0E000B00F030010E100B000470010868D
:10F3700000B00F1F00108A01BC600300378100023B
:10F380005E02F0107001BC60030010BB01BC6103A1
:10F390000010800182600610308103D05E02F0030D
:10F3A000940002DE02F0000000681F830018820251
:10F3B0008042030018820285C52300188200681F5E
:10F3C0008F00388200681F8B00385F01BC60130813
:10F3D00017A100025E02F00127018060020337A23C
:10F3E00000025E02F0012B01BC601B1B57A1000252
:10F3F0005E02F0012700B04067000C3E0182E0068B
:10F400000337A200025E02F0012B01846006F4576C
:10F41000A200025E02F0012B01BC60270F37A100A1
:10F42000025E02F0012700B04067000C3F018860D7
:10F43000060337A200025E02F0012B01BC60271513
:10F4400097A100025E02F0012700B04067000C4067
:10F45000019B60160337A201806006F457A20002E8
:10F460005E02F0012B01BC60131077A101BC600BA0
:10F470000017A200025E02F0012B01BC60131057BE
:10F48000A100025E02F0012701B860820337A200EA
:10F49000025E02F0012B01BC60131037A100025E76
:10F4A00002F001270180E0020337A200025E02F0B1
:10F4B000012B01BC60030007E201BC60030007E30D
:10F4C0000068310F00185700E044658867E103BF0A
:10F4D000DE02F0185800E044670807E101BC601341
:10F4E0001037A100025E02F0012701806006033799
:10F4F000A200025E02F0012B01BC60030027E200C3
:10F50000025E02F001270200406700187302804289
:10F51000030018730285C52300187301BC60131023
:10F5200037A100025E02F001270200406700186662
:10F53000006CC464FC385F00E03107002C4100E03F
:10F54000310B002C4201BC601310F7A100025E02D7
:10F55000F0012700B0406700018401BC601310D7A0
:10F56000A100025E02F0012700B0406700018501A2
:10F57000BC602B1357A100025E02F0012700B040CF
:10F580006700018601BC60131117A100025E02F042
:10F59000012700B0406700018701BC60271597A1D3
:10F5A00000B031030017A200025E02F0012B01BC83
:10F5B00060270F37A100B030FF0017A200025E02E3
:10F5C000F0012B01BC601B1B57A100B030FB0017E2
:10F5D000A200025E02F0012B01BC60130817A1001B
:10F5E000025E02F00127018060060337A200025E7E
:10F5F00002F0012B01BC60030007E201BC600300C4
:10F6000007E000B05E870017A10002DE02F00000F4
:10F6100001BC6003000C2500B030CB00179E00B089
:10F6200030CF00179D00B030D300179C00B030D70A
:10F6300000179B03BFDE02F00A1A00000000000062
:10F6400000000000000000000000000000000000BA
:10F6500000000000000000000000000000000000AA
:10F6600000207EC00000000000000000000000003C
:10F67000000000000000000000000000000000008A
:10F68000000000000000000000000000000000007A
:10F69000000000000000000000000000000000006A
:10F6A00000207EC0000000000000000000000000FC
:10F6B000000000000000000000000000000000004A
:10F6C00000000000000020000000401101000000C8
:10F6D00000008016010080000000801601008003F9
:10F6E00000008016000000400000801A2100E003A6
:10F6F00000008016000200400000801A1002004046
:10F700000000801A100202400000801A6100E0032D
:10F7100000008016100200400000801A6101E01312
:10F7200000008016300200400000801A10020040E5
:10F730000000801A1C0200400000801A0002000035
:10F740000000801A1C0A00400000801A1C0A204099
:10F750000000801A1FCA20400000801A1FCA2040E3
:10F760000000801A010000000000801E0900000057
:10F770000000801E00000000000080020000000069
:10F78000000080020000000000008002080000006D
:10F790000000801E000000000000801E010000002C
:10F7A0000000801E110000000000801E1FCA20C043
:10F7B0000000801A1FCA20C00000801A5FCA20C043
:10F7C0000000801AB06400000000800E00002800D5
:10F7D00000008012110000000000801E00000000E8
:10F7E000C825428500000000000040010000000024
:10F7F0000000400100000000000040015FCA2040FE
:10F80000000040191FCA20400000401901000000FC
:10F810000000401D010000000000401D010000002C
:10F820000000401D090000000000401D1FC22040D4
:10F83000000040190F0000000000401D1FC220C042
:10F84000000040191BC220C000004019207D0000AC
:10F850000000400D000020000000401100000000EA
:10F860003304428900000000000040010000000055
:10F870000000400100000000000040011BC22040C9
:10F8800000004019090000000000401D1BC220407C
:10F8900000004019010000000000401D00000000B1
:10F8A0000000401D1FC22040000040190100000060
:10F8B0000000401D090000000000401D1FC2204044
:10F8C000000040190B0100000000401D1FC220C0B5
:10F8D000000040191BC220C000004019C077000082
:10F8E0000000400D00002800000040110000000052
:10F8F000331C4289000000000000400100000000AD
:10F900000000400100000000000040011FC220C0B4
:10F91000000040191FC220C0000040196100E01320
:10F920000000401500000000000040010000000041
:10F930000000400100000000000040016101E013F0
:10F940000000401513C220C000004019610180135F
:10F95000000040150A0100000000401D13C220C035
:10F960000000401908040000000000F8000000003A
:10F970000000400100000000000040010000000005
:10F9800000004001000000000000400100000000F5
:10F990000000400113C22040000040190B0100008C
:10F9A0000000401D13C220C00000401900000000EC
:10F9B00000004001000000000000400103010000C1
:10F9C0000000401D13C22040000040190000080044
:10F9D0000000401161018013000040156101801397
:10F9E0000000401561018013000040151FC2204037
:10F9F000000040191FC22040000040191FC22040D3
:10FA0000000040190B0100000000401D0B01000028
:10FA10000000401D1FC220C0000040191BC220C0B2
:10FA200000004019C37700000000400D00000800EE
:10FA30000000401100000000131C4288000000007C
:10FA40000000400100000000000040010000000034
:10FA5000000040011BC220400000401909000000C6
:10FA60000000401D1BCA2040000040191FCA204052
:10FA700000004019090000000000401D1FC2204086
:10FA8000000040190F0000000000401D1FC220C0F0
:10FA9000000040191BC220C000004019237D000057
:10FAA0000000400D000000000000401100000000B8
:10FAB0001304428800000000000040010000000024
:10FAC0000000400100000000000040011BC2204077
:10FAD00000004019090000000000401D1BCA204022
:10FAE00000004019010000000000401D1FCA204016
:10FAF00000004019110000000000401D1FCA2040F6
:10FB0000000040191FCA20C0000040191FCA20C0B1
:10FB1000000040191FCA20C0000040195FCA20C061
:10FB200000004019B06400000000400D0000080013
:10FB300000004011110000000000401D0000000006
:10FB4000B8254284000000000000400100000000D1
:10FB50000000400100000000000040015FCA20409A
:10FB600000004019010000000000401D1FCA204095
:10FB7000000040191FCA204000004019000000008A
:10FB80000000401D1C0A2040000000181C0A2040F4
:10FB9000000000180000000000000010000000003D
:10FBA0000000001C61018013000000141C0A2040AA
:10FBB000000000186101800300000014100A2040BA
:10FBC00000000018000A204000000018000A004051
:10FBD00000000018410180030000001400080040EC
:10FBE0000000001800001000000000100008024093
:10FBF0000000001800080340000000180008024040
:10FC0000000000180008004000000018000000007C
:10FC1000000000100008004000000018000800402C
:10FC200000000018410180000000001441010000A4
:10FC30000000001440010000000000140008024011
:10FC4000000000180001000000000014000800403F
:10FC500000000018000800C000000018080C000098
:10FC60000000000408080000000000FC0000000084
:10FC70000000000000000000000000000000000084
:10FC8000000000000C715D48075F3100B3C9A56139
:10FC9000005B234B45252447280800000000000096
:10FCA000941DC51301BD320801003433343339616A
:10FCB000302D726F6D6C2F7364696F2D672D706FAF
:10FCC0006F6C2D7032702D69647375702D6964616D
:10FCD0007574682D706B7466696C7465722D6B65D4
:10FCE0006570616C6976652D616F652D6C70632D33
:10FCF00073776469762D7372666173742D667561AE
:10FD000072742D627463782D6E6F636C6D696E63AF
:10FD10002D636C6D5F6D696E2D6662742D6D6670FE
:10FD20002D7361652D776F776C70662D746B6F2006
:10FD300056657273696F6E3A20372E39352E343915
:10FD4000202832323731626236204359292043520B
:10FD5000433A206237613238656633204461746506
:10FD60003A204D6F6E20323032312D31312D323903
:10FD70002032323A35303A323720505354205563CE
:10FD80006F6465205665723A20313034332E32313B
:10FD9000363220465749442030312D63353164399D
:10FDA00034303000FA00445649442030312D62305E
:10FDB00062343532306600000000000000000000B0
:10FDC0000000000000000000000000000000000033
:10FDD0000000000000000000000000000000000023
:10FDE0000000000000000000000000000000000013
:10FDF0000000000000000000424C4F423C000000A8
:10FE0000FA69E0BB010000000200000000000000F1
:10FE10003C000000980300000A6F2B520000000015
:10FE200000000000D403000004000000A0B0E5E2E0
:10FE300000000000434C4D204441544100000C00A0
:10FE4000020052617370626572727950692E506956
:10FE5000636F57000000312E32392E34000000004D
:10FE60000000000070000000436C6D496D706F72FF
:10FE7000743A20312E34372E31000000000000008B
:10FE800000000000000076352032322F30362F324D
:10FE9000340000000000000000000000010B010D14
:10FEA0000C0D0000680300007401000068000000F1
:10FEB000300100007C010000000000004C01000047
:10FEC0004601000058030000000000002801000067
:10FED00090030000880300007FB2000000000000D3
:10FEE0000000000000000000000000000000000012
:10FEF000000000000000000000000000700300008F
:10FF000000000000320100000000000000000000BE
:10FF100000000000000000000000000000000000E1
:10FF200000000000000000000000000000000000D1
:10FF300000000000000000000000000000000000C1
:10FF400000000000000000000000000000000000B1
:10FF5000000000000000000000000000340000006D
:10FF6000810100000102323032322D30362D323420
:10FF70002030363A35353A3038000000FF000000B6
:10FF80000100FF011E0000014800010100FF0114F3
:10FF90000000014800010000FF0000000200000115
:10FFA0001E010001480101000000000000000000E7
:10FFB0000001000101236E000200FFFFF000415428
:10FFC00000010001FFC000415500010001FFC00019
:10FFD000424500010001FFC000425200010001FF44
:10FFE000C00043410000FF00FFCC00434800010077
:10FFF00001FFC000434C00010001FFC000434E0060
:020000041005E5
:10000000010001FFC000434F00010001FFC0004399
:100010005A00010001FFC00044450001FF01FFCC70
:1000200000444B00010001FFC000454500010001F4
:10003000FFC000455300010001FFC000465200010F
:100040000001FFC000474200010001FFC00047520D
:1000500000010001FFC000484B00010001FFC0008B
:10006000485500010001FFC000494C00010001FF9C
:10007000C000494E00010001FFC0004953000100CB
:1000800001FFC000495400010001FFC0004A5000B8
:10009000010001FFC0004B4500010001FFC0004B03
:1000A0005200010001FFC0004C4900010001FFC0E7
:1000B000004C5400010001FFC0004C55000100013C
:1000C000FFC0004C5600010001FFC0004D5400016C
:1000D0000001FFC0004D5800010001FFC0004D5954
:1000E00000010001FFC0004E4700010001FFC000F9
:1000F0004E4C00010001FFC0004E4F00010001FF07
:10010000C0004E5A00010001FFC000504500010030
:1001100001FFC000504800010001FFC000504C002A
:10012000010001FFC000505400010001FFC0005356
:100130004500010001FFC000534700010001FFC05E
:1001400000534900010001FFC000534B00010001B2
:10015000FFC000544800010001FFC00054520001DC
:100160000001FFC000545700010001FFC0005553BB
:1001700000000000FFC00058580003FF02FFCC0041
:100180005A4100010001FFC000010D0100014800BB
:1001900000000148000000014801000001000000CB
:1001A000550300000A0C0D0E0F1011121314150C3C
:1001B000000102030405060708090A0B00000000FD
:1001C000000000000000000000000000AFA90000D7
:1001D0004E5652414D5265763D2452657624006D4F
:1001E000616E6669643D30783264300070726F64AD
:1001F00069643D3078303732370076656E64696403
:100200003D3078313465340064657669643D30781A
:100210003433653200626F617264747970653D30A9
:10022000783038383700626F6172647265763D30BD
:10023000783131303000626F6172646E756D3D32BD
:1002400032006D6163616464723D30303A41303A2E
:1002500035303A62353A35393A35650073726F6D2B
:100260007265763D313100626F617264666C616700
:10027000733D3078303034303430303100626F616B
:100280007264666C616773333D307830343030307F
:10029000303030007874616C667265713D3337348C
:1002A0003030006E6F6372633D31006167303D3204
:1002B000353500616132673D310063636F64653DD0
:1002C000414C4C007061306974737369743D3078CF
:1002D00032300065787470616761696E32673D30F5
:1002E000007061326761303D2D3136382C37313640
:1002F000312C2D383230004176566D69645F6330A1
:100300003D3078302C307863380063636B707772DF
:100310006F6666736574303D35006D617870326765
:1003200061303D383400747870777262636B6F6649
:100330003D360063636B627732303267706F3D30F9
:10034000006C65676F66646D627732303267706F1C
:100350003D30783636313131313131006D63736281
:100360007732303267706F3D30783737373131311F
:1003700031310070726F70627732303267706F3D6A
:1003800030786464006F66646D64696766696C7474
:10039000747970653D3138006F66646D64696766B5
:1003A000696C747479706562653D31380070617094
:1003B000646D6F64653D31007061706476616C6975
:1003C00064746573743D3100706163616C69647855
:1003D00032673D343500706170646570736F6666B6
:1003E0007365743D2D33300070617064656E6469AF
:1003F00064783D3538006C746563786D75783D3090
:10040000006C746563787061646E756D3D30783032
:10041000313032006C74656378666E73656C3D30A4
:10042000783434006C746563786763696770696FEA
:100430003D3078303100696C306D616361646472A5
:100440003D30303A39303A34633A63353A31323AF2
:10045000333800776C3069643D3078343331620072
:10046000646561646D616E5F746F3D307866666669
:100470006666666666006D7578656E61623D3078A9
:100480003130300073707572636F6E6669673D302E
:10049000783300676C697463685F62617365645F79
:1004A0006372736D696E3D31006274635F6D6F647A
:1004B000653D3100000000000050F2010000000026
:1004C000636F756E74727900000000006375725F6F
:1004D0006574686572616464720000000000000069
:1004E00000000000636C6D6C6F6164000000000030
:1004F000636C6D6C6F61645F73746174757300001D
:100500000000000000A050B5595E00006273730047
:10051000000000006D61786173736F63000000007C
:1005200063636770696F696E00000000010000007E
:10053000FFFFFFFFFEFFFFFFFDFFFFFF688D0110C4
:10054000748D0110000000007C8D0110000000007F
:1005500000000000848D0110908D0110000000004B
:100560000000000000000000988D0110A48D011013
:10057000000000000000000000000000B48D011029
:10058000000000000000000000000000000000006B
:10059000000000000000000000000000000000005B
:1005A000000000000000000000000000000000004B
:1005B000000000000000000000000000000000003B
:1005C000000000000000000000000000000000002B
:1005D000000000000000000000000000000000001B
:1005E000000000000000000000000000000000000B
:1005F00000000000BC8D01100000000000000000A1
:1006000000000000000000000000000000000000EA
:1006100000000000000000000000000000000000DA
:1006200000000000000000000000000000000000CA
:1006300000000000000000000000000000000000BA
:1006400000000000000000000000000000000000AA
:10065000C48D011000000000000000000000000038
:10066000000000000000000000000000000000008A
:10067000000000000000000000000000D48D011008
:10068000000000000000000000000000000000006A
:100690000000000000000000E88D0110F88D01103E
:1006A00002000000DD610110E9630110C563011063
:1006B000D1620110C5640110896401104D640110FC
:1006C000116401100562011000000000B163011007
:1006D000A96301100D63011000202020202020209C
:1006E00020202828282828202020202020202020E2
:1006F00020202020202020202088101010101010F2
:10070000101010101010101010040404040404043D
:1007100004040410101010101010414141414141D7
:1007200001010101010101010101010101010101B9
:1007300001010101101010101010424242424242C9
:100740000202020202020202020202020202020289
:100750000202020210101010200000000000000031
:100760000000000000000000000000000000000089
:100770000000000000000000000000000000000079
:100780000000000000000000000000000000000069
:100790000000000000000000000000000000000059
:1007A0000000000000000000000000000000000049
:1007B0000000000000000000000000000000000039
:1007C0000000000000000000000000000000000029
:0C07D0000000000000000000000000001D
:0807DC007462FC7F01000000C3
:1007E400788E0110848E0110908E01109C8E011061
:1007F400A88E0110B48E0110C08E0110CC8E011091
:040804001890011037
:10080800F8B50027044616461D4608E0C1E88F7F64
:100818008EF310883046294601F002FBF8B92168AA
:10082800EFF3108E72B6D1E8CF2F0123002AFAD148
:10083800C1E8423F002AF6D1BFF35F8FB4F904C084
:100848002168BCF1000FE1DD0CF1FF3C0023A4F8A6
:1008580004C0C1E88F3F8EF310880120F8BD002046
:10086800F8BD00BF0368EFF3108272B6D3E8CFCFAC
:100878000121BCF1000FF9D1C3E84C1FBCF1000FF6
:10088800F4D1BFF35F8FB0F90430B0F906C0016846
:100898009C450ADD01334FF0000C8380C1E88FCFFF
:1008A80082F3108840BF012070470020C1E88F0FF5
:1008B80082F31088704700BF4FF0504310B50268AC
:1008C80093F90040EFF3108372B6D2E8CFCF01213D
:1008D800BCF1000FF9D1C2E84C1FBCF1000FF4D1F4
:1008E800BFF35F8F90F90420944229D04FF0000C99
:1008F80019E0C1E88FCF83F3108820BF0268EFF3B7
:10090800108372B6D2E8CFEF0121BEF1000FF9D102
:10091800C2E84E1FBEF1000FF4D1BFF35F8F90F90C
:100928000420A2420CD0002A0168E2DA427904715C
:10093800013242710022C1E88F2F83F3108810BD65
:100948000168F3E7034600B50268EFF3108C72B64E
:10095800D2E8CFEF0120BEF1000FF9D1C2E84E0F67
:10096800BEF1000FF4D1BFF35F8F93F90420002A82
:100978000ADB01B10A60002000221B68C3E88F2F40
:100988008CF310885DF804FB4FF050421268012088
:100998001A71F1E74FF05042034692F900C010B5C2
:1009A8000268EFF3108E72B6D2E8CF4F0120002C08
:1009B800FAD1C2E8440F002CF6D1BFF35F8F93F948
:1009C8000420002A05DB624503D001B10A6000203B
:1009D80005E001205A7983F804C002445A710022C4
:1009E8001B68C3E88F2F8EF3108810BD4FF050415D
:1009F8002DE9F0410027044616461D46D1F800802F
:100A080008E0C1E88F7F8CF310883046294601F052
:100A180007FAE8B92168EFF3108C72B6D1E8CF2F46
:100A28000123002AFAD1C1E8423F002AF6D1BFF3D8
:100A38005F8F94F904302168002BE2DA002384F8F0
:100A48000480C1E88F3F8CF310880120BDE8F08155
:100A58000020BDE8F08100BF30B50468EFF3108CCA
:100A680072B6D4E8CFEF0125BEF1000FF9D1C4E882
:100A78004E5FBEF1000FF4D1BFF35F8F90F90440D1
:100A88000568002C10DB0021C5E88F1F8CF3108847
:100A98004FF0504595F90050A54201D1084630BDA8
:100AA800BDE83040FFF7A2BF4FF050421268002364
:100AB8000271C5E88F3F8CF31088012030BD00BF5C
:100AC80070B505460C4601F0A3F902460B464FF4F3
:100AD8007A704FF0FF3E6FF0004CE4FB0023964520
:100AE8007CEB030138BF72462846BDE8704038BF2A
:100AF8006346FFF77BBF00BF0368EFF3108272B64F
:100B0800D3E8CFCF0121BCF1000FF9D1C3E84C1FC6
:100B1800BCF1000FF4D1BFF35F8F4FF0FF0C00233F
:100B2800016880F804C0C1E88F3F82F3108840BF95
:100B3800704700BF0368EFF3108272B6D3E8CFCFD7
:100B48000121BCF1000FF9D1C3E84C1FBCF1000F23
:100B5800F4D1BFF35F8F43790168013BDBB2437186
:100B68004BB94FF0FF0C80F804C0C1E88F3F82F307
:100B7800108840BF70470023C1E88F3F82F3108878
:100B8800704700BF002108B5134B4FF4707299608D
:100B98001248D960196159619961D961196259621C
:100BA8009962D962196359639963D963196459645D
:100BB8009964D964196559659965D965196659663D
:100BC8009966D966196759679967D96701F024F951
:100BD800034B044A1A6008BD00001050B8320020C8
:100BE80040D00020800110502DE9F04F1F4B85B0F8
:100BF800D3F858A0BAF1000F22D0002401254FF4F1
:100C0800E069DFF870801A4F01E0202C18D00AEA5A
:100C18000502611C2346AB46CCB26D00002AF4D015
:100C280004F0010203F0FE06164407EB46163046B0
:100C3800C8F858B000F00AFC28B93AEA0B0AE4D11F
:100C480005B0BDE8F08F00238DF80930B37801A80E
:100C58008DF80830F38A0121ADF80490039300F071
:100C680013FC304600F098FBE7E700BF0000115086
:100C78007832002000301150F0B5BB4B85B0D3F866
:100C8800985015F4003674D0B84BB94C996A94F85A
:100C98003B30B84A022B116000F0D480002694F84B
:100CA8007B30022B00F03B8194F8BB30022B00F024
:100CB8007D8194F8FB30022B00F06C8194F83B3175
:100CC800022B00F0448194F87B31022B00F0338131
:100CD80094F8BB31022B00F0B68194F8FB31022B5B
:100CE80000F0A68194F83B32022B00F0968194F82C
:100CF8007B32022B00F0868194F8BB32022B00F085
:100D0800768194F8FB32022B00F0668194F83B332D
:100D1800022B00F0568194F87B33022B00F0A4805C
:100D280094F8BB33022B00F0998194F8FB33022B23
:100D380000F0B4803EB9904B1B7823B94FF40032D1
:100D48008E4BC3F890204FF44072874B01219B6C67
:100D580001A8C3F30A03ADF80420029300F094FB42
:100D6800EA064FF40036864C07D5FFF73DFF2646C6
:100D780003E0EA064FF01004F7D4EB0322D57C4CCD
:100D880046F48036A37E002B40F09980012394F826
:100D98003A20E370002A40F0AD8001234FF4C0618F
:100DA800784A84F82330ADF8041092E8030004AAC6
:100DB80002E90300194601A800F066FB4FF400326F
:100DC8006E4B1A65E90408D46A041DD42B042AD48E
:100DD800AE4240F0C58105B0F0BD0024624B46F438
:100DE80080561C60FFF7CEFE4FF48073012101A8E6
:100DF800ADF804308DF8084000F046FB4FF40022AF
:100E08005E4B1A656A04E1D54FF48063012101A89D
:100E1800ADF8043000F038FB1022584B46F48046F9
:100E28001A652B04D4D54FF4A063012101A8ADF8AD
:100E3800043000F029FB4FF40062504B46F40046A2
:100E48001A65C5E794F83A60002E3FF428AF94F885
:100E58003C30002B3FF423AF002304F1200084F83A
:100E68003C3000F0C1FA1AE794F87A73002F3FF487
:100E780057AF94F87C33002B40F0648194F8BB336F
:100E8800022B40F0F48094F8BA33002B40F0EB804A
:100E980094F8FB33022B7FF456AF3E4694F8FA33AE
:100EA800002B3FF447AF94F8FC33002B3FF44BAFD3
:100EB8000023354884F8FC3300F096FA43E7022112
:100EC800324B294A1966536E9F07FCD54FF440529E
:100ED8000021274800F066FA254800F05DFA022252
:100EE800264B5A661A66012394F83A20E370002AC2
:100EF8003FF453AF254A1366A2F50052536ED80744
:100F0800FCD54FF440520021214800F04BFA20480C
:100F180000F042FA0122194B5A661A663DE794F826
:100F28007A70002F3FF4C0AE94F87C30002B40F06C
:100F380001813E46B8E694F87A71002F3FF4C8AEB6
:100F480094F87C31002B40F0ED803E46C0E694F8E2
:100F58003A71002F3FF4B7AE94F83C31002B40F0C3
:100F6800D9803E46AFE600BF0000115000000B409C
:100F78007832002070320020DCE000200030115070
:100F880010000200000010505836002000201150B8
:100F98009832002094F8FA70002F3FF48FAE94F83E
:100FA800FC30002B40F08E803E4687E694F8BA70FD
:100FB800002F3FF47EAE94F8BC30002B7AD13E4629
:100FC80077E694F83A73002F3FF4A5AE94F83C33D3
:100FD800002B57D13E469EE694F8FA72002F3FF454
:100FE80095AE94F8FC32002B5CD13E468EE694F820
:100FF800BA72002F3FF485AE94F8BC32002B49D169
:101008003E467EE694F87A72002F3FF475AE94F867
:101018007C32002B76D13E466EE694F83A72002F69
:101028003FF465AE94F83C32002B63D13E465EE651
:1010380094F8FA71002F3FF455AE94F8FC31002B68
:1010480050D13E464EE694F8BA71002F3FF445AEB3
:1010580094F8BC31002B3DD13E463EE694F8BA33B5
:10106800002B3FF462AE94F8BC33002B71D194F896
:10107800FB33022B7FF467AE94F8FA33002B3FF46E
:1010880062AE10E70023394884F83C333E4600F04E
:10109800ABF940E60023364884F8BC323E4600F0FF
:1010A800A3F92EE60023334884F8FC323E4600F0CC
:1010B8009BF92BE60023304884F8BC303E4600F00C
:1010C80093F9F6E500232D4884F8FC303E4600F0FD
:1010D8008BF9F3E500232A4884F8BC313E4600F03A
:1010E80083F9FAE50023274884F8FC313E4600F0EE
:1010F8007BF9F7E50023244884F83C323E4600F0AB
:1011080073F9F4E50023214884F87C323E4600F068
:101118006BF9F1E500231E4884F83C313E4600F0A7
:1011280063F9D0E500231B4884F87C313E4600F083
:101138005BF9CDE50023184884F87C303E4600F082
:1011480053F9B1E50023154884F87C3300F04CF9D5
:1011580094E60023124884F8BC3300F045F986E78A
:10116800104886EA050100F04FFE00BF98350020C0
:101178001835002058350020183300205833002037
:10118800183400205834002098340020D834002027
:1011980098330020D8330020D8320020D8350020DA
:1011A800183600202C7001102DE9F047848A058B31
:1011B800C278A54228BF2546171E18BF0127641B01
:1011C800467882F00102A4B20346C270848245F4D4
:1011D800806040EA4730A6BBD3E903266F1E02EBC6
:1011E800811E55B3052F98BF721C31D902EB811CA3
:1011F800721CACEB0204022C2AD932464FEA95093C
:101208004FEA890A06EB890852F8044B42454CF824
:10121800044BF9D15545A7EB0A070EEB0A040AD08F
:1012280016F829600EF829602FB15678012F6670DC
:1012380001D09278A2701E699C8A2E441E6140F4E7
:1012480000400CB940F4804001B10004BDE8F087CB
:101258000EF1FF3E2E4400E0013212F8014CB2427A
:101268000EF8014FF8D1E6E783680246186801B125
:10127800000C5378C0F30900002B3CD02DE9F04155
:10128800D2E90334461E03EB811E40B3052E3BD939
:1012980089014D1C1D44651B022D35D97346214615
:1012A80000F47F774FEA9008FD1853F804CBAB425F
:1012B80041F804CBF9D1B842A6EB070604EB0703C3
:1012C8000EEB07010AD01EF8285004F828502EB15A
:1012D8004C78012E5C7001D0897899701469D38A92
:1012E80004440344D382138B1461834284BF0023D4
:1012F8009382BDE8F081D38A0344D382138B83425F
:1013080084BF002393827047013C0EEB00011EF856
:10131800013B714504F8013FF9D1DFE710B50446F8
:10132800836800211B68FFF79FFF63681B685B00E9
:1013380002D5238B834200D010BD2046BDE8104063
:101348000121FFF791BF00BF084B1B6C13F002038C
:1013580002D18278D20901D100207047C07EA0F165
:101368000200B0FA80F04009704700BF0000115039
:1013780008B5FFF7E9FF50B1054A064B906A1B68AC
:10138800A0F54870C01AC6288CBF0020012008BDEF
:1013980000000B40703200200023C0E9043383763C
:1013A800704700BF10B5836809B11C68214082B13D
:1013B800114352050DD51A6854050CD4084A21F476
:1013C80080641C60126C920703D40C23033BFDD28B
:1013D8008368196010BD8178024800F015FD00BFD0
:1013E800000011504070011030B54368002183B0EF
:1013F80004461D68FFF7D8FE134B40F48052196C61
:10140800A37889070ED55B060ED025F0A04545F0D8
:1014180000550021204663681D6003B0BDE83040D8
:10142800FFF7C0BFDB09F0D0A38A002BEDD0012164
:1014380020460192FFF7B8FE019A25F000550243B5
:1014480045F0A045E5E700BF0000115038B5857E9E
:10145800044695B1FFF762FFA38A0BB9284638BD49
:101468002046FFF785FF20B1012323770025284672
:1014780038BD2046FFF7B8FFF8E78178014800F04B
:10148800C3FC00BF607001102DE9F043437881462A
:10149800023B0D4685B0042B13D8DFE803F0034A5E
:1014A8006A73440000217B4B1A7822F001021A70FB
:1014B8001A7822F002021A7059701A7861F38202BF
:1014C8001A70754B1C686369EFF3108272B6D3E823
:1014D800CF0F01210028FAD1C3E8401F0028F6D118
:1014E800BFF35F8FA2614946204600F089FC0023C4
:1014F8006269C2E88F3FA36983F3108848B94FF047
:10150800E023D3F8F03DDB070AD500BE05B0BDE8FF
:10151800F0832A4699F8011099F8000000F084FC3D
:1015280005B0BDE8F0835D4A13780133DBB2137070
:10153800C7E700245A4E23463178DFF86C81594FAB
:1015480011E03B6813EB441307D0DB692BB1D9F8E2
:10155800041099F80000984731780134E4B24A1C25
:10156800A242234617DBA142EBD85B1A08EB4313D0
:10157800EBE7484B1A78D607D2D51A7842F004021E
:101588001A709EE7434B1A78D407C9D51A7822F007
:1015980004021A7095E73F4C237858073AD4E37849
:1015A800DA07BDD5032300263B4A99F800101468D2
:1015B800D9F804208DF804108DF805306369CDF84A
:1015C8000660CDF80A60ADF80E600292EFF3108263
:1015D80072B6D3E8CF0F01210028FAD1C3E8401F23
:1015E8000028F6D1BFF35F8F2046A26101A900F061
:1015F80007FC6369C3E88F6FA36983F31088002829
:101608003FF47DAF2A469DF805109DF8040000F0D0
:101618000BFC85E72378002723F0040323700523B8
:101628001D4A8DF80530166899F80020ADF80E703F
:101638008DF804207369CDF80670CDF80A70EFF3C1
:10164800108272B6D3E8CF0F01210028FAD1C3E87F
:10165800401F0028F6D1BFF35F8F3046B26101A961
:1016680000F0CEFB7369C3E88F7FB36983F31088FA
:1016780038B94FF0E023D3F8F03DD9078FD500BE35
:101688008DE72A469DF805109DF8040000F0CCFB74
:1016980085E700BF941E0020EC1E0020DDE000203E
:1016A800DBE00020C41C0020A490011082B0EFF3FE
:1016B800108272B60021114B1148DB6983F4004394
:1016C80003F44043C3610191019BB3F57A7F06DAC5
:1016D800019B01330193019BB3F57A7FF8DB4FF04F
:1016E8005040064B8068DB69054903F44043CB61F1
:1016F80082F31088C0F3C06002B070470000034056
:101708000010034081F0004102E000BF83F0004375
:1017180030B54FEA41044FEA430594EA050F08BF84
:1017280090EA020F1FBF54EA000C55EA020C7FEA48
:10173800645C7FEA655C00F0E2804FEA5454D4EBC5
:101748005555B8BF6D420CDD2C4480EA020281EA8F
:10175800030382EA000083EA010180EA020281EAC7
:101768000303362D88BF30BD11F0004F4FEA013119
:101778004FF4801C4CEA113102D0404261EB410128
:1017880013F0004F4FEA03334CEA133302D05242AE
:1017980063EB430394EA050F00F0A780A4F101046A
:1017A800D5F1200E0DDB02FA0EFC22FA05F28018A4
:1017B80041F1000103FA0EF2801843FA05F359418A
:1017C8000EE0A5F120050EF1200E012A03FA0EFC09
:1017D80028BF4CF0020C43FA05F3C01851EBE37133
:1017E80001F0004507D54FF0000EDCF1000C7EEB50
:1017F80000006EEB0101B1F5801F1BD3B1F5001F8E
:101808000CD349085FEA30004FEA3C0C04F10104AC
:101818004FEA445212F5800F80F09A80BCF1004FD5
:1018280008BF5FEA500C50F1000041EB045141EA57
:10183800050130BD5FEA4C0C404141EB0101013C20
:1018480028BFB1F5801FE9D291F0000F04BF01460F
:101858000020B1FA81F308BF2033A3F10B03B3F1E1
:1018680020020CDA0C3208DD02F1140CC2F10C0271
:1018780001FA0CF021FA02F10CE002F11402D8BFCF
:10188800C2F1200C01FA02F120FA0CFCDCBF41EA9B
:101898000C019040E41AA2BF01EB0451294330BD6A
:1018A8006FEA04041F3C1CDA0C340EDC04F1140447
:1018B800C4F1200220FA04F001FA02F340EA03001E
:1018C80021FA04F345EA030130BDC4F10C04C4F164
:1018D800200220FA02F001FA04F340EA0300294644
:1018E80030BD21FA04F0294630BD94F0000F83F48E
:1018F800801306BF81F480110134013D4EE77FEA71
:10190800645C18BF7FEA655C29D094EA050F08BFBC
:1019180090EA020F05D054EA000C04BF194610469D
:1019280030BD91EA030F1EBF0021002030BD5FEAE1
:10193800545C05D14000494128BF41F0004130BD09
:1019480014F580043CBF01F5801130BD01F000455D
:1019580045F0FE4141F470014FF0000030BD7FEAD0
:10196800645C1ABF194610467FEA655C1CBF0B46CB
:10197800024650EA013406BF52EA033591EA030FE2
:1019880041F4002130BD00BF90F0000F04BF0021DA
:10199800704730B54FF4806404F132044FF000050D
:1019A8004FF0000150E700BF90F0000F04BF002186
:1019B800704730B54FF4806404F1320410F00045EC
:1019C80048BF40424FF000013EE700BF42004FEAE7
:1019D800E2014FEA31014FEA02701FBF12F07F4364
:1019E80093F07F4F81F06051704732F07F4208BF1B
:1019F800704793F07F4F04BF41F40021704730B522
:101A08004FF4607401F0004521F000411CE700BF6D
:101A180050EA010208BF704730B54FF000050AE0F0
:101A280050EA010208BF704730B511F0004502D5F1
:101A3800404261EB41014FF4806404F132045FEAF3
:101A4800915C3FF4D8AE4FF003025FEADC0C18BF9C
:101A580003325FEADC0C18BF033202EBDC02C2F18E
:101A6800200300FA03FC20FA02F001FA03FE40EA20
:101A78000E0021FA02F11444BDE600BF53B94AB979
:101A8800002908BF00281CBF4FF0FF314FF0FF307E
:101A980000F0B2B9ADF1080C6DE904CE00F006F81B
:101AA800DDF804E0DDE9022304B070472DE9F04FCA
:101AB8008C46099E04460F46002B48D18A4215469B
:101AC8005ED9B2FA82F33BB1C3F120029F409D4038
:101AD8009C4020FA02F217434FEA154E1FFA85FC84
:101AE800220CB7FBFEF10EFB117701FB0CF042EA6A
:101AF8000742904207D9AA1801F1FF3702D2904253
:101B080000F258813946121AA4B2B2FBFEF00EFB5D
:101B1800102200FB0CFC44EA0244A4450BD92C1902
:101B280000F1FF322CBF01270027A44502D9002F5E
:101B380000F04381104640EA0140A4EB0C04002168
:101B48001EB1DC400023C6E90043BDE8F08F8B429C
:101B580006D90EB1C6E9000100210846BDE8F08F9C
:101B6800B3FA83F1002951D16345C0F0168182424E
:101B780040F213810846002EE7D0C6E90047E4E7A3
:101B8800002A00F0AF80B2FA82F3002B40F0C28046
:101B98008A1A4FEA154EAFB20121200CB2FBFEFCA7
:101BA8000EFB1C2240EA024207FB0CF090420ED9C1
:101BB800AA180CF1FF382CBF4FF001094FF00009AB
:101BC800904203D9B9F1000F00F0F080C446121A10
:101BD800A4B2B2FBFEF00EFB102200FB07F744EAAA
:101BE8000244A7420ED92C1900F1FF322CBF4FF046
:101BF800010E4FF0000EA74203D9BEF1000F00F00E
:101C0800D2801046E41B40EA0C4099E7C1F1200558
:101C18008B400CFA01F400FA01F922FA05F72CFAC4
:101C280005FC8A401F4320FA05F3380C23431FFAAA
:101C380087FE1C0CBCFBF0F800FB18CC44EA0C44F3
:101C480008FB0EFCA4450ED93C1908F1FF3A2CBF3D
:101C58004FF0010B4FF0000BA44503D9BBF1000F67
:101C680000F0B880D046A4EB0C041FFA83FCB4FB48
:101C7800F0F300FB134403FB0EFE4CEA0444A645B4
:101C88000ED93C1903F1FF302CBF4FF0010C4FF077
:101C9800000CA64503D9BCF1000F00F09F80034655
:101CA80043EA0840A4EB0E04A0FB02EC644573462B
:101CB800E04602D307D1F14505D2BEEB02036CEB37
:101CC800070C0138E0465EB1B9EB030264EB080487
:101CD80004FA05F522FA01F3CC401D43C6E9005485
:101CE800002132E742082F464B08AC4642EAC1724F
:101CF800AE46C407110C92B241EA034142EA0142DE
:101D0800B1FBF5F1B3FBF5F01F23A2EB0C0241EA9E
:101D1800004142E79D40C3F1200299409C402CFAC3
:101D280002FC4FEA154E20FA02F2AFB2BCFBFEF8F5
:101D38000A430EFB18CC110C41EA0C4108FB07FCC6
:101D48008C4550D9691808F1FF302CBF4FF00109B4
:101D58004FF000098C4502D9B9F1000F30D0A1EB42
:101D68000C01B1FBFEF808FB07FC0EFB181192B240
:101D780042EA0142624534D2AA1808F1FF312CBF69
:101D88004FF001094FF000096245BED2B9F1000FCA
:101D9800BBD1A8F102012A44B7E7841A6CEB03020D
:101DA80001201746E7E62C4402382BE7ACF1020C79
:101DB8002A440CE702392A44A5E62C440238BAE63C
:101DC800A5EB0C0CA8F102006144B1FBFEF808FB7E
:101DD80007FCCAE7A8F102083C4444E7023B3C443C
:101DE8005EE7414691E7A1EB0C014046B1FBFEF8E6
:101DF80008FB07FCB9E700BF704700BF0000000000
:101E08005FF800F0616100105FF800F069070010EA
:101E18005FF800F0511900105FF800F03569011003
:101E28005FF800F0491800105FF800F089470010CB
:101E3800E86E011000000000000000003C000000F7
:101E4800000000000000000000000000100000007A
:101E58000000000000000100000000000000000079
:101E68000000020000000000000000000000030065
:101E780000000000000000000000FF00000000005B
:101E880001B5486801318E46004770460938014956
:101E9800884701BD810E001000000000000000000E
:101EA800000000000000000000000000001A0020F0
:101EB800253F0010D13E0010493E0010B93D0010EA
:101EC8000000000000010000F01E002010000C00BF
:101ED80000000000000000000000000000000000FA
:101EE80000000000FF00000000000000257D001039
:101EF80000000000000000000000000000000000DA
:101F080000000000297D0010000000000000000013
:101F18006E19000000C000C0585800000000000002
:101F28008D5F0110000000000000000000000000AC
:101F380000000000F15E0110000000000000000039
:101F480000000000000000007018002000000000E1
:101F5800000000008C1B0020F41B00205C1C0020EB
:101F68000000000000000000000000000000000069
:101F78000000000000000000000000000000000059
:101F88000000000000000000000000000000000049
:101F98000000000000000000000000000000000039
:101FA8000000000000000000000000000000000029
:101FB8000000000000000000000000000000000019
:101FC8000000000000000000000000000000000009
:101FD80000000000000000000000000000000000F9
:101FE80000000000000000000100000000000000E8
:101FF8000E33CDAB34126DE6ECDE05000B000000AD
:1020080000000000000000000000000000000000C8
:1020180000000000000000000000000000000000B8
:1020280000000000000000000000000000000000A8
:102038000000000000000000000000000000000098
:102048000000000000000000000000000000000088
:102058000000000000000000000000000000000078
:102068000000000000000000000000000000000068
:102078000000000000000000000000000000000058
:102088000000000000000000000000000000000048
:08209800000000000000000040
:1020A000D3DEFFFFFE010000FF01000098E0FAFF11
:0420B000793512ABC1
:040000051000014D99
:00000001FF
